smiles,toxicity,aureus_MIC,ecoli_MIC
Cc1n[nH]nc1-c1cc2c(c(-c3c(Cl)cccc3Cl)c1)C(c1ccc(Cl)cc1)N(c1cc(Cl)cn(C3CC3)c1=O)C2=O,低毒,7.468751,9.91435
Cc1n[nH]nc1-c1cc2c(c(-c3c(Cl)cccc3Cl)c1)C(c1ccc(Cl)cc1)N(c1cc(Cl)cn(C3CC(F)(F)C3)c1=O)C2=O,低毒,6.958889,9.91435
Cc1n[nH]nc1-c1cc2c(cc1-c1c(Cl)cccc1Cl)C(c1ccc(Cl)cc1)N(c1cc(Cl)cn(C3CC(O)(CO)C3)c1=O)C2=O,低毒,7.8529835,8.960914
Cc1n[nH]nc1-c1cc2c(c(-c3c(Cl)cccc3Cl)c1)CN(c1cc(Cl)cn(C3CC(O)(CO)C3)c1=O)C2=O,低毒,5.2941203,8.335111
Cc1n[nH]nc1-c1cc2c(c(-c3c(Cl)cccc3Cl)c1)C(c1ccc(Cl)cc1)N(c1cc(Cl)cn(C3CC(O)=C(O)C3)c1=O)C2=O,低毒,6.3808517,8.960914
Cc1n[nH]nc1-c1cc2c(c(-c3c(Cl)cccc3Cl)c1)C(c1ccc(Cl)cc1)N(c1cc(Cl)cn(C3CC(OC(=O)O)C3)c1=O)C2=O,低毒,7.4282966,10.425424
Cc1n[nH]nc1-c1cc2c(c(-c3c(Cl)cccc3Cl)c1)C(c1ccc(Cl)cc1)N(c1cc(Cl)cn(C3CC(N(C)C)C3)c1=O)C2=O,低毒,11.314767,9.91435
Cc1n[nH]nc1-c1cc2c(c(-c3c(Cl)cccc3Cl)c1C)C(c1ccc(Cl)cc1)N(c1cc(Cl)cn(C3CC(O)=C(O)C3)c1=O)C2=O,低毒,7.4282966,8.960914
Cc1n[nH]nc1-c1cc2c(c(-c3c(Cl)cccc3Cl)c1)C(c1ccc(Cl)cc1)N(c1cc(Cl)cn(C3C=C(Cl)C(=O)C3)c1=O)C2=O,低毒,6.565807,9.674791
Cc1n[nH]nc1-c1cc2c(c(-c3c(Cl)cccc3Cl)c1)C(c1ccc(Cl)cc1)N(c1cc(Cl)cn(C3CC(O)C3O)c1=O)C2=O,低毒,6.3808517,8.960914
Cc1cc2cc(-c3n[nH]nc3C)cc-2c2c(c1-c1ccc(Oc3ccccc3)cc1)C(=O)N(c1cc(Cl)cn(C)c1=O)C2c1ccc(Cl)cc1,低毒,7.048923,6.7362556
Cc1n[nH]nc1-c1cc2c(cc1-c1cc(Cl)cc(Cl)c1)C(c1ccc(Cl)cc1)N(c1cc(Cl)cn(C3CC(O)(CO)C3)c1=O)C2=O,低毒,6.3808517,8.960914
Cc1n[nH]nc1-c1cc2c(c(-c3c(Cl)cccc3Cl)c1)C(c1ccc(Cl)cc1)N(c1cc(Cl)cn(C3CC(Cl)(Cl)C3)c1=O)C2=O,低毒,7.468751,9.91435
Cc1n[nH]nc1-c1cc2c(c(-c3c(Cl)cccc3Cl)c1)C(c1ccc(Cl)cc1)N(c1cc(Cl)cn(C3CCN(C)C3)c1=O)C2=O,低毒,11.314767,9.91435
Cc1n[nH]nc1-c1cc2c(c(-c3cc(Cl)cc(Cl)c3)c1)C(c1ccc(Cl)cc1)N(c1cc(Cl)cn(C3CC3)c1=O)C2=O,低毒,7.468751,9.91435
Cc1n[nH]nc1-c1cc2c(c(-c3c(Cl)ccc(C#N)c3Cl)c1)C(c1ccc(Cl)cc1)N(c1cc(Cl)cn(C3CC3)c1=O)C2=O,低毒,6.877346,9.91435
Cc1n[nH]nc1-c1cc2c(c(-c3c(Cl)ccc(Cl)c3Cl)c1)C(c1ccc(Cl)cc1)N(c1cc(Cl)cn(C3CC3)c1=O)C2=O,低毒,7.468751,9.91435
Cc1n[nH]nc1-c1cc2c(c(-c3c(Cl)cccc3Cl)c1)C(=O)N(c1cc(Cl)cn(C3CC(O)(CO)C3)c1=O)C2=O,低毒,4.923744,8.335111
Cc1n[nH]nc1-c1cc2c(c(-c3c(Cl)cccc3Cl)c1)C(c1ccc(Cl)cc1)N(c1cc(Cl)cn(C3C=C(I)C(=O)C3)c1=O)C2=O,低毒,6.565807,9.91435
Cc1n[nH]nc1-c1cc2c(c(-c3c(Cl)cccc3Cl)c1)C(c1ccc(Cl)cc1)N(c1cc(Cl)cn(C3(C)CC3)c1=O)C2=O,低毒,7.468751,9.91435
Cc1n[nH]nc1-c1cc2c(c(-c3c(Cl)cccc3Cl)c1)C(c1ccc(Cl)cc1)N(c1cc(Cl)cn(C3CC(O)(C(=O)NO)C3)c1=O)C2=O,低毒,6.3808517,8.960914
Cc1n[nH]nc1-c1cc2c(c(-c3c(Cl)cccc3Cl)c1)C(c1ccc(C#N)cc1)N(c1cc(Cl)cn(C3CC(O)(CO)C3)c1=O)C2,低毒,9.036046,9.912456
Cc1n[nH]nc1-c1cc2c(c(-c3c(Cl)ccc(Cl)c3Cl)c1)C(c1ccc(Cl)cc1)N(c1cc(Cl)cn(C3CC(N(C)C)C3)c1=O)C2=O,低毒,11.314767,9.91435
Cc1n[nH]nc1-c1cc2c(c(-c3c(Cl)cccc3Cl)c1)C(c1ccc(Cl)cc1)N(c1cc(Cl)cn(C3CCOCC3)c1=O)C2=O,低毒,11.314767,10.425424
Cc1n[nH]nc1-c1cc2c(c(-c3c(Cl)cccc3Cl)c1)C(c1ccc(C#N)cc1)N(c1cc(Cl)cn(C3CC(F)(F)C3)c1=O)C2=O,低毒,6.958889,9.91435
CC(O)=CC(=O)OC1CC(n2cc(Cl)cc(N3Cc4cc(-c5n[nH]nc5C)cc(-c5c(Cl)cccc5Cl)c4C3c3ccc(Cl)cc3)c2=O)CC1O,低毒,8.394659,11.733231
Cc1n[nH]nc1-c1cc2c(c(-c3c(Cl)ccc(Cl)c3Cl)c1)C(c1ccc(Cl)cc1)N(c1cc(Cl)cn(C3CC(F)(F)C3)c1=O)C2=O,低毒,6.958889,9.91435
Cc1n[nH]nc1-c1cc2c(c(-c3c(Cl)cccc3Cl)c1)C(c1ccc(Cl)cc1)N(c1cc(Cl)cn(C3COC(=O)C3)c1=O)C2=O,低毒,8.943379,10.425424
Cc1n[nH]nc1-c1cc2c(c(-c3c(Cl)cccc3Cl)c1)C(c1ccc(Cl)cc1)N(c1cc(Cl)cn(C3CC(O)=C(O)C3O)c1=O)C2=O,低毒,7.8529835,8.960914
Cc1n[nH]nc1-c1cc2c(c(-c3c(Cl)ccc(Cl)c3Cl)c1)C(c1ccc(Cl)cc1)N(c1cc(Cl)cn(C3C=C(Cl)C(=O)C3)c1=O)C2=O,低毒,6.565807,9.674791
Cc1n[nH]nc1-c1cc2c(c(-c3c(Cl)cccc3Cl)c1)C(c1ccc(Cl)cc1)N(c1cc(Cl)cn(C3COC(C)(C)C3)c1=O)C2=O,低毒,11.314767,10.425424
Cc1n[nH]nc1-c1cc2c(c(-c3c(Cl)cccc3Cl)c1)C(c1ccc(Cl)cc1)N(c1cc(Cl)cn(C3CC(O)(CNCCO)C3)c1=O)C2=O,低毒,7.6477833,8.960914
Cc1n[nH]nc1-c1cc2c(c(-c3c(Cl)cccc3Cl)c1)C(c1ccc(Cl)cc1)N(c1cc(Cl)cn(C3COC(O)C3O)c1=O)C2=O,低毒,7.4282966,10.425424
Cc1n[nH]nc1-c1cc2c(c(-c3c(Cl)cccc3Cl)c1)C(c1ccc(Cl)cc1)N(c1cc(Cl)cn(C3CC(O)(O)C3)c1=O)C2=O,低毒,6.3808517,8.960914
Cc1n[nH]nc1-c1cc2c(c(-c3c(Cl)cccc3Cl)c1)C(c1ccc(Cl)cc1)N(c1cc(Cl)cn(C3CCOC3)c1=O)C2=O,低毒,11.314767,10.425424
Cc1n[nH]nc1-c1cc2c(c(-c3c(Cl)cccc3Cl)c1)C(c1ccc(Cl)cc1)N(c1cc(C(=O)O)cn(C3CC3)c1=O)C2,低毒,5.0862126,7.815858
Cc1n[nH]nc1-c1cc2c(c(-c3c(Cl)cccc3Cl)c1)C(c1ccc(Cl)cc1)N(c1cc(Cl)cn(C3CC(O)(CN4CCCC4)C3)c1=O)C2=O,低毒,11.64802,8.519041
Cc1n[nH]nc1-c1cc2c(c(-c3c(Cl)ccc(Cl)c3Cl)c1)C(c1ccc(Cl)cc1)N(c1cc(Cl)cn(C3CC(O)=C(O)C3)c1=O)C2=O,低毒,6.3808517,8.960914
Cc1n[nH]nc1-c1cc2c(c(-c3c(Cl)cccc3Cl)c1)C(c1ccc(Cl)cc1)N(c1cc(Cl)cn(C3(CO)CC(O)C3)c1=O)C2=O,低毒,6.3808517,8.960914
Cc1n[nH]nc1-c1cc2c(c(-c3c(Cl)cccc3Cl)c1)C(c1ccc(Cl)cc1)N(c1cc(Cl)cn(C3CC(OCC(=O)O)C3)c1=O)C2=O,低毒,7.4282966,10.425424
Cc1n[nH]nc1-c1cc2c(c(-c3c(Cl)cc(Cl)cc3Cl)c1)C(c1ccc(Cl)cc1)N(c1cc(Cl)cn(C3CC(O)=C(O)C3)c1=O)C2=O,低毒,6.3808517,8.960914
Cc1n[nH]nc1-c1cc2c(c(-c3c(Cl)cccc3Cl)c1)C(c1ccc(Cl)cc1)N(c1cc(Cl)cn(C3CC(O)C(=O)N3)c1=O)C2=O,低毒,10.454071,9.256967
Cc1n[nH]nc1-c1cc2c(c(-c3c(Cl)cccc3Cl)c1)C(c1ccc(Cl)cc1)N(c1cc(Cl)cn(C3CC(O)(CN4CCOCC4)C3)c1=O)C2=O,低毒,11.64802,9.173887
Cc1n[nH]nc1-c1cc2c(c(-c3c(Cl)cccc3Cl)c1)C(c1ccc(Cl)cc1)N(c1cc(Cl)cn(C3CC(OC(=O)CO)C3)c1=O)C2=O,低毒,7.4282966,10.425424
Cc1n[nH]nc1-c1cc2c(c(-c3c(Cl)cccc3Cl)c1)C(c1ccc(Cl)cc1)N(c1cc(Cl)cn(C3CC(OCF)C3)c1=O)C2=O,低毒,11.314767,10.425424
Cc1n[nH]nc1-c1cc2c(c(-c3c(Cl)cccc3Cl)c1)C(c1ccc(Cl)cc1)N(c1cc(Cl)cn(C3CC3(F)F)c1=O)C2=O,低毒,6.958889,9.91435
Cc1n[nH]nc1-c1cc2c(c(-c3c(Cl)cccc3Cl)c1)C(c1ccc(Cl)cc1)N(c1cc(Cl)cn(C3CCN(C)CC3)c1=O)C2=O,低毒,11.314767,9.91435
Cc1n[nH]nc1-c1cc2c(cc1-c1c(Cl)cncc1Cl)C(c1ccc(Cl)cc1)N(c1cc(Cl)cn(C3CC(O)(CO)C3)c1=O)C2=O,低毒,7.8529835,8.960914
Cc1n[nH]nc1-c1cc2c(c(-c3c(Cl)cccc3Cl)c1)C(c1ccc(Cl)cc1)N(c1cc(Cl)cn(C3CC3CN(C)C)c1=O)C2=O,低毒,11.314767,9.674791
Cc1n[nH]nc1-c1cc2c(c(-c3c(Cl)cc(C#N)c4ccnc(Cl)c34)c1)C(c1ccc(Cl)cc1)N(c1cc(Cl)cn(C3CC(O)C(O)C3)c1=O)C2,低毒,7.277522,9.719319
Cc1n[nH]nc1-c1cc(C(F)(F)F)c(OC2CC(C)(O)C(O)C(O)C2O)c2cc(-c3ncc(Cl)cc3Cl)c(-c3ccncc3)cc12,低毒,3.8786194,11.795434
Cc1n[nH]nc1-c1cc2c(c(-c3c(Cl)cccc3Cl)c1)C(c1ccc(Br)cc1)N(c1cc(Cl)cn(C3CCN(C)C3)c1=O)C2=O,低毒,11.314767,9.91435
Cc1n[nH]nc1-c1cc2c(c(-c3c(Cl)ccc(Cl)c3Cl)c1)C(c1ccc(Cl)cc1)N(c1cc(Cl)cn(C3COC(=O)C3)c1=O)C2=O,低毒,8.943379,10.425424
Cc1n[nH]nc1-c1cc2c(c(-c3c(Cl)cccc3Cl)c1)C(c1ccc(Cl)cc1)N(c1cc(Cl)cn(C3CC(C)N(C4CC4)C3)c1=O)C2=O,低毒,11.314767,9.674791
Cc1n[nH]nc1-c1cc2c(c(-c3c(Cl)cccc3Cl)c1)C(c1ccc(Cl)cc1)N(c1cc(Cl)cn(C3CC(O)(C(=O)NC(C)C)C3)c1=O)C2=O,低毒,6.3808517,8.960914
Cc1n[nH]nc1-c1cc2c(c(-c3c(Cl)cccc3Cl)c1)C(c1ccc(Cl)cc1)N(c1cc(Cl)cn(C3CC(O)OC(O)C3)c1=O)C2=O,低毒,7.4282966,10.425424
Cc1n[nH]nc1-c1cc2c(c(-c3c(Cl)cccc3Cl)c1)C(c1ccc(Cl)cc1)N(c1cc(Cl)cn(C3CC(O)(CNC(=O)CO)C3)c1=O)C2=O,低毒,7.6477833,8.960914
Cc1n[nH]nc1-c1cc2c(c(-c3c(Cl)cccc3Cl)c1)C(c1ccc(Cl)cc1)N(c1cc(Cl)cn(C3CC(O)C(O)N3)c1=O)C2=O,低毒,6.0494337,8.2014885
Cc1n[nH]nc1-c1cc2c(c(-c3c(Cl)cncc3Cl)c1)C(c1ccc(Cl)cc1)N(c1cc(Cl)cn(C3CC3)c1=O)C2=O,低毒,7.468751,9.91435
Cc1n[nH]nc1-c1cc2c(c(-c3c(Cl)cccc3Cl)c1)C(c1ccc(Cl)cc1)N(c1cc(Cl)cn(C3(C)CCOC3)c1=O)C2=O,低毒,11.314767,10.425424
Cc1n[nH]nc1-c1cc2c(c(-c3c(Cl)ccc(Cl)c3Cl)c1)C(c1ccc(Cl)cc1)N(c1cc(Cl)cn(C3CCOCC3)c1=O)C2=O,低毒,11.314767,10.425424
Cc1n[nH]nc1-c1cc2c(c(-c3c(Cl)cccc3Cl)c1)C(c1ccc(C#N)cc1)N(c1cc(Cl)cn(C3CC(O)(C(=O)O)C3)c1=O)C2,低毒,9.036046,9.912456
