SMILES,MIC,logMIC,is_active_<25,scaffold
C/C(C(N=N1)=CN1CC2=CC(C(C)(C)C)=CC(C(C)(C)C)=C2)=N/NC(N)=[NH2+],4.0,0.6020599913279624,1,c1ccc(Cn2ccnn2)cc1
O=C(N(C1=C2C=CC=C1)CC3=CN(N=N3)C4=CC=CC=C4)OC2=O,80.0,1.9030899869919435,0,O=c1oc(=O)n(Cc2cn(-c3ccccc3)nn2)c2ccccc12
O=C(N(C1=C2C=CC=C1)CC3=CN(N=N3)C4=CC=C(C)C=C4)OC2=O,76.82,1.8854743028291574,0,O=c1oc(=O)n(Cc2cn(-c3ccccc3)nn2)c2ccccc12
O=C(OC1=O)N(CC2=CN(C3=CC=C(C=C3)OC)N=N2)C4=C1C=CC=C4,301.0,2.4785664955938436,0,O=c1oc(=O)n(Cc2cn(-c3ccccc3)nn2)c2ccccc12
O=C(OC1=O)N(CC2=CN(C3=C(Cl)C=CC=C3)N=N2)C4=C1C=CC=C4,74.865,1.8742788289218035,0,O=c1oc(=O)n(Cc2cn(-c3ccccc3)nn2)c2ccccc12
O=C(N(C1=C2C=CC=C1)CC3=CN(N=N3)C4=CC(Cl)=CC=C4)OC2=O,149.73,2.175308824585785,0,O=c1oc(=O)n(Cc2cn(-c3ccccc3)nn2)c2ccccc12
O=C(N(C1=C2C=CC=C1)CC3=CN(N=N3)C4=CC(Cl)=C(Cl)C=C4Cl)OC2=O,124.555,2.0953611660662173,0,O=c1oc(=O)n(Cc2cn(-c3ccccc3)nn2)c2ccccc12
O=C(OC1=O)N(CC2=CN(C3=CC=C(C(Cl)=C3)Cl)N=N2)C4=C1C=CC=C4,137.55,2.1384605947257023,0,O=c1oc(=O)n(Cc2cn(-c3ccccc3)nn2)c2ccccc12
O=C(N(C1=C2C=CC=C1)CC3=CN(N=N3)C4=CC=CC([N+]([O-])=O)=C4)OC2=O,146.0,2.164352855784437,0,O=c1oc(=O)n(Cc2cn(-c3ccccc3)nn2)c2ccccc12
O=C(OC1=O)N(CC2=CN(C3=CC=C([N+]([O-])=O)C=C3)N=N2)C4=C1C=CC=C4,146.0,2.164352855784437,0,O=c1oc(=O)n(Cc2cn(-c3ccccc3)nn2)c2ccccc12
O=C(NC1=O)C2=C(C=CC=C2)N1CC3=CN=NN3C4=CC=CC=C4,163.2,2.2127201544178425,0,O=c1[nH]c(=O)n(Cc2cnnn2-c2ccccc2)c2ccccc12
O=C(N(C1=C2C=CC=C1)CC3=CN=NN3C4=CC=C(C)C=C4)NC2=O,156.98,2.195844324747282,0,O=c1[nH]c(=O)n(Cc2cnnn2-c2ccccc2)c2ccccc12
O=C(NC1=O)N(CC2=CN(C3=CC=C(C=C3)OC)N=N2)C4=C1C=CC=C4,150.5,2.1775364999298623,0,O=c1[nH]c(=O)n(Cc2cn(-c3ccccc3)nn2)c2ccccc12
O=C(N(C1=C2C=CC=C1)CC3=CN(N=N3)C4=C(C=CC=C4)Cl)NC2=O,149.73,2.175308824585785,0,O=c1[nH]c(=O)n(Cc2cn(-c3ccccc3)nn2)c2ccccc12
O=C(N(C1=C2C=CC=C1)CC3=CN(N=N3)C4=CC(Cl)=CC=C4)NC2=O,149.73,2.175308824585785,0,O=c1[nH]c(=O)n(Cc2cn(-c3ccccc3)nn2)c2ccccc12
O=C(N(C1=C2C=CC=C1)CC3=CN(N=N3)C4=CC(Cl)=C(Cl)C=C4Cl)NC2=O,249.11,2.3963911617301985,0,O=c1[nH]c(=O)n(Cc2cn(-c3ccccc3)nn2)c2ccccc12
O=C(N(C1=C2C=CC=C1)CC3=CN(N=N3)C4=CC=C(Cl)C=C4)NC2=O,181.23,2.258230090449129,0,O=c1[nH]c(=O)n(Cc2cn(-c3ccccc3)nn2)c2ccccc12
CC(NC1=CC=CC(OCC2=CN(CC3=CC=CC=C3)N=N2)=C1)=O,50.0,1.6989700043360187,0,c1ccc(Cn2cc(COc3ccccc3)nn2)cc1
CC(NC1=CC=CC(OCC2=CN(CC3=CC=CC=C3F)N=N2)=C1)=O,999.42,2.999748036123907,0,c1ccc(Cn2cc(COc3ccccc3)nn2)cc1
CC(NC1=CC=CC(OCC2=CN(CC3=CC=CC(F)=C3)N=N2)=C1)=O,999.42,2.999748036123907,0,c1ccc(Cn2cc(COc3ccccc3)nn2)cc1
CC(NC1=CC=CC(OCC2=CN(CC3=CC=C(F)C=C3)N=N2)=C1)=O,999.42,2.999748036123907,0,c1ccc(Cn2cc(COc3ccccc3)nn2)cc1
CC(NC1=CC=CC(OCC2=CN(CC3=CC=C(Cl)C=C3Cl)N=N2)=C1)=O,997.63,2.998969500453003,0,c1ccc(Cn2cc(COc3ccccc3)nn2)cc1
CC(NC1=CC=CC(OCC2=CN(CC3=CC=C(Cl)C(Cl)=C3)N=N2)=C1)=O,997.63,2.998969500453003,0,c1ccc(Cn2cc(COc3ccccc3)nn2)cc1
O=P(O)(C[C@H](C(OCC)=O)OCC1=CN(CCCCCCCCCCCC)N=N1)OCCCNCC(C=C2)=CC=C2C3=CC=CC=C3,4.221,0.6254153521544081,1,O=[PH](CCOCc1c[nH]nn1)OCCCNCc1ccc(-c2ccccc2)cc1
O=C(OCC)[C@H](OCC1=CN(CCCCCCCCCCCC)N=N1)CP(OCCCNCC2=CC=C3C=CC=CC3=C2)(O)=O,4.0572,0.6082264168133938,1,O=[PH](CCOCc1c[nH]nn1)OCCCNCc1ccc2ccccc2c1
O=P(O)(C[C@H](C(OCC)=O)OCC1=CN(CCCCCCCCCCCC)N=N1)OCCCN(C)CC(C=C2)=CC=C2C3=CC=CC=C3,4.3092,0.6343966511736979,1,O=[PH](CCOCc1c[nH]nn1)OCCCNCc1ccc(-c2ccccc2)cc1
O=P(O)(C[C@H](C(OCC)=O)OCC1=CN(CCCCCCCCCCCC)N=N1)OCCCN(CC2=CC=C(C3=CC=CC=C3)C=C2)CC(C=C4)=CC=C4C5=CC=CC=C5,374.8,2.5737995822157407,0,O=[PH](CCOCc1c[nH]nn1)OCCCN(Cc1ccc(-c2ccccc2)cc1)Cc1ccc(-c2ccccc2)cc1
O=C(OCC1=CN(CC2=CC=CC=C2)N=N1)/C=C/C3=COC4=C(C=C(C)C=C4)C3=O,99.89712,1.9995529678442274,0,O=C(/C=C/c1coc2ccccc2c1=O)OCc1cn(Cc2ccccc2)nn1
O=C(OCC1=CN(CC2=CC=CC=C2F)N=N1)/C=C/C3=COC4=C(C=C(C)C=C4)C3=O,499.51085,2.6985449260834264,0,O=C(/C=C/c1coc2ccccc2c1=O)OCc1cn(Cc2ccccc2)nn1
O=C(OCC1=CN(CC2=CC=CC(F)=C2)N=N1)/C=C/C3=COC4=C(C=C(C)C=C4)C3=O,499.51085,2.6985449260834264,0,O=C(/C=C/c1coc2ccccc2c1=O)OCc1cn(Cc2ccccc2)nn1
O=C(OCC1=CN(CC2=CC=CC(Cl)=C2)N=N1)/C=C/C3=COC4=C(C=C(C)C=C4)C3=O,99.916765,1.999638364463431,0,O=C(/C=C/c1coc2ccccc2c1=O)OCc1cn(Cc2ccccc2)nn1
O=C(OCC1=CN(CC2=CC=C(Cl)C=C2)N=N1)/C=C/C3=COC4=C(C=C(C)C=C4)C3=O,99.916765,1.999638364463431,0,O=C(/C=C/c1coc2ccccc2c1=O)OCc1cn(Cc2ccccc2)nn1
O=C(OCC1=CN(CC2=CC=CC=C2C)N=N1)/C=C/C3=COC4=C(C=C(C)C=C4)C3=O,998.9382,2.9995386211297026,0,O=C(/C=C/c1coc2ccccc2c1=O)OCc1cn(Cc2ccccc2)nn1
O=C(OCC1=CN(CC2=CC=CC(C)=C2)N=N1)/C=C/C3=COC4=C(C=C(C)C=C4)C3=O,499.4691,2.6985086254657213,0,O=C(/C=C/c1coc2ccccc2c1=O)OCc1cn(Cc2ccccc2)nn1
O=C(OCC1=CN(CC2=CC=C(C)C=C2)N=N1)/C=C/C3=COC4=C(C=C(C)C=C4)C3=O,499.4691,2.6985086254657213,0,O=C(/C=C/c1coc2ccccc2c1=O)OCc1cn(Cc2ccccc2)nn1
O=C(OCC1=CN(CC2=CC=C(Cl)C=C2Cl)N=N1)/C=C/C3=COC4=C(C=C(C)C=C4)C3=O,49.9657,1.6986719760860518,0,O=C(/C=C/c1coc2ccccc2c1=O)OCc1cn(Cc2ccccc2)nn1
ClC1=NC2=CC=C(OC)C=C2C=C1COCC3=CN(CC(C4=CC=C(F)C=C4)=O)N=N3,12.5,1.0969100130080565,1,O=C(Cn1cc(COCc2cnc3ccccc3c2)nn1)c1ccccc1
ClC1=NC2=CC=C(OC)C=C2C=C1C(NCC3=CN(CC(C4=CC=C(OC)C=C4)=O)N=N3)=O,6.25,0.7958800173440752,1,O=C(Cn1cc(CNC(=O)c2cnc3ccccc3c2)nn1)c1ccccc1
ClC1=NC2=CC=C(OC)C=C2C=C1C(NCC3=CN(CC(C4=CC=C(F)C=C4)=O)N=N3)=O,6.25,0.7958800173440752,1,O=C(Cn1cc(CNC(=O)c2cnc3ccccc3c2)nn1)c1ccccc1
ClC1=NC2=CC=C(OC)C=C2C=C1C(NCC3=CN(CC(C4=CC=C([N+]([O-])=O)C=C4)=O)N=N3)=O,6.25,0.7958800173440752,1,O=C(Cn1cc(CNC(=O)c2cnc3ccccc3c2)nn1)c1ccccc1
ClC1=NC2=CC=C(OC)C=C2C=C1C(NCC3=CN(CC(C4=CC=CC=C4)=O)N=N3)=O,12.5,1.0969100130080565,1,O=C(Cn1cc(CNC(=O)c2cnc3ccccc3c2)nn1)c1ccccc1
C1(C2=CN(CC3=CN(CC4=CC=CC=C4)N=N3)C5=C2C=CC=C5)=NC6=CC=CC=C6N1,12.5,1.0969100130080565,1,c1ccc(Cn2cc(Cn3cc(-c4nc5ccccc5[nH]4)c4ccccc43)nn2)cc1
CN1CCN(N(C(=S)SCC2=CN(CCCN3C(=O)C4=CC=CC5=CC=CC(=C54)C3=O)N=N2)N2CCN(C)CC2)CC1,127.946,2.107026713004899,0,O=C1c2cccc3cccc(c23)C(=O)N1CCCn1cc(CSC(=S)N(N2CCNCC2)N2CCNCC2)nn1
CN(C)CCN1C(=O)C2=CC=CC3=C(N4C=C(CSC(=S)N(C5CCN(C)CC5)N5CCN(C)CC5)N=N4)C=CC(=C23)C1=O,63.928,1.805691117658475,0,O=C1NC(=O)c2ccc(-n3cc(CSC(=S)N(C4CCNCC4)N4CCNCC4)nn3)c3cccc1c23
S=C1N(CN2CCSCC2)N=C(C3=CC=CS3)N1C4=CC=C(F)C=C4,5.0,0.6989700043360189,1,S=c1n(CN2CCSCC2)nc(-c2cccs2)n1-c1ccccc1
S=C1N(CN2CCSCC2)N=C(C3=CC=CS3)N1C4=CC=C(F)C=C4Br,4.8,0.6812412373755872,1,S=c1n(CN2CCSCC2)nc(-c2cccs2)n1-c1ccccc1
S=C1N(CN2CCN(C)CC2)N=C(C3=CC=CS3)N1C4=CC=C(F)C=C4,3.2,0.505149978319906,1,S=c1n(CN2CCNCC2)nc(-c2cccs2)n1-c1ccccc1
FC1=CC(Br)=C(N2C(N(CN3CCN(C4=CC=CC=C4OC)CC3)N=C2C5=CC=CS5)=S)C=C1,2.1,0.3222192947339193,1,S=c1n(CN2CCN(c3ccccc3)CC2)nc(-c2cccs2)n1-c1ccccc1
S=C1N(N)C(C2=CC=CC=C2)=NN1,4302.0,3.633670406051444,0,S=c1[nH]nc(-c2ccccc2)[nH]1
S=C1N(/N=C/C2=CC=CC=C2)C(C3=CC=CC=C3)=NN1,2176.0,3.3376588910261424,0,S=c1[nH]nc(-c2ccccc2)n1/N=C/c1ccccc1
O=[N+]([O-])C1=CC=C(/C=N/N2C(=S)NN=C2C2=CC=CC=C2)C=C1,977.0,2.989894563718773,0,S=c1[nH]nc(-c2ccccc2)n1/N=C/c1ccccc1
S=C1N(C(C2=CC=CC=C2)=NN1)/N=C/C3=CC=CO3,1757.0,3.244771761495295,0,S=c1[nH]nc(-c2ccccc2)n1/N=C/c1ccco1
C#CCSC1N(C(C2=CC=CC=C2)=NN1)/N=C/C3=CC=CC=C3,1555.0,3.1917303933628562,0,C(=N/N1CNN=C1c1ccccc1)\c1ccccc1
C#CCSC1N(C(C2=CC=CC=C2)=NN1)/N=C/C3=CC=C(OC)C=C3,1039.0,3.0166155475571776,0,C(=N/N1CNN=C1c1ccccc1)\c1ccccc1
C#CCSC1N(C(C2=CC=CC=C2)=NN1)/N=C/C3=CC=C([N+]([O-])=O)C=C3,848.0,2.9283958522567137,0,C(=N/N1CNN=C1c1ccccc1)\c1ccccc1
C#CCSC1N(C(C2=CC=CC=C2)=NN1)/N=C/C3=CC=C[s]3,1279.0,3.106870544478654,0,C(=N/N1CNN=C1c1ccccc1)\c1cccs1
O=[N+](C(C=C1)=CC=C1N2N=NC(CSC3N(C(C4=CC=CC=C4)=NN3)/N=C/C5=CC=CC=C5)=C2)[O-],539.0,2.7315887651867388,0,C(=N/N1C(c2ccccc2)=NNC1SCc1cn(-c2ccccc2)nn1)\c1ccccc1
O=[N+](C1=CC=CC(N2N=NC(CSC3N(C(C4=CC=CC=C4)=NN3)/N=C/C5=CC=CC=C5)=C2)=C1)[O-],648.0,2.8115750058705933,0,C(=N/N1C(c2ccccc2)=NNC1SCc1cn(-c2ccccc2)nn1)\c1ccccc1
COC(C=C1)=CC=C1/C=N/N2C(SCC3=CN(C4=CC=C([N+]([O-])=O)C=C4)N=N3)NN=C2C5=CC=CC=C5,371.0,2.569373909615046,0,C(=N/N1C(c2ccccc2)=NNC1SCc1cn(-c2ccccc2)nn1)\c1ccccc1
COC(C=C1)=CC=C1/C=N/N2C(SCC3=CN(C4=CC([N+]([O-])=O)=CC=C4)N=N3)NN=C2C5=CC=CC=C5,658.0,2.8182258936139557,0,C(=N/N1C(c2ccccc2)=NNC1SCc1cn(-c2ccccc2)nn1)\c1ccccc1
O=[N+](C(C=C1)=CC=C1/C=N/N2C(SCC3=CN(C4=CC=C([N+]([O-])=O)C=C4)N=N3)NN=C2C5=CC=CC=C5)[O-],555.0,2.7442929831226763,0,C(=N/N1C(c2ccccc2)=NNC1SCc1cn(-c2ccccc2)nn1)\c1ccccc1
O=[N+](C(C=C1)=CC=C1/C=N/N2C(SCC3=CN(C4=CC([N+]([O-])=O)=CC=C4)N=N3)NN=C2C5=CC=CC=C5)[O-],569.0,2.7551122663950713,0,C(=N/N1C(c2ccccc2)=NNC1SCc1cn(-c2ccccc2)nn1)\c1ccccc1
S=C1NN=C(C2CC2)N1C1=CC=C(Cl)C=C1,125.0,2.0969100130080562,0,S=c1[nH]nc(C2CC2)n1-c1ccccc1
S=C1NN=C(C2CCCCC2)N1C1=CC=C(Cl)C=C1,62.5,1.7958800173440752,0,S=c1[nH]nc(C2CCCCC2)n1-c1ccccc1
S=C1N(CN2CCCC2)N=C(C3CCCC3)N1C4=CC=C(Cl)C=C4Cl,500.0,2.6989700043360187,0,S=c1n(CN2CCCC2)nc(C2CCCC2)n1-c1ccccc1
S=C1N(CN2CCN(CCO)CC2)N=C(C3CCCC3)N1C4=CC=C(Cl)C=C4Cl,1000.0,3.0,0,S=c1n(CN2CCNCC2)nc(C2CCCC2)n1-c1ccccc1
S=C1N(CN2CCNCC2)N=C(C3CCCCC3)N1C4=CC=C(Cl)C=C4,125.0,2.0969100130080562,0,S=c1n(CN2CCNCC2)nc(C2CCCCC2)n1-c1ccccc1
S=C1N(CN2CCCCC2)N=C(C3=CC=CN=C3)N1C4=CC=CC=C4,500.0,2.6989700043360187,0,S=c1n(CN2CCCCC2)nc(-c2cccnc2)n1-c1ccccc1
S=C1N(CN2CCN(C3=CC=CC=C3)CC2)N=C(C4=CC=CN=C4)N1C5=CC=CC=C5,500.0,2.6989700043360187,0,S=c1n(CN2CCN(c3ccccc3)CC2)nc(-c2cccnc2)n1-c1ccccc1
O=C(OC)C1=CC(C2=C1C=CC=C2)CCCC(N3/N=C/C4=CC=CO4)=NN=C3C5=CC=CC6=CC=CC=C65,64.0,1.806179973983887,0,C1=CC(CCCc2nnc(-c3cccc4ccccc34)n2/N=C/c2ccco2)c2ccccc21
CCN1C(SCC2=CC(=O)OC3=C(C)C=C(C)C=C23)=NN=C1C1=CC=CS1,2.5,0.3979400086720376,1,O=c1cc(CSc2nnc(-c3cccs3)[nH]2)c2ccccc2o1
O=[N+]([O-])C1=CC=C(CN2C=C(N=N2)COC3=CC4=C(C(C)=C3)C=CC(O4)=O)C=C1[H],8.0,0.9030899869919435,1,O=c1ccc2ccc(OCc3cn(Cc4ccccc4)nn3)cc2o1
[H]C1=CC=C(C=C1[N+]([O-])=O)CN2C=C(N=N2)COC3=CC4=C(C(C)=C3)C=CC(O4)=O,8.0,0.9030899869919435,1,O=c1ccc2ccc(OCc3cn(Cc4ccccc4)nn3)cc2o1
ClC1=CC=C(CN2C=C(N=N2)COC3=CC4=C(C(C)=C3)C=CC(O4)=O)C=C1[H],8.0,0.9030899869919435,1,O=c1ccc2ccc(OCc3cn(Cc4ccccc4)nn3)cc2o1
[H]C1=CC=C(CN2C=C(N=N2)COC3=CC4=C(C(C)=C3)C=CC(O4)=O)C=C1Cl,16.0,1.2041199826559248,1,O=c1ccc2ccc(OCc3cn(Cc4ccccc4)nn3)cc2o1
BrC1=CC=C(CN2C=C(N=N2)COC3=CC4=C(C(C)=C3)C=CC(O4)=O)C=C1[H],16.0,1.2041199826559248,1,O=c1ccc2ccc(OCc3cn(Cc4ccccc4)nn3)cc2o1
[H]C1=CC=C(C=C1[H])CN2C=C(N=N2)COC3=CC4=C(C(C)=C3)C=CC(O4)=O,8.0,0.9030899869919435,1,O=c1ccc2ccc(OCc3cn(Cc4ccccc4)nn3)cc2o1
[H]C1=CC(CN2C=C(N=N2)COC(C(C=CC=C3)=C3O4)=CC4=O)=CC=C1[N+]([O-])=O,8.0,0.9030899869919435,1,O=c1cc(OCc2cn(Cc3ccccc3)nn2)c2ccccc2o1
O=C1OC2=C(C=CC=C2)C(OCC(N=N3)=CN3CC4=CC=C([H])C([N+]([O-])=O)=C4)=C1,8.0,0.9030899869919435,1,O=c1cc(OCc2cn(Cc3ccccc3)nn2)c2ccccc2o1
O=C1OC2=C(C=CC=C2)C(OCC(N=N3)=CN3CC4=CC=C(Cl)C([H])=C4)=C1,16.0,1.2041199826559248,1,O=c1cc(OCc2cn(Cc3ccccc3)nn2)c2ccccc2o1
O=C1OC2=C(C=CC=C2)C(OCC(N=N3)=CN3CC4=CC=C([H])C(Cl)=C4)=C1,8.0,0.9030899869919435,1,O=c1cc(OCc2cn(Cc3ccccc3)nn2)c2ccccc2o1
O=C1OC2=C(C=CC=C2)C(OCC(N=N3)=CN3CC4=CC=C(Br)C([H])=C4)=C1,16.0,1.2041199826559248,1,O=c1cc(OCc2cn(Cc3ccccc3)nn2)c2ccccc2o1
CC(C(CC[C@@](C)(CCC[C@H](C)CCC[C@H](C)CCCC(C)C)O1)=C1C(C)=C2C)=C2OCC3=CN(N=N3)C4=C(C=CC=C5)C5=CC=C4,250.0,2.3979400086720375,0,c1ccc2c(-n3cc(COc4ccc5c(c4)CCCO5)nn3)cccc2c1
CC(C(CC[C@@](C)(CCC[C@H](C)CCC[C@H](C)CCCC(C)C)O1)=C1C(C)=C2C)=C2OCC3=CN(N=N3)C4=CC(SC=N5)=C5C=C4,650.0,2.8129133566428557,0,c1nc2ccc(-n3cc(COc4ccc5c(c4)CCCO5)nn3)cc2s1
CC(C(CC[C@@](C)(CCC[C@H](C)CCC[C@H](C)CCCC(C)C)O1)=C1C(C)=C2C)=C2OCC3=CN(N=N3)C4=CN=C(C=CC=C5)C5=C4,240.0,2.380211241711606,0,c1ccc2ncc(-n3cc(COc4ccc5c(c4)CCCO5)nn3)cc2c1
CC(C(CC[C@@](C)(CCC[C@H](C)CCC[C@H](C)CCCC(C)C)O1)=C1C(C)=C2C)=C2OCC3=CN(C4=NNC=C4)N=N3,190.0,2.278753600952829,0,c1cc(-n2cc(COc3ccc4c(c3)CCCO4)nn2)n[nH]1
NN1C(C2=CNC3=CC=CC=C23)=NN=C1SCCSC4=NN=C(C5=C(C=CC=C6)C6=CC=C5)O4,64.0,1.806179973983887,0,c1ccc2c(-c3nnc(SCCSc4nnc(-c5c[nH]c6ccccc56)[nH]4)o3)cccc2c1
SC1=NN=C(N1/N=C/C2=CC=C(Br)C=C2)C3=NC=CN=C3,50.0,1.6989700043360187,0,C(=N/n1cnnc1-c1cnccn1)\c1ccccc1
SC1=NN=C(N1/N=C/C2=CC=C(Cl)C=C2)C3=NC=CN=C3,50.0,1.6989700043360187,0,C(=N/n1cnnc1-c1cnccn1)\c1ccccc1
SC1=NN=C(N1/N=C/C2=CC=C(C)C=C2)C3=NC=CN=C3,25.0,1.3979400086720377,0,C(=N/n1cnnc1-c1cnccn1)\c1ccccc1
SC1=NN=C(N1/N=C/C2=CC=C(Cl)C=C2Cl)C3=NC=CN=C3,50.0,1.6989700043360187,0,C(=N/n1cnnc1-c1cnccn1)\c1ccccc1
SC1=NN=C(N1/N=C/C2=CC=C(OC)C(OC)=C2)C3=NC=CN=C3,12.5,1.0969100130080565,1,C(=N/n1cnnc1-c1cnccn1)\c1ccccc1
SC1=NN=C(N1/N=C/C2=CC(OC)=C(OC)C=C2OC)C3=NC=CN=C3,25.0,1.3979400086720377,0,C(=N/n1cnnc1-c1cnccn1)\c1ccccc1
SC1=NN=C(N1/N=C/C2=CC(OC)=C(OC)C(OC)=C2)C3=NC=CN=C3,12.5,1.0969100130080565,1,C(=N/n1cnnc1-c1cnccn1)\c1ccccc1
SC1=NN=C(N1/N=C/C2=CC=CC=C2OC)C3=NC=CN=C3,25.0,1.3979400086720377,0,C(=N/n1cnnc1-c1cnccn1)\c1ccccc1
SC1=NN=C(N1/N=C/C2=CC=CC=C2O)C3=NC=CN=C3,50.0,1.6989700043360187,0,C(=N/n1cnnc1-c1cnccn1)\c1ccccc1
SC1=NN=C(N1/N=C/C2=CC=C(O)C=C2)C3=NC=CN=C3,1.56,0.1931245983544616,1,C(=N/n1cnnc1-c1cnccn1)\c1ccccc1
SC1=NN=C(N1/N=C/C2=CC=C(O)C(O)=C2)C3=NC=CN=C3,25.0,1.3979400086720377,0,C(=N/n1cnnc1-c1cnccn1)\c1ccccc1
SC1=NN=C(N1/N=C/C=C/C2=CC=CC=C2)C3=NC=CN=C3,50.0,1.6989700043360187,0,C(=C/c1ccccc1)\C=N\n1cnnc1-c1cnccn1
C=C(CNN1C(=O)CSC1C1=CC=C(Br)C=C1)NN1C(C2=CC=NC=C2)=NNC1S,25.0,1.3979400086720377,0,C=C(CNN1C(=O)CSC1c1ccccc1)NN1CNN=C1c1ccncc1
O=C(CNN1C(=O)CSC1C1=CC=C(F)C=C1)NN1C(C2=CC=NC=C2)=NNC1S,3.125,0.494850021680094,1,O=C(CNN1C(=O)CSC1c1ccccc1)NN1CNN=C1c1ccncc1
O=C(CNN1C(=O)CS[C@H]1C1=CC=C(F)C=C1)NN1C(C2=CC=C(Cl)C=C2)=NN[C@@H]1S,6.25,0.7958800173440752,1,O=C(CNN1C(=O)CS[C@H]1c1ccccc1)NN1CNN=C1c1ccccc1
C[C@@H]1SC(C2=CC=C(Br)C=C2)C(NCC(=O)NN2C(C3=CC=C(Cl)C=C3)=NN[C@@H]2S)C1=O,12.5,1.0969100130080565,1,O=C(CNC1C(=O)CSC1c1ccccc1)NN1CNN=C1c1ccccc1
O=C(CNN1C(=O)CSC1C1=CC=CC=C1Cl)NN1C(C2=CC=NC=C2)=NNC1S,12.5,1.0969100130080565,1,O=C(CNN1C(=O)CSC1c1ccccc1)NN1CNN=C1c1ccncc1
O=C(O)C1=CN(C2CC2)C2=CC(N3CCNCC3)=C(F)C=C2C1=O,3.125,0.494850021680094,1,O=c1ccn(C2CC2)c2cc(N3CCNCC3)ccc12
O=C(CNN1C(=O)CSC1C1=C(Cl)C=CC=C1)NN1C(C2=CC=C([N+](=O)[O-])C=C2)=NN[C@@H]1S,6.25,0.7958800173440752,1,O=C(CNN1C(=O)CSC1c1ccccc1)NN1CNN=C1c1ccccc1
O=C1C(C(O)=O)=CN(C2=NC(N3C/C(C(C3)CN)=N\OC)=C(C=C12)F)C4CC4,12.5,1.0969100130080565,1,N=C1CCN(c2ccc3c(=O)ccn(C4CC4)c3n2)C1
S[C@@H]1N(NC(CNN2C(SCC2=O)C3=C(Cl)C=CC=C3)=O)C(C4=CC=C(Cl)C=C4)=NN1,25.0,1.3979400086720377,0,O=C(CNN1C(=O)CSC1c1ccccc1)NN1CNN=C1c1ccccc1
C[C@H]1COC2=C3C(=CC(F)=C2N2CCN(C)CC2)C(=O)C(C(=O)O)=CN31,12.5,1.0969100130080565,1,O=c1ccn2c3c(c(N4CCNCC4)ccc13)OCC2
CC1=NC=C([N+](=O)[O-])N1CCSC1=NN=C(C2=CC=NC=C2)N1C,738.0,2.8680563618230415,0,c1cc(-c2nnc(SCCn3ccnc3)[nH]2)ccn1
COC1=CC=C(N2C(SCCN3C([N+](=O)[O-])=CN=C3C)=NN=C2C2=CC=NC=C2)C=C1,188.0,2.27415784926368,0,c1ccc(-n2c(SCCn3ccnc3)nnc2-c2ccncc2)cc1
CC1=NC=C([N+](=O)[O-])N1CCSC1=NN=C(C2=CN=CC=C2)N1C1=C2C=CC=CC2=CC=C1,250.0,2.3979400086720375,0,c1cncc(-c2nnc(SCCn3ccnc3)n2-c2cccc3ccccc23)c1
[H]C1=C([H])C([H])=C([H])C(/C=N\N2C(S)=NN=C2CCCCCCCCCCCCCCC)=C1,50.0,1.6989700043360187,0,C(=N\n1cnnc1)\c1ccccc1
[H]C1=C(C=O)C([H])=C([H])C(/C=N\N2C(S)=NN=C2CCCCCCCCCCCCCCC)=C1,25.0,1.3979400086720377,0,C(=N\n1cnnc1)\c1ccccc1
[H]C1=C(C)C([H])=C([H])C(/C=N\N2C(S)=NN=C2CCCCCCCCCCCCCCC)=C1,25.0,1.3979400086720377,0,C(=N\n1cnnc1)\c1ccccc1
[H]C1=C(OC)C(OC)=C([H])C(/C=N\N2C(S)=NN=C2CCCCCCCCCCCCCCC)=C1,25.0,1.3979400086720377,0,C(=N\n1cnnc1)\c1ccccc1
[H]C1=C(OC)C(OC)=C(OC)C=C1/C=N\N1C(S)=NN=C1CCCCCCCCCCCCCCC,12.5,1.0969100130080565,1,C(=N\n1cnnc1)\c1ccccc1
[H]C1=C(OC)C(O)=C([H])C(/C=N\N2C(S)=NN=C2CCCCCCCCCCCCCCC)=C1,50.0,1.6989700043360187,0,C(=N\n1cnnc1)\c1ccccc1
[H]C1=C([H])C([H])=C(O)C(/C=N\N2C(S)=NN=C2CCCCCCCCCCCCCCC)=C1,50.0,1.6989700043360187,0,C(=N\n1cnnc1)\c1ccccc1
[H]C1=C(O)C([H])=C([H])C(/C=N\N2C(S)=NN=C2CCCCCCCCCCCCCCC)=C1,50.0,1.6989700043360187,0,C(=N\n1cnnc1)\c1ccccc1
[H]C1=C(N(C)C)C([H])=C([H])C(/C=N\N2C(S)=NN=C2CCCCCCCCCCCCCCC)=C1,25.0,1.3979400086720377,0,C(=N\n1cnnc1)\c1ccccc1
[H]C1=CC([H])=C(Cl)C(/C=N\N2C(S)=NN=C2CCCCCCCCCCCCCCC)=C1,25.0,1.3979400086720377,0,C(=N\n1cnnc1)\c1ccccc1
[H]C1=C(Cl)C([H])=C([H])C(/C=N\N2C(S)=NN=C2CCCCCCCCCCCCCCC)=C1,25.0,1.3979400086720377,0,C(=N\n1cnnc1)\c1ccccc1
[H]C1=C(Cl)C([H])=C(Cl)C(/C=N\N2C(S)=NN=C2CCCCCCCCCCCCCCC)=C1,50.0,1.6989700043360187,0,C(=N\n1cnnc1)\c1ccccc1
[H]C1=C([H])C(Br)=C([H])C(/C=N\N2C(S)=NN=C2CCCCCCCCCCCCCCC)=C1,50.0,1.6989700043360187,0,C(=N\n1cnnc1)\c1ccccc1
[H]C1=C(Br)C([H])=C([H])C(/C=N\N2C(S)=NN=C2CCCCCCCCCCCCCCC)=C1,25.0,1.3979400086720377,0,C(=N\n1cnnc1)\c1ccccc1
[H]C1=C([H])C([H])=C([N+](=O)[O-])C(/C=N\N2C(S)=NN=C2CCCCCCCCCCCCCCC)=C1,25.0,1.3979400086720377,0,C(=N\n1cnnc1)\c1ccccc1
[H]C1=C([H])C([N+](=O)[O-])=C([H])C(/C=N\N2C(S)=NN=C2CCCCCCCCCCCCCCC)=C1,50.0,1.6989700043360187,0,C(=N\n1cnnc1)\c1ccccc1
[H]C1=C([N+](=O)[O-])C([H])=C([H])C(/C=N\N2C(S)=NN=C2CCCCCCCCCCCCCCC)=C1,25.0,1.3979400086720377,0,C(=N\n1cnnc1)\c1ccccc1
CCCCCCCCCCCCCCCC1=NN=C(S)N1/N=C/C1=CC=C(OC2=CC=CC=C2)C=C1,50.0,1.6989700043360187,0,C(=N/n1cnnc1)\c1ccc(Oc2ccccc2)cc1
CCCCCCCCCCCCCCCC1=NN=C(S)N1/N=C/C1=CC=C(O)C=C1,25.0,1.3979400086720377,0,C(=N/n1cnnc1)\c1ccccc1
[H]C1=CC(/C=N/N2C(=S)N([H])N=C2CC2=C(C)N([H])C3=CC=C(F)C=C32)=C([H])C([H])=C1[H],250.0,2.3979400086720375,0,S=c1[nH]nc(Cc2c[nH]c3ccccc23)n1/N=C/c1ccccc1
[H]C1=CC(/C=N/N2C(=S)N([H])N=C2CC2=C(C)N([H])C3=CC=C(F)C=C32)=C(O)C([H])=C1[H],250.0,2.3979400086720375,0,S=c1[nH]nc(Cc2c[nH]c3ccccc23)n1/N=C/c1ccccc1
[H]C1=CC(/C=N/N2C(=S)N([H])N=C2CC2=C(C)N([H])C3=CC=C(F)C=C32)=C([H])C(O)=C1[H],250.0,2.3979400086720375,0,S=c1[nH]nc(Cc2c[nH]c3ccccc23)n1/N=C/c1ccccc1
[H]C1=CC(/C=N/N2C(=S)N([H])N=C2CC2=C(C)N([H])C3=CC=C(F)C=C32)=C(OC)C([H])=C1[H],250.0,2.3979400086720375,0,S=c1[nH]nc(Cc2c[nH]c3ccccc23)n1/N=C/c1ccccc1
[H]C1=CC(/C=N/N2C(=S)N([H])N=C2CC2=C(C)N([H])C3=CC=C(F)C=C32)=C([H])C([H])=C1OC,250.0,2.3979400086720375,0,S=c1[nH]nc(Cc2c[nH]c3ccccc23)n1/N=C/c1ccccc1
[H]C1=CC(/C=N/N2C(=S)N([H])N=C2CC2=C(C)N([H])C3=CC=C(F)C=C32)=C([H])C([H])=C1Cl,250.0,2.3979400086720375,0,S=c1[nH]nc(Cc2c[nH]c3ccccc23)n1/N=C/c1ccccc1
[H]C1=CC(/C=N/N2C(=S)N([H])N=C2CC2=C(C)N([H])C3=CC=C(F)C=C32)=C([H])C([H])=C1F,250.0,2.3979400086720375,0,S=c1[nH]nc(Cc2c[nH]c3ccccc23)n1/N=C/c1ccccc1
[H]C1=CC(/C=N/N2C(=S)N([H])N=C2CC2=C(C)N([H])C3=CC=C(F)C=C32)=C([H])C([H])=C1C,250.0,2.3979400086720375,0,S=c1[nH]nc(Cc2c[nH]c3ccccc23)n1/N=C/c1ccccc1
[H]C1=C([H])C(O)=C(/C=N/N2C(=S)N([H])N=C2CC2=C(C)N([H])C3=CC=C(F)C=C32)C=C1Cl,125.0,2.0969100130080562,0,S=c1[nH]nc(Cc2c[nH]c3ccccc23)n1/N=C/c1ccccc1
[H]C1=C([H])C(O)=C(/C=N/N2C(=S)N([H])N=C2CC2=C(C)N([H])C3=CC=C(F)C=C32)C=C1OC,125.0,2.0969100130080562,0,S=c1[nH]nc(Cc2c[nH]c3ccccc23)n1/N=C/c1ccccc1
[H]N1N=C(CC2=C(C)N([H])C3=CC=C(F)C=C32)N(/N=C/C2=CC(OC)=C(O)C=C2)C1=S,250.0,2.3979400086720375,0,S=c1[nH]nc(Cc2c[nH]c3ccccc23)n1/N=C/c1ccccc1
[H]N1N=C(CC2=C(C)N([H])C3=CC=C(F)C=C32)N(/N=C/C2=CC(OC=O)=C(OC=O)C=C2)C1=S,250.0,2.3979400086720375,0,S=c1[nH]nc(Cc2c[nH]c3ccccc23)n1/N=C/c1ccccc1
SC1=NN=C(C2=CC=C(N)C=C2)N1N,250.0,2.3979400086720375,0,c1ccc(-c2nnc[nH]2)cc1
SC1=NN=C(C2=CC=C(N)C=C2)O1,62.5,1.7958800173440752,0,c1ccc(-c2nnco2)cc1
SC1=NN=C(C2=CC=C(N=CC3=CC=CS3)C=C2)N1N=CC4=CC=CS4,250.0,2.3979400086720375,0,C(=Nc1ccc(-c2nncn2N=Cc2cccs2)cc1)c1cccs1
SC1=NN=C(C2=CC=C(N=CC3=CC=CS3)C=C2)O1,200.0,2.3010299956639813,0,C(=Nc1ccc(-c2nnco2)cc1)c1cccs1
ClC1=CC=C(C2=NN=C(C3=CC=CN=C3)O2)C=C1,500.0,2.6989700043360187,0,c1ccc(-c2nnc(-c3cccnc3)o2)cc1
FC1=CC=C2N=C(NN3C(C4=CC=CN=C4)=NN=C3C5=CC=C(Cl)C=C5)SC2=C1,200.0,2.3010299956639813,0,c1ccc(-c2nnc(-c3cccnc3)n2Nc2nc3ccccc3s2)cc1
BrC1=CC=C2N=C(NN3C(C4=CC=CN=C4)=NN=C3C5=CC=C(Cl)C=C5)SC2=C1,100.0,2.0,0,c1ccc(-c2nnc(-c3cccnc3)n2Nc2nc3ccccc3s2)cc1
O=[N+](C1=CC=C2N=C(NN3C(C4=CC=CN=C4)=NN=C3C5=CC=C(Cl)C=C5)SC2=C1)[O-],500.0,2.6989700043360187,0,c1ccc(-c2nnc(-c3cccnc3)n2Nc2nc3ccccc3s2)cc1
CC1=CC=C2N=C(NN3C(C4=CC=CN=C4)=NN=C3C5=CC=C(Cl)C=C5)SC2=C1,1000.0,3.0,0,c1ccc(-c2nnc(-c3cccnc3)n2Nc2nc3ccccc3s2)cc1
COC1=CC=C2N=C(NN3C(C4=CC=CN=C4)=NN=C3C5=CC=C(Cl)C=C5)SC2=C1,250.0,2.3979400086720375,0,c1ccc(-c2nnc(-c3cccnc3)n2Nc2nc3ccccc3s2)cc1
ClC1=CC=C2N=C(NN3C(C4=CC=CN=C4)=NN=C3C5=CC=C(Cl)C=C5)SC2=C1,100.0,2.0,0,c1ccc(-c2nnc(-c3cccnc3)n2Nc2nc3ccccc3s2)cc1
CC1=C2N=C(NN3C(C4=CC=CN=C4)=NN=C3C5=CC=C(Cl)C=C5)SC2=CC=C1,200.0,2.3010299956639813,0,c1ccc(-c2nnc(-c3cccnc3)n2Nc2nc3ccccc3s2)cc1
O=[N+](C1=C2N=C(NN3C(C4=CC=CN=C4)=NN=C3C5=CC=C(Cl)C=C5)SC2=CC=C1)[O-],100.0,2.0,0,c1ccc(-c2nnc(-c3cccnc3)n2Nc2nc3ccccc3s2)cc1
ClC1=C(Cl)C=C2N=C(NN3C(C4=CC=CN=C4)=NN=C3C5=CC=C(Cl)C=C5)SC2=C1,250.0,2.3979400086720375,0,c1ccc(-c2nnc(-c3cccnc3)n2Nc2nc3ccccc3s2)cc1
ClC1=C2N=C(NN3C(C4=CC=CN=C4)=NN=C3C5=CC=C(Cl)C=C5)SC2=CC=C1,200.0,2.3010299956639813,0,c1ccc(-c2nnc(-c3cccnc3)n2Nc2nc3ccccc3s2)cc1
O=C(O[C@H]1[C@](OC[C@H]2O)([H])[C@]2([H])OC1)CCCCCCCCC(O)CN3N=NC(C4=CC=CC=C4)=C3,15.6,1.1931245983544616,1,O=C(CCCCCCCCCCn1cc(-c2ccccc2)nn1)O[C@@H]1CO[C@@H]2CCO[C@@H]21
O=C(O[C@H]1[C@](OC[C@H]2O)([H])[C@]2([H])OC1)CCCCCCCCC(O)CN3N=NC(C4=CC=CC(O)=C4)=C3,15.6,1.1931245983544616,1,O=C(CCCCCCCCCCn1cc(-c2ccccc2)nn1)O[C@@H]1CO[C@@H]2CCO[C@@H]21
O=C1C=C(CN2N=NC(C3=CC=C(Br)C=C3)=C2)C4=C(O1)C=C(O)C=C4,256.0,2.4082399653118496,0,O=c1cc(Cn2cc(-c3ccccc3)nn2)c2ccccc2o1
O=C1C=C(CN2N=NC(C3=CC=C(CCCC)C=C3)=C2)C4=C(O1)C=C(O)C=C4,256.0,2.4082399653118496,0,O=c1cc(Cn2cc(-c3ccccc3)nn2)c2ccccc2o1
O=C1C=C(CN2N=NC(C3=CC=C(CCCCC)C=C3)=C2)C4=C(O1)C=C(O)C=C4,256.0,2.4082399653118496,0,O=c1cc(Cn2cc(-c3ccccc3)nn2)c2ccccc2o1
O=C1C=C(CN2N=NC(C3=CC=C(CCCCCC)C=C3)=C2)C4=C(O1)C=C(O)C=C4,256.0,2.4082399653118496,0,O=c1cc(Cn2cc(-c3ccccc3)nn2)c2ccccc2o1
O=C1C=C(CN2N=NC(C3=CC=C(C4CCC(CCC)CC4)C=C3)=C2)C5=C(O1)C=C(O)C=C5,256.0,2.4082399653118496,0,O=c1cc(Cn2cc(-c3ccc(C4CCCCC4)cc3)nn2)c2ccccc2o1
O=C1C=C(CN2N=NC(CNS(=O)(C3=CC=C(C)C=C3)=O)=C2)C4=C(O1)C=C(O)C=C4,256.0,2.4082399653118496,0,O=c1cc(Cn2cc(CNS(=O)(=O)c3ccccc3)nn2)c2ccccc2o1
O=C1C=C(CN2N=NC(CNS(=O)(C3=CC=C(F)C=C3)=O)=C2)C4=C(O1)C=C(O)C=C4,256.0,2.4082399653118496,0,O=c1cc(Cn2cc(CNS(=O)(=O)c3ccccc3)nn2)c2ccccc2o1
O=C1C=C(CN2N=NC(CNS(=O)(C3=C(Cl)C=C(F)C=C3)=O)=C2)C4=C(O1)C=C(O)C=C4,256.0,2.4082399653118496,0,O=c1cc(Cn2cc(CNS(=O)(=O)c3ccccc3)nn2)c2ccccc2o1
O=C1C=C(CN2N=NC(CNS(=O)(C3=CC=C([N+]([O-])=O)C=C3)=O)=C2)C4=C(O1)C=C(O)C=C4,256.0,2.4082399653118496,0,O=c1cc(Cn2cc(CNS(=O)(=O)c3ccccc3)nn2)c2ccccc2o1
O=C1C=C(CN2N=NC(CSC(N3CCOCC3)=S)=C2)C4=C(O1)C=C(O)C=C4,256.0,2.4082399653118496,0,O=c1cc(Cn2cc(CSC(=S)N3CCOCC3)nn2)c2ccccc2o1
O=C1C=C(CN2N=NC(CSC(N3CCNCC3)=S)=C2)C4=C(O1)C=C(O)C=C4,256.0,2.4082399653118496,0,O=c1cc(Cn2cc(CSC(=S)N3CCNCC3)nn2)c2ccccc2o1
CN(C1=C(SC2=C3)C=CC=C1)C2=CC=C3COC4=CN(N=N4)CC5=CC=C(C=C5)C,50.0,1.6989700043360187,0,c1ccc(Cn2cc(OCc3ccc4c(c3)Sc3ccccc3N4)nn2)cc1
CN(C1=C(SC2=C3)C=CC=C1)C2=CC=C3COC4=CN(N=N4)CC5=CC=C(C=C5)[N+]([O-])=O,25.0,1.3979400086720377,0,c1ccc(Cn2cc(OCc3ccc4c(c3)Sc3ccccc3N4)nn2)cc1
CN1C2=C(C=CC=C2)SC3=CC(COCC4=CN(CC5=CC=CC=C5F)N=N4)=CC=C13,25.0,1.3979400086720377,0,c1ccc(Cn2cc(COCc3ccc4c(c3)Sc3ccccc3N4)nn2)cc1
CN1C2=C(SC3=CC(COCC4=CN(N=N4)CC5=CC=C(O)C=C5)=CC=C13)C=CC=C2,50.0,1.6989700043360187,0,c1ccc(Cn2cc(COCc3ccc4c(c3)Sc3ccccc3N4)nn2)cc1
N#CC1=CC=C(CN2N=NC(COCC3=CC=C4N(C)C5=C(C=CC=C5)SC4=C3)=C2)C=C1,12.5,1.0969100130080565,1,c1ccc(Cn2cc(COCc3ccc4c(c3)Sc3ccccc3N4)nn2)cc1
CN1C2=C(C=CC=C2)SC3=CC(COCC4=CN(CC5=CC=C(OC)C=C5)N=N4)=CC=C13,50.0,1.6989700043360187,0,c1ccc(Cn2cc(COCc3ccc4c(c3)Sc3ccccc3N4)nn2)cc1
CN1C2=C(C=CC=C2)SC3=CC(COCC4=CN(CC5=CC=C(F)C=C5)N=N4)=CC=C13,25.0,1.3979400086720377,0,c1ccc(Cn2cc(COCc3ccc4c(c3)Sc3ccccc3N4)nn2)cc1
CN(C1=C(SC2=C3)C=CC=C1)C2=CC=C3/C=N/OC4=C(NN=N4)CC5=CC=C(C=C5)C,25.0,1.3979400086720377,0,C(=N/Oc1nn[nH]c1Cc1ccccc1)\c1ccc2c(c1)Sc1ccccc1N2
CN(C1=C(SC2=C3)C=CC=C1)C2=CC=C3/C=N/OC4=C(NN=N4)CC5=CC=C(C=C5)[N+]([O-])=O,25.0,1.3979400086720377,0,C(=N/Oc1nn[nH]c1Cc1ccccc1)\c1ccc2c(c1)Sc1ccccc1N2
N#CC1=CC=C(CN2N=NC(CO/N=C/C3=CC=C4N(C)C5=C(C=CC=C5)SC4=C3)=C2)C=C1,12.5,1.0969100130080565,1,C(=N/OCc1cn(Cc2ccccc2)nn1)\c1ccc2c(c1)Sc1ccccc1N2
COC1=CC=C(C=C1)CC2=C(CO/N=C/C3=CC=C4N(C)C5=C(C=CC=C5)SC4=C3)N=NN2,50.0,1.6989700043360187,0,C(=N/OCc1nn[nH]c1Cc1ccccc1)\c1ccc2c(c1)Sc1ccccc1N2
FC1=CC=C(C=C1)CC2=C(CO/N=C/C3=CC=C4N(C)C5=C(C=CC=C5)SC4=C3)N=NN2,12.5,1.0969100130080565,1,C(=N/OCc1nn[nH]c1Cc1ccccc1)\c1ccc2c(c1)Sc1ccccc1N2
CC1=CC=C(C=C1)CN2N=NC(CN3C4=C(C=CC=C4)SC5=CC=CC=C35)=C2,50.0,1.6989700043360187,0,c1ccc(Cn2cc(CN3c4ccccc4Sc4ccccc43)nn2)cc1
O=[N+](C1=CC=C(C=C1)CN2N=NC(CN3C4=C(C=CC=C4)SC5=CC=CC=C35)=C2)[O-],50.0,1.6989700043360187,0,c1ccc(Cn2cc(CN3c4ccccc4Sc4ccccc43)nn2)cc1
FC1=CC=CC=C1CN2N=NC(CN3C4=C(C=CC=C4)SC5=CC=CC=C35)=C2,12.5,1.0969100130080565,1,c1ccc(Cn2cc(CN3c4ccccc4Sc4ccccc43)nn2)cc1
OC(C=C1)=CC=C1CN(N=N2)C=C2CN3C4=CC=CC=C4SC5=C3C=CC=C5,50.0,1.6989700043360187,0,c1ccc(Cn2cc(CN3c4ccccc4Sc4ccccc43)nn2)cc1
N#CC1=CC=C(CN2N=NC(CN3C4=C(C=CC=C4)SC5=CC=CC=C35)=C2)C=C1,6.25,0.7958800173440752,1,c1ccc(Cn2cc(CN3c4ccccc4Sc4ccccc43)nn2)cc1
COC1=CC=C(C=C1)CN2N=NC(CN3C4=C(C=CC=C4)SC5=CC=CC=C35)=C2,25.0,1.3979400086720377,0,c1ccc(Cn2cc(CN3c4ccccc4Sc4ccccc43)nn2)cc1
FC1=CC=C(C=C1)CN2N=NC(CN3C4=C(C=CC=C4)SC5=CC=CC=C35)=C2,12.5,1.0969100130080565,1,c1ccc(Cn2cc(CN3c4ccccc4Sc4ccccc43)nn2)cc1
O=C(N/N=C/C1=CC=C2N(CC3=CN(CC4=CC=C(C#N)C=C4)N=N3)C5=C(C=CC=C5)SC2=C1)C6=CN=CC=C6,12.5,1.0969100130080565,1,O=C(N/N=C/c1ccc2c(c1)Sc1ccccc1N2Cc1cn(Cc2ccccc2)nn1)c1cccnc1
O=C(C1=NC=CN=C1)N/N=C/C2=CC=C3N(CC4=CN(CC5=CC=C(C#N)C=C5)N=N4)C6=C(C=CC=C6)SC3=C2,50.0,1.6989700043360187,0,O=C(N/N=C/c1ccc2c(c1)Sc1ccccc1N2Cc1cn(Cc2ccccc2)nn1)c1cnccn1
O=C(N/N=C/C1=CC=C2N(CC3=CN(CC4=CC=C(C#N)C=C4)N=N3)C5=C(C=CC(C(F)(F)F)=C5)SC2=C1)C6=CN=CC=C6,50.0,1.6989700043360187,0,O=C(N/N=C/c1ccc2c(c1)Sc1ccccc1N2Cc1cn(Cc2ccccc2)nn1)c1cccnc1
O=C(C1=NC=CN=C1)N/N=C/C2=CC=C3N(CC4=CN(CC5=CC=C(C#N)C=C5)N=N4)C6=C(C=CC(C(F)(F)F)=C6)SC3=C2,50.0,1.6989700043360187,0,O=C(N/N=C/c1ccc2c(c1)Sc1ccccc1N2Cc1cn(Cc2ccccc2)nn1)c1cnccn1
O=C1N(C2=CC=CC(OCC3=CN(C4=CC=C(Cl)C=C4)N=N3)=C2)C(C)=NC5=C1C=CC=C5,64.0,1.806179973983887,0,O=c1c2ccccc2ncn1-c1cccc(OCc2cn(-c3ccccc3)nn2)c1
O=C1N(C(C)=NC2=C1C=CC=C2)C3=CC=CC(OC4=CN(N=N4)C5=CC=C(C(Cl)=C5)F)=C3,64.0,1.806179973983887,0,O=c1c2ccccc2ncn1-c1cccc(Oc2cn(-c3ccccc3)nn2)c1
O=C1N(C2=CC=CC(OCC3=CN(C4=CC=CC(C)=C4)N=N3)=C2)C(C)=NC5=C1C=CC=C5,64.0,1.806179973983887,0,O=c1c2ccccc2ncn1-c1cccc(OCc2cn(-c3ccccc3)nn2)c1
O=C1N(C2=CC=CC(OCC3=CN(C4=CC=CC(O)=C4)N=N3)=C2)C(C)=NC5=C1C=CC=C5,64.0,1.806179973983887,0,O=c1c2ccccc2ncn1-c1cccc(OCc2cn(-c3ccccc3)nn2)c1
O=C1N(C2=CC=CC(OCC3=CN(C4=CC=C(O)C=C4)N=N3)=C2)C(C)=NC5=C1C=CC=C5,64.0,1.806179973983887,0,O=c1c2ccccc2ncn1-c1cccc(OCc2cn(-c3ccccc3)nn2)c1
O=C1N(C2=CC=CC(OCC3=CN(C4=CC=C(OC)C=C4)N=N3)=C2)C(C)=NC5=C1C=CC=C5,64.0,1.806179973983887,0,O=c1c2ccccc2ncn1-c1cccc(OCc2cn(-c3ccccc3)nn2)c1
O=C1N(C2=CC=CC(OCC3=CN(C4=CC=CC(C(O)=O)=C4)N=N3)=C2)C(C)=NC5=C1C=CC=C5,64.0,1.806179973983887,0,O=c1c2ccccc2ncn1-c1cccc(OCc2cn(-c3ccccc3)nn2)c1
O=C1N(C2=CC=CC(OCC3=CN(C4=CC=C(C(O)=O)C=C4)N=N3)=C2)C(C)=NC5=C1C=CC=C5,64.0,1.806179973983887,0,O=c1c2ccccc2ncn1-c1cccc(OCc2cn(-c3ccccc3)nn2)c1
O=C1N(C2=CC=CC(OCC3=CN(C4=CC([N+]([O-])=O)=C(C)C=C4)N=N3)=C2)C(C)=NC5=C1C=CC=C5,64.0,1.806179973983887,0,O=c1c2ccccc2ncn1-c1cccc(OCc2cn(-c3ccccc3)nn2)c1
O=C1N(C(C)=NC2=C1C=CC=C2)C3=CC=CC(OCC4=CN(N=N4)C5=C(C=C(C=C5)[N+]([O-])=O)C)=C3,64.0,1.806179973983887,0,O=c1c2ccccc2ncn1-c1cccc(OCc2cn(-c3ccccc3)nn2)c1
O=C1N(C2=CC=CC(OCC3=CN(C4=CC(C)=C(C)C(C)=C4)N=N3)=C2)C(C)=NC5=C1C=CC=C5,64.0,1.806179973983887,0,O=c1c2ccccc2ncn1-c1cccc(OCc2cn(-c3ccccc3)nn2)c1
O=C1N(C2=CC=CC(OCC3=CN(C4=CC(OC)=C(OC)C(OC)=C4)N=N3)=C2)C(C)=NC5=C1C=CC=C5,64.0,1.806179973983887,0,O=c1c2ccccc2ncn1-c1cccc(OCc2cn(-c3ccccc3)nn2)c1
O=C1N(C2=CC=CC(OCC3=CN(C4=CC(Cl)=CC=C4)N=N3)=C2)C(C)=NC5=C1C=CC=C5C,64.0,1.806179973983887,0,O=c1c2ccccc2ncn1-c1cccc(OCc2cn(-c3ccccc3)nn2)c1
N#CC1=CC=C(C=C1)/C=C/C(N2C3=CC=CC(OC4=CN(N=N4)C5=CC=CC(Cl)=C5)=C3)=NC6=C(C2=O)C=CC=C6,0.5,-0.3010299956639812,1,O=c1c2ccccc2nc(/C=C/c2ccccc2)n1-c1cccc(Oc2cn(-c3ccccc3)nn2)c1
N#CC1=CC=C(C=C1)/C=C/C(N2C3=CC=CC(OC4=CN(N=N4)C5=CC=C(C=C5)Cl)=C3)=NC6=C(C2=O)C=CC=C6,0.5,-0.3010299956639812,1,O=c1c2ccccc2nc(/C=C/c2ccccc2)n1-c1cccc(Oc2cn(-c3ccccc3)nn2)c1
N#CC1=CC=C(C=C1)/C=C/C(N2C3=CC=CC(OC4=CN(N=N4)C5=CC=CC(C)=C5)=C3)=NC6=C(C2=O)C=CC=C6,0.5,-0.3010299956639812,1,O=c1c2ccccc2nc(/C=C/c2ccccc2)n1-c1cccc(Oc2cn(-c3ccccc3)nn2)c1
N#CC1=CC=C(C=C1)/C=C/C(N2C3=CC=CC(OC4=CN(N=N4)C5=CC=CC(Cl)=C5)=C3)=NC6=C(C2=O)C=CC=C6C,64.0,1.806179973983887,0,O=c1c2ccccc2nc(/C=C/c2ccccc2)n1-c1cccc(Oc2cn(-c3ccccc3)nn2)c1
N#CC1=CC=C(C=C1)/C=C/C(N2C3=CC=CC(OC4=CN(N=N4)C5=CC=CC(C(O)=O)=C5)=C3)=NC6=C(C2=O)C=CC=C6,4.0,0.6020599913279624,1,O=c1c2ccccc2nc(/C=C/c2ccccc2)n1-c1cccc(Oc2cn(-c3ccccc3)nn2)c1
N#CC1=CC=C(C=C1)/C=C/C(N2C3=CC=CC(OC4=CN(N=N4)C5=CC=C(C=C5)OC)=C3)=NC6=C(C2=O)C=CC=C6,4.0,0.6020599913279624,1,O=c1c2ccccc2nc(/C=C/c2ccccc2)n1-c1cccc(Oc2cn(-c3ccccc3)nn2)c1
N#CC1=CC=C(C=C1)/C=C/C(N2C3=CC=CC(OC4=CN(N=N4)C5=CC=CC(F)=C5)=C3)=NC6=C(C2=O)C=CC=C6,0.5,-0.3010299956639812,1,O=c1c2ccccc2nc(/C=C/c2ccccc2)n1-c1cccc(Oc2cn(-c3ccccc3)nn2)c1
N#CC1=CC=C(C=C1)/C=C/C(N2C3=CC=CC(OC4=CN(N=N4)C5=CC=C(C=C5)C(F)(F)F)=C3)=NC6=C(C2=O)C=CC=C6,4.0,0.6020599913279624,1,O=c1c2ccccc2nc(/C=C/c2ccccc2)n1-c1cccc(Oc2cn(-c3ccccc3)nn2)c1
ClC1=CC=C(C=C1)/C=C/C(N2C3=CC=CC(OC4=CN(N=N4)C5=CC=CC(F)=C5)=C3)=NC6=C(C2=O)C=CC=C6,4.0,0.6020599913279624,1,O=c1c2ccccc2nc(/C=C/c2ccccc2)n1-c1cccc(Oc2cn(-c3ccccc3)nn2)c1
N#CC1=CC=C(/C=C/C(N2C3=CC=CC(OCC4=CN(CC5=CC=CC=C5)N=N4)=C3)=NC6=C(C=CC=C6)C2=O)C=C1,0.5,-0.3010299956639812,1,O=c1c2ccccc2nc(/C=C/c2ccccc2)n1-c1cccc(OCc2cn(Cc3ccccc3)nn2)c1
N#CC1=CC=C(/C=C/C(N2C3=CC=CC(OCC4=CN(CC5=CC=C(Br)C=C5)N=N4)=C3)=NC6=C(C=CC=C6)C2=O)C=C1,16.0,1.2041199826559248,1,O=c1c2ccccc2nc(/C=C/c2ccccc2)n1-c1cccc(OCc2cn(Cc3ccccc3)nn2)c1
N#CC1=CC=C(/C=C/C(N2C3=CC=CC(OCC4=CN(CC5=CC(Br)=CC=C5)N=N4)=C3)=NC6=C(C=CC=C6)C2=O)C=C1,0.5,-0.3010299956639812,1,O=c1c2ccccc2nc(/C=C/c2ccccc2)n1-c1cccc(OCc2cn(Cc3ccccc3)nn2)c1
N#CC1=CC=C(/C=C/C(N2C3=CC=CC(OCC4=CN(CC5=CC=C(OC)C=C5)N=N4)=C3)=NC6=C(C=CC=C6)C2=O)C=C1,0.5,-0.3010299956639812,1,O=c1c2ccccc2nc(/C=C/c2ccccc2)n1-c1cccc(OCc2cn(Cc3ccccc3)nn2)c1
N#CC1=CC=C(/C=C/C(N2C3=CC=CC(OCC4=CN(CC5=CC=C([N+]([O-])=O)C=C5)N=N4)=C3)=NC6=C(C=CC=C6)C2=O)C=C1,2.0,0.3010299956639812,1,O=c1c2ccccc2nc(/C=C/c2ccccc2)n1-c1cccc(OCc2cn(Cc3ccccc3)nn2)c1
N#CC1=CC=C(C=C1)/C=C/C(N2C3=CC=C(C=C3)OC4=CN(N=N4)CC5=CC=C(C=C5)Br)=NC6=C(C2=O)C=CC=C6,64.0,1.806179973983887,0,O=c1c2ccccc2nc(/C=C/c2ccccc2)n1-c1ccc(Oc2cn(Cc3ccccc3)nn2)cc1
O=C1N(C2=CC=CC(N3N=NC(C4=CC=CC=C4)=C3)=C2)C(C)=NC5=C1C=CC=C5,64.0,1.806179973983887,0,O=c1c2ccccc2ncn1-c1cccc(-n2cc(-c3ccccc3)nn2)c1
O=C1N(C2=CC=CC(N3N=NC(C4=CC=CC=C4)=C3)=C2)C(/C=C/C5=CC=C(Cl)C=C5)=NC6=C1C=CC=C6,64.0,1.806179973983887,0,O=c1c2ccccc2nc(/C=C/c2ccccc2)n1-c1cccc(-n2cc(-c3ccccc3)nn2)c1
O=C1N(C2=CC=CC(N3N=NC(C4=CC=CC=C4)=C3)=C2)C(/C=C/C5=CC=C(C#N)C=C5)=NC6=C1C=CC=C6,64.0,1.806179973983887,0,O=c1c2ccccc2nc(/C=C/c2ccccc2)n1-c1cccc(-n2cc(-c3ccccc3)nn2)c1
C=C1N(C2=CC(N(N=N3)C=C3COC4=CC=C(C(C)(C)CC)C=C4)=CC=C2)C(/C=C/C5=CC=C(C#N)C=C5)=NC6=CC=CC=C61,64.0,1.806179973983887,0,C=C1c2ccccc2N=C(/C=C/c2ccccc2)N1c1cccc(-n2cc(COc3ccccc3)nn2)c1
O=C(N1CCC2=C1C=CC=C2)CN(N=N3)C=C3CN4C5=CC=CC=C5N=C4,12.544,1.0984360453403632,1,O=C(Cn1cc(Cn2cnc3ccccc32)nn1)N1CCc2ccccc21
O=C(N1CCC2=C1C=CC=C2)CN(N=N3)C=C3CN4C5=CC(C)=C(C)C=C5N=C4,25.1199,1.4000179061824103,0,O=C(Cn1cc(Cn2cnc3ccccc32)nn1)N1CCc2ccccc21
O=C(N1CCC2=C1C=CC=C2)CN(N=N3)C=C3CN4C5=CC=CC=C5N=C4C,24.95281,1.3971194597300385,1,O=C(Cn1cc(Cn2cnc3ccccc32)nn1)N1CCc2ccccc21
O=C(N1CCC2=C1C=CC=C2)CN(N=N3)C=C3CN4C5=CC=CC=C5N=C4SC,25.079,1.399310215446545,0,O=C(Cn1cc(Cn2cnc3ccccc32)nn1)N1CCc2ccccc21
O=C(N1CCC2=C1C=CC=C2)CN(N=N3)C=C3CN4C5=CC=CC=C5N=C4C6=CC=CC=C6,12.6005,1.1003877786836413,1,O=C(Cn1cc(Cn2c(-c3ccccc3)nc3ccccc32)nn1)N1CCc2ccccc21
O=C(N1C(C)CC2=C1C=CC=C2)CN(N=N3)C=C3CN4C5=CC=CC=C5N=C4,12.66262,1.1025235740714672,1,O=C(Cn1cc(Cn2cnc3ccccc32)nn1)N1CCc2ccccc21
O=C(N1C(C)CC2=C1C=CC=C2)CN(N=N3)C=C3CN4C5=CC(C)=C(C)C=C5N=C4.C,12.41519,1.09395337031186,1,O=C(Cn1cc(Cn2cnc3ccccc32)nn1)N1CCc2ccccc21
O=C(N1C(C)CC2=C1C=CC=C2)CN(N=N3)C=C3CN4C5=CC=CC=C5N=C4C,25.1199,1.4000179061824103,0,O=C(Cn1cc(Cn2cnc3ccccc32)nn1)N1CCc2ccccc21
O=C(N1C(C)CC2=C1C=CC=C2)CN(N=N3)C=C3CN4C5=CC=CC=C5N=C4SC,25.1118,1.3998778438180506,0,O=C(Cn1cc(Cn2cnc3ccccc32)nn1)N1CCc2ccccc21
O=C(N1C(C)CC2=C1C=CC=C2)CN(N=N3)C=C3CN4C5=CC=CC=C5N=C4C6=CC=CC=C6,25.11768,1.3999795232129102,0,O=C(Cn1cc(Cn2c(-c3ccccc3)nc3ccccc32)nn1)N1CCc2ccccc21
O=C(N1CCC2=C1C=C([N+]([O-])=O)C=C2)CN(N=N3)C=C3CN4C5=CC=CC=C5N=C4,12.5054,1.0970975877110194,1,O=C(Cn1cc(Cn2cnc3ccccc32)nn1)N1CCc2ccccc21
O=C(N1CCC2=C1C=C([N+]([O-])=O)C=C2)CN(N=N3)C=C3CN4C5=CC(C)=C(C)C=C5N=C4,12.51234,1.0973385370359159,1,O=C(Cn1cc(Cn2cnc3ccccc32)nn1)N1CCc2ccccc21
O=C(N1CCC2=C1C=C([N+]([O-])=O)C=C2)CN(N=N3)C=C3CN4C5=CC=CC=C5N=C4C,25.0458,1.3987349082569829,0,O=C(Cn1cc(Cn2cnc3ccccc32)nn1)N1CCc2ccccc21
O=C(N1CCC2=C1C=C([N+]([O-])=O)C=C2)CN(N=N3)C=C3CN4C5=CC=CC=C5N=C4SC,13.0355,1.1151276939682038,1,O=C(Cn1cc(Cn2cnc3ccccc32)nn1)N1CCc2ccccc21
O=C(N1CCC2=C1C=C([N+]([O-])=O)C=C2)CN(N=N3)C=C3CN4C5=CC=CC=C5N=C4C6=CC=CC=C6,12.467,1.0957619594775003,1,O=C(Cn1cc(Cn2c(-c3ccccc3)nc3ccccc32)nn1)N1CCc2ccccc21
[H]C1=CC=C2C(N(CC3=CN(CC4=CC=CC=C4F)N=N3)C(C=CC=C5)=C5S2)=C1,12.5,1.0969100130080565,1,c1ccc(Cn2cc(CN3c4ccccc4Sc4ccccc43)nn2)cc1
[H]C1=CC=C2C(N(CC3=CN(CC4=CC=C(O)C=C4)N=N3)C(C=CC=C5)=C5S2)=C1,50.0,1.6989700043360187,0,c1ccc(Cn2cc(CN3c4ccccc4Sc4ccccc43)nn2)cc1
[H]C1=CC=C2C(N(CC3=CN(CC4=CC=C(C#N)C=C4)N=N3)C(C=CC=C5)=C5S2)=C1,6.25,0.7958800173440752,1,c1ccc(Cn2cc(CN3c4ccccc4Sc4ccccc43)nn2)cc1
[H]C1=CC=C2C(N(CC3=CN(CC4=CC=C(OC)C=C4)N=N3)C(C=CC=C5)=C5S2)=C1,25.0,1.3979400086720377,0,c1ccc(Cn2cc(CN3c4ccccc4Sc4ccccc43)nn2)cc1
[H]C1=CC=C2C(N(CC3=CN(CC4=CC=C(F)C=C4)N=N3)C(C=CC=C5)=C5S2)=C1,12.5,1.0969100130080565,1,c1ccc(Cn2cc(CN3c4ccccc4Sc4ccccc43)nn2)cc1
FC(C1=CC=C2C(N(CC3=CN(CC4=CC=C(C#N)C=C4)N=N3)C(C=CC=C5)=C5S2)=C1)(F)F,12.5,1.0969100130080565,1,c1ccc(Cn2cc(CN3c4ccccc4Sc4ccccc43)nn2)cc1
[H]C1=CC=C2C(N(CC3NNN(C4=CC=C(C#N)C=C4)C3)C(C=CC(/C=N/NC(C5=CC=NC=N5)=O)=C6)=C6S2)=C1,50.0,1.6989700043360187,0,O=C(N/N=C/c1ccc2c(c1)Sc1ccccc1N2CC1CN(c2ccccc2)NN1)c1ccncn1
[H]C1=CC=C2C(N(CC3NNN(C4=CC=C(C#N)C=C4)C3)C(C=CC(/C=N/NC(C5=CC=CN=C5)=O)=C6)=C6S2)=C1,12.5,1.0969100130080565,1,O=C(N/N=C/c1ccc2c(c1)Sc1ccccc1N2CC1CN(c2ccccc2)NN1)c1cccnc1
O=C(C1=CC=NC=C1)N/N=C/C2=CC3=C(C=C2)N(CC4NNN(C5=CC=C(C#N)C=C5)C4)C6=CC(C(F)(F)F)=CC=C6S3,50.0,1.6989700043360187,0,O=C(N/N=C/c1ccc2c(c1)Sc1ccccc1N2CC1CN(c2ccccc2)NN1)c1ccncc1
O=C(C1=CC=NC=N1)N/N=C/C2=CC3=C(C=C2)N(CC4NNN(C5=CC=C(C#N)C=C5)C4)C6=CC(C(F)(F)F)=CC=C6S3,50.0,1.6989700043360187,0,O=C(N/N=C/c1ccc2c(c1)Sc1ccccc1N2CC1CN(c2ccccc2)NN1)c1ccncn1
O=C(C1=CC=CN=C1)N/N=C/C2=CC3=C(C=C2)N(CC4NNN(C5=CC=C(C#N)C=C5)C4)C6=CC(C(F)(F)F)=CC=C6S3,50.0,1.6989700043360187,0,O=C(N/N=C/c1ccc2c(c1)Sc1ccccc1N2CC1CN(c2ccccc2)NN1)c1cccnc1
C/C(C1=CN(CC2=CC(C(C)(C)C)=CC(C(C)(C)C)=C2)N=N1)=N\NC(N)=[NH2+],4.0,0.6020599913279624,1,c1ccc(Cn2ccnn2)cc1
FC(C=C(N1N=NC(COC2=CC=CC3=C2C=CC=C3)=C1)C=C4)=C4N5CCOCC5,50.0,1.6989700043360187,0,c1ccc2c(OCc3cn(-c4ccc(N5CCOCC5)cc4)nn3)cccc2c1
FC(C=C(N1N=NC(CN2C(CSC3=C2C=CC=C3)=O)=C1)C=C4)=C4N5CCOCC5,6.25,0.7958800173440752,1,O=C1CSc2ccccc2N1Cc1cn(-c2ccc(N3CCOCC3)cc2)nn1
FC(C=C(N1N=NC(CN2C(C=CC=C3)=C3SC4=C2C=CC=C4)=C1)C=C5)=C5N6CCOCC6,12.5,1.0969100130080565,1,c1ccc2c(c1)Sc1ccccc1N2Cc1cn(-c2ccc(N3CCOCC3)cc2)nn1
FC(C=C(N1N=NC(CSC2=NC(C=CC=C3)=C3S2)=C1)C=C4)=C4N5CCOCC5,50.0,1.6989700043360187,0,c1ccc2sc(SCc3cn(-c4ccc(N5CCOCC5)cc4)nn3)nc2c1
FC(C=C(N1N=NC(CN2C(COC3=C2C=CC(Br)=C3)=O)=C1)C=C4)=C4N5CCOCC5,25.0,1.3979400086720377,0,O=C1COc2ccccc2N1Cc1cn(-c2ccc(N3CCOCC3)cc2)nn1
FC(C=C(N1N=NC(COC2=CC(OC3=C2C=CC=C3)=O)=C1)C=C4)=C4N5CCOCC5,50.0,1.6989700043360187,0,O=c1cc(OCc2cn(-c3ccc(N4CCOCC4)cc3)nn2)c2ccccc2o1
FC(C=C(N1N=NC(CSC2=NC(C=CC=C3)=C3O2)=C1)C=C4)=C4N5CCOCC5,25.0,1.3979400086720377,0,c1ccc2oc(SCc3cn(-c4ccc(N5CCOCC5)cc4)nn3)nc2c1
O=C1C=C(OCC2=CN(C3=CC=CC=C3OC)N=N2)C4=C(O1)C=CC=C4,200.0,2.3010299956639813,0,O=c1cc(OCc2cn(-c3ccccc3)nn2)c2ccccc2o1
O=C1C=C(OCC2=CN(C3=CC=C(F)C=C3)N=N2)C4=C(O1)C=CC=C4,1600.0,3.204119982655925,0,O=c1cc(OCc2cn(-c3ccccc3)nn2)c2ccccc2o1
O=C1C=C(NCC2=CN(C3=CC=CC([N+]([O-])=O)=C3)N=N2)C4=C(O1)C=CC=C4,100.0,2.0,0,O=c1cc(NCc2cn(-c3ccccc3)nn2)c2ccccc2o1
O=C(N1CCN(C2=CC=CC=C2)CC1)CN3N=NC(COC4=CC=CC=C4)=C3,49.99,1.6988831367525903,0,O=C(Cn1cc(COc2ccccc2)nn1)N1CCN(c2ccccc2)CC1
CC1=CC=C(OCC2=CN(CC(N3CCN(C4=CC=CC=C4)CC3)=O)N=N2)C=C1,50.13,1.7000977046130539,0,O=C(Cn1cc(COc2ccccc2)nn1)N1CCN(c2ccccc2)CC1
CCC1=CC=C(OCC2=CN(CC(N3CCN(C4=CC=CC=C4)CC3)=O)N=N2)C=C1,49.99,1.6988831367525903,0,O=C(Cn1cc(COc2ccccc2)nn1)N1CCN(c2ccccc2)CC1
O=C(N1CCN(C2=CC=CC=C2)CC1)CN3N=NC(COC4=CC=C(C5=CC=CC=C5)C=C4)=C3,24.99,1.3977662561264501,1,O=C(Cn1cc(COc2ccc(-c3ccccc3)cc2)nn1)N1CCN(c2ccccc2)CC1
O=C(N1CCN(C2=CC=CC=C2)CC1)CN3N=NC(COC4=C5C=CC=CC5=CC=C4)=C3,24.99,1.3977662561264501,1,O=C(Cn1cc(COc2cccc3ccccc23)nn1)N1CCN(c2ccccc2)CC1
FC1=CC=C(OCC2=CN(CC(N3CCN(C4=CC=CC=C4)CC3)=O)N=N2)C=C1,49.99,1.6988831367525903,0,O=C(Cn1cc(COc2ccccc2)nn1)N1CCN(c2ccccc2)CC1
ClC1=CC=C(OCC2=CN(CC(N3CCN(C4=CC=CC=C4)CC3)=O)N=N2)C=C1,49.99,1.6988831367525903,0,O=C(Cn1cc(COc2ccccc2)nn1)N1CCN(c2ccccc2)CC1
BrC1=CC=C(OCC2=CN(CC(N3CCN(C4=CC=CC=C4)CC3)=O)N=N2)C=C1,49.99,1.6988831367525903,0,O=C(Cn1cc(COc2ccccc2)nn1)N1CCN(c2ccccc2)CC1
CC1=CC=C(N2CCN(C(CN3N=NC(COC4=CC=CC=C4)=C3)=O)CC2)C=C1,50.13,1.7000977046130539,0,O=C(Cn1cc(COc2ccccc2)nn1)N1CCN(c2ccccc2)CC1
CC1=CC=C(OCC2=CN(CC(N3CCN(C4=CC=C(C)C=C4)CC3)=O)N=N2)C=C1,49.99,1.6988831367525903,0,O=C(Cn1cc(COc2ccccc2)nn1)N1CCN(c2ccccc2)CC1
CC1=CC=C(N2CCN(C(CN3N=NC(COC4=CC=C(CC)C=C4)=C3)=O)CC2)C=C1,48.87,1.689042339028172,0,O=C(Cn1cc(COc2ccccc2)nn1)N1CCN(c2ccccc2)CC1
CC1=CC=C(N2CCN(C(CN3N=NC(COC4=CC=C(C5=CC=CC=C5)C=C4)=C3)=O)CC2)C=C1,48.43,1.6851144690465394,0,O=C(Cn1cc(COc2ccc(-c3ccccc3)cc2)nn1)N1CCN(c2ccccc2)CC1
CC1=CC=C(C=C1)N2CCN(CC2)C(CN3N=NC(COC4=C5C=CC=CC5=CC=C4)=C3)=O,48.04,1.6816029987308685,0,O=C(Cn1cc(COc2cccc3ccccc23)nn1)N1CCN(c2ccccc2)CC1
CC1=CC=C(N2CCN(C(CN3N=NC(COC4=CC=C(F)C=C4)=C3)=O)CC2)C=C1,24.85,1.395326393069351,1,O=C(Cn1cc(COc2ccccc2)nn1)N1CCN(c2ccccc2)CC1
CC1=CC=C(N2CCN(C(CN3N=NC(COC4=CC=C(Cl)C=C4)=C3)=O)CC2)C=C1,48.98,1.6900187807886953,0,O=C(Cn1cc(COc2ccccc2)nn1)N1CCN(c2ccccc2)CC1
CC1=CC=C(N2CCN(C(CN3N=NC(COC4=CC=C(Br)C=C4)=C3)=O)CC2)C=C1,22.3,1.3483048630481607,1,O=C(Cn1cc(COc2ccccc2)nn1)N1CCN(c2ccccc2)CC1
O=[N+](C1=CC=C(N2CCN(C(CN3N=NC(COC4=CC=CC=C4)=C3)=O)CC2)C=C1)[O-],49.53,1.6948683279824561,0,O=C(Cn1cc(COc2ccccc2)nn1)N1CCN(c2ccccc2)CC1
CC1=CC=C(OCC2=CN(CC(N3CCN(C4=CC=C([N+]([O-])=O)C=C4)CC3)=O)N=N2)C=C1,23.59,1.3727279408855955,1,O=C(Cn1cc(COc2ccccc2)nn1)N1CCN(c2ccccc2)CC1
O=[N+](C1=CC=C(N2CCN(C(CN3N=NC(COC4=CC=C(CC)C=C4)=C3)=O)CC2)C=C1)[O-],45.86,1.66143405039392,0,O=C(Cn1cc(COc2ccccc2)nn1)N1CCN(c2ccccc2)CC1
O=[N+](C1=CC=C(N2CCN(C(CN3N=NC(COC4=CC=C(C5=CC=CC=C5)C=C4)=C3)=O)CC2)C=C1)[O-],40.53,1.607776603741693,0,O=C(Cn1cc(COc2ccc(-c3ccccc3)cc2)nn1)N1CCN(c2ccccc2)CC1
O=[N+](C1=CC=C(N2CCN(C(CN3N=NC(COC4=C5C=CC=CC5=CC=C4)=C3)=O)CC2)C=C1)[O-],43.36,1.6370892735303304,0,O=C(Cn1cc(COc2cccc3ccccc23)nn1)N1CCN(c2ccccc2)CC1
O=[N+](C1=CC=C(N2CCN(C(CN3N=NC(COC4=CC=C(F)C=C4)=C3)=O)CC2)C=C1)[O-],23.38,1.3688445068258213,1,O=C(Cn1cc(COc2ccccc2)nn1)N1CCN(c2ccccc2)CC1
O=[N+](C1=CC=C(N2CCN(C(CN3N=NC(COC4=CC=C(Cl)C=C4)=C3)=O)CC2)C=C1)[O-],45.12,1.654369090975286,0,O=C(Cn1cc(COc2ccccc2)nn1)N1CCN(c2ccccc2)CC1
O=[N+](C1=CC=C(N2CCN(C(CN3N=NC(COC4=CC=C(Br)C=C4)=C3)=O)CC2)C=C1)[O-],20.62,1.3142886609474977,1,O=C(Cn1cc(COc2ccccc2)nn1)N1CCN(c2ccccc2)CC1
O=C1C(N=NC2=CC=C(OCC3=CN(C4=CC=C(F)C=C4)N=N3)C=C2)=C(O)C(C)=CO1,256.0,2.4082399653118496,0,O=c1occcc1N=Nc1ccc(OCc2cn(-c3ccccc3)nn2)cc1
OC1=C(/N=N/C2=CC=C(OCC3=CN(C4=CC=C(OC)C=C4)N=N3)C=C2)C=C(OCO5)C5=C1,32.0,1.505149978319906,0,c1ccc(-n2cc(COc3ccc(/N=N/c4ccc5c(c4)OCO5)cc3)nn2)cc1
OC1=C(/N=N/C2=CC=C(OCC3=CN(C4=CC=CC=C4)N=N3)C=C2)C=C(OCO5)C5=C1,64.0,1.806179973983887,0,c1ccc(-n2cc(COc3ccc(/N=N/c4ccc5c(c4)OCO5)cc3)nn2)cc1
OC1=C(C=C2OCOC2=C1)/N=N/C3=CC=C(C=C3)OCC4=CN(N=N4)C5=CC=C(C=C5)OC,128.0,2.1072099696478683,0,c1ccc(-n2cc(COc3ccc(/N=N/c4ccc5c(c4)OCO5)cc3)nn2)cc1
OC1=C(/N=N/C2=CC=C(OCC3=CN(C4=CC=C(F)C=C4)N=N3)C=C2)C=C(OCO5)C5=C1,256.0,2.4082399653118496,0,c1ccc(-n2cc(COc3ccc(/N=N/c4ccc5c(c4)OCO5)cc3)nn2)cc1
OC1=C(/N=N/C2=CC=C(OCC3=CN(C4=CC=C([N+]([O-])=O)C=C4)N=N3)C=C2)C=C(OCO5)C5=C1,256.0,2.4082399653118496,0,c1ccc(-n2cc(COc3ccc(/N=N/c4ccc5c(c4)OCO5)cc3)nn2)cc1
OC1=C(/N=N/C2=CC=C(OCC3=CN(C4=CC(Cl)=C(F)C=C4)N=N3)C=C2)C=C(OCO5)C5=C1,256.0,2.4082399653118496,0,c1ccc(-n2cc(COc3ccc(/N=N/c4ccc5c(c4)OCO5)cc3)nn2)cc1
OC1=C(/N=N/C2=CC=C(OCC3=CN(C4=CC=C(Br)C=C4)N=N3)C=C2)C=C(OCO5)C5=C1,256.0,2.4082399653118496,0,c1ccc(-n2cc(COc3ccc(/N=N/c4ccc5c(c4)OCO5)cc3)nn2)cc1
OC1=C(C=C2OCOC2=C1)/N=N/C3=CC=C(C=C3)OCC4=CN(N=N4)C5=CC(OC)=CC=C5,128.0,2.1072099696478683,0,c1ccc(-n2cc(COc3ccc(/N=N/c4ccc5c(c4)OCO5)cc3)nn2)cc1
CC(N(N=N1)C2=C(C(C(F)(F)F)=CC(Cl)=C2Cl)C)=C1C3=NN(C4=CC=CC=C4)C=C3C([H])=O,23.0,1.3617278360175928,1,c1ccc(-n2cc(-c3ccn(-c4ccccc4)n3)nn2)cc1
[H]C(C1=CN(N=C1C2=C(N(N=N2)C3=C(C(C(F)(F)F)=CC(Cl)=C3Cl)C)C)C4=CC=C(C=C4)Cl)=O,25.0,1.3979400086720377,0,c1ccc(-n2cc(-c3ccn(-c4ccccc4)n3)nn2)cc1
[H]C(C1=CN(N=C1C2=C(N(N=N2)C3=C(C(C(F)(F)F)=CC(Cl)=C3Cl)C)C)C4=C(C=C(C=C4)[N+]([O-])=O)[N+]([O-])=O)=O,12.0,1.0791812460476249,1,c1ccc(-n2cc(-c3ccn(-c4ccccc4)n3)nn2)cc1
[H]C(C1=CN(N=C1C2=C(N(N=N2)C3=C(C(C(F)(F)F)=CC(Cl)=C3Cl)C)C)C4=C(C=C(C=C4Cl)Cl)Cl)=O,10.0,1.0,1,c1ccc(-n2cc(-c3ccn(-c4ccccc4)n3)nn2)cc1
[H]C(C1=CN(N=C1C2=C(N(N=N2)C3=C(C(C(F)(F)F)=CC(Cl)=C3Cl)C)C)N4CC=CC5=CC=CC(C(F)(F)F)=C54)=O,26.0,1.414973347970818,0,C1=Cc2ccccc2N(n2ccc(-c3cn(-c4ccccc4)nn3)n2)C1
[H]C(C1=CN(N=C1C2=C(N(N=N2)C3=C(C(C(F)(F)F)=CC(Cl)=C3Cl)C)C)C4=CC=C(C=C4)[N+]([O-])=O)=O,25.0,1.3979400086720377,0,c1ccc(-n2cc(-c3ccn(-c4ccccc4)n3)nn2)cc1
[H]C1=C(C(N2N=NC(C3=NN(C=C3C([H])=O)C4=CC=CC=C4)=C2C)=C(C(C(F)(F)F)=C1)C)[H],15.0,1.1760912590556813,1,c1ccc(-n2cc(-c3ccn(-c4ccccc4)n3)nn2)cc1
[H]C1=C(C(N2N=NC(C3=NN(C=C3C([H])=O)C4=C(C=C(C=C4)[N+]([O-])=O)[N+]([O-])=O)=C2C)=C(C(C(F)(F)F)=C1)C)[H],28.0,1.4471580313422192,0,c1ccc(-n2cc(-c3ccn(-c4ccccc4)n3)nn2)cc1
[H]C1=C(C(N2N=NC(C3=NN(C=C3C([H])=O)N4CC=CC5=CC=CC(C(F)(F)F)=C54)=C2C)=C(C(C(F)(F)F)=C1)C)[H],12.0,1.0791812460476249,1,C1=Cc2ccccc2N(n2ccc(-c3cn(-c4ccccc4)nn3)n2)C1
[H]C1=C(C(N2N=NC(C3=NN(C=C3C([H])=O)C4=CC=C(C=C4)[N+]([O-])=O)=C2C)=C(C(C(F)(F)F)=C1)C)[H],26.0,1.414973347970818,0,c1ccc(-n2cc(-c3ccn(-c4ccccc4)n3)nn2)cc1
COC1=CC(O)=C(C(OC)=C1)C(/C=C/C2=CC=C(C(OC)=C2)OCC3=CN(N=N3)C4=CC=C(C=C4Cl)F)=O,6.25,0.7958800173440752,1,O=C(/C=C/c1ccc(OCc2cn(-c3ccccc3)nn2)cc1)c1ccccc1
COC1=CC(OC)=C(C(=O)/C=C/C2=CC=C(OCC3=CN(C4=CC=C(F)C(Cl)=C4)N=N3)C(OC)=C2)C(O)=C1,100.0,2.0,0,O=C(/C=C/c1ccc(OCc2cn(-c3ccccc3)nn2)cc1)c1ccccc1
COC1=CC(OC)=C(C(=O)/C=C/C2=CC=C(OCC3=CN(C4=CC=C(F)C=C4F)N=N3)C(OC)=C2)C(O)=C1,12.5,1.0969100130080565,1,O=C(/C=C/c1ccc(OCc2cn(-c3ccccc3)nn2)cc1)c1ccccc1
COC1=CC(O)=C(C(OC)=C1)C(/C=C/C2=CC=C(C(OC)=C2)OCC3=CN(N=N3)C4=CC=CC=C4Cl)=O,12.5,1.0969100130080565,1,O=C(/C=C/c1ccc(OCc2cn(-c3ccccc3)nn2)cc1)c1ccccc1
COC1=CC(O)=C(C(OC)=C1)C(/C=C/C2=CC=C(C(OC)=C2)OCC3=CN(N=N3)C4=CC=C(C=C4)Cl)=O,100.0,2.0,0,O=C(/C=C/c1ccc(OCc2cn(-c3ccccc3)nn2)cc1)c1ccccc1
COC1=CC(O)=C(C(OC)=C1)C(/C=C/C2=CC=C(C(OCC3=CN(N=N3)C4=CC=C(C=C4Cl)F)=C2)OC)=O,100.0,2.0,0,O=C(/C=C/c1cccc(OCc2cn(-c3ccccc3)nn2)c1)c1ccccc1
COC1=CC(O)=C(C(OC)=C1)C(/C=C/C2=CC=C(C(OCC3=CN(N=N3)C4=CC=C(C(Cl)=C4)F)=C2)OC)=O,100.0,2.0,0,O=C(/C=C/c1cccc(OCc2cn(-c3ccccc3)nn2)c1)c1ccccc1
COC1=CC(OC)=C(C(=O)/C=C/C2=CC=C(OC)C(OCC3=CN(C4=CC=C(F)C=C4F)N=N3)=C2)C(O)=C1,100.0,2.0,0,O=C(/C=C/c1cccc(OCc2cn(-c3ccccc3)nn2)c1)c1ccccc1
COC1=CC(OC)=C(C(O)=C1)C(/C=C/C2=CC=C(C(OCC3=CN(N=N3)C4=CC=CC=C4Cl)=C2)OC)=O,25.0,1.3979400086720377,0,O=C(/C=C/c1cccc(OCc2cn(-c3ccccc3)nn2)c1)c1ccccc1
COC1=CC(OC)=C(C(=O)/C=C/C2=CC=C(OC)C(OCC3=CN(C4=CC=C(Cl)C=C4)N=N3)=C2)C(O)=C1,100.0,2.0,0,O=C(/C=C/c1cccc(OCc2cn(-c3ccccc3)nn2)c1)c1ccccc1
O=C(/C(S1)=C\C(C2=CC=CC=C23)=CN3CC4=CN(N=N4)C5=CC=CC=C5)NC1=O,49.98,1.6987962517904311,0,O=C1NC(=O)/C(=C\c2cn(Cc3cn(-c4ccccc4)nn3)c3ccccc23)S1
O=C(/C(S1)=C\C(C2=CC=CC=C23)=CN3CC4=CN(N=N4)C5=C(Cl)C=CC=C5)NC1=O,91.92,1.9634100156802288,0,O=C1NC(=O)/C(=C\c2cn(Cc3cn(-c4ccccc4)nn3)c3ccccc23)S1
O=C(/C(S1)=C\C(C2=CC=CC=C23)=CN3CC4=CN(N=N4)C5=CC(Cl)=CC=C5)NC1=O,45.96,1.6623800200162475,0,O=C1NC(=O)/C(=C\c2cn(Cc3cn(-c4ccccc4)nn3)c3ccccc23)S1
O=C(/C(S1)=C\C(C2=CC=CC=C23)=CN3CC4=CN(N=N4)C5=CC=C(Cl)C=C5)NC1=O,45.96,1.6623800200162475,0,O=C1NC(=O)/C(=C\c2cn(Cc3cn(-c4ccccc4)nn3)c3ccccc23)S1
O=C(/C(S1)=C\C(C2=CC=CC=C23)=CN3CC4=CN(N=N4)C5=C([N+]([O-])=O)C=CC=C5)NC1=O,90.52,1.956744545282691,0,O=C1NC(=O)/C(=C\c2cn(Cc3cn(-c4ccccc4)nn3)c3ccccc23)S1
O=C(/C(S1)=C\C(C2=CC=CC=C23)=CN3CC4=CN(N=N4)C5=CC([N+]([O-])=O)=CC=C5)NC1=O,45.26,1.6557145496187098,0,O=C1NC(=O)/C(=C\c2cn(Cc3cn(-c4ccccc4)nn3)c3ccccc23)S1
O=C(/C(S1)=C\C(C2=CC=CC=C23)=CN3CC4=CN(N=N4)C5=CC=C([N+]([O-])=O)C=C5)NC1=O,22.63,1.3546845539547285,1,O=C1NC(=O)/C(=C\c2cn(Cc3cn(-c4ccccc4)nn3)c3ccccc23)S1
O=C(/C(S1)=C\C(C2=CC=CC=C23)=CN3CC4=CN(N=N4)C5=C(C)C=CC=C5)NC1=O,97.12,1.9873086737311825,0,O=C1NC(=O)/C(=C\c2cn(Cc3cn(-c4ccccc4)nn3)c3ccccc23)S1
O=C(/C(S1)=C\C(C2=CC=CC=C23)=CN3CC4=CN(N=N4)C5=C(C)C=CC(C)=C5)NC1=O,93.8,1.9722028383790644,0,O=C1NC(=O)/C(=C\c2cn(Cc3cn(-c4ccccc4)nn3)c3ccccc23)S1
O=C(/C(S1)=C\C(C2=CC=CC=C23)=CN3CC4=CN(N=N4)C5=CC(C)=C(C)C=C5)NC1=O,46.9,1.6711728427150834,0,O=C1NC(=O)/C(=C\c2cn(Cc3cn(-c4ccccc4)nn3)c3ccccc23)S1
O=C(/C(S1)=C\C(C2=CC=CC=C23)=CN3CC4=CN(N=N4)C5=CC=C(F)C=C5)NC1=O,47.68,1.67833624673218,0,O=C1NC(=O)/C(=C\c2cn(Cc3cn(-c4ccccc4)nn3)c3ccccc23)S1
O=C(/C(S1)=C\C(C2=CC=CC=C23)=CN3CC4=CN(N=N4)C5=CC(C(F)(F)F)=CC=C5)NC1=O,85.2,1.9304395947667001,0,O=C1NC(=O)/C(=C\c2cn(Cc3cn(-c4ccccc4)nn3)c3ccccc23)S1
O=C(/C(S1)=C\C(C2=CC=CC=C23)=CN3CC4=CN(N=N4)CC(OCC)=O)NC1=O,24.28,1.38524868240322,1,O=C1NC(=O)/C(=C\c2cn(Cc3c[nH]nn3)c3ccccc23)S1
O=C(/C(S1)=C\C(C2=CC=CC=C23)=CN3CC4=CN(N=N4)C5=C(F)C=C(F)C(F)=C5)NC1=O,44.46,1.6479694583629718,0,O=C1NC(=O)/C(=C\c2cn(Cc3cn(-c4ccccc4)nn3)c3ccccc23)S1
O=C(N1)/C(SC1=O)=C\C2=CN(CC3=CN(C4=C(C=C(C=C4Br)Br)Br)N=N3)C5=CC=CC=C25,31.68,1.500785172917456,0,O=C1NC(=O)/C(=C\c2cn(Cc3cn(-c4ccccc4)nn3)c3ccccc23)S1
O=C(/C(S1)=C\C(C2=CC=CC=C23)=CN3CC4=CN(N=N4)C5=C(C)C=CC([N+]([O-])=O)=C5)NC1=O,87.52,1.9421073089893555,0,O=C1NC(=O)/C(=C\c2cn(Cc3cn(-c4ccccc4)nn3)c3ccccc23)S1
S=C1N(CN2CCN(C3=CC=CC=C3)CC2)N=C(C4CCCC4)N1C5=CC=C(Cl)C=C5Cl,250.0,2.3979400086720375,0,S=c1n(CN2CCN(c3ccccc3)CC2)nc(C2CCCC2)n1-c1ccccc1
SC1=NN=C(N1/N=C/C2=CC=CC(O)=C2)C3=NC=CN=C3,50.0,1.6989700043360187,0,C(=N/n1cnnc1-c1cnccn1)\c1ccccc1
NC1=NC(OCC2=CN(C3=NNC4=NC(C(F)(F)F)=CC=C43)N=N2)=CC(C(F)(F)F)=N1,15.6,1.1931245983544616,1,c1cnc2[nH]nc(-n3cc(COc4ccncn4)nn3)c2c1
NC1=NC(OCC2=CN(N=N2)C3=NN(C4=NC(C(F)(F)F)=CC=C34)CC)=CC(C(F)(F)F)=N1,250.0,2.3979400086720375,0,c1cnc2[nH]nc(-n3cc(COc4ccncn4)nn3)c2c1
NC1=NC(OCC2=CN(N=N2)C3=NN(C4=NC(C(F)(F)F)=CC=C34)COC(CC)=O)=CC(C(F)(F)F)=N1,15.6,1.1931245983544616,1,c1cnc2[nH]nc(-n3cc(COc4ccncn4)nn3)c2c1
NC1=NC(OCC2=CN(N=N2)C3=NN(C4=NC(C(F)(F)F)=CC=C34)CC=C)=CC(C(F)(F)F)=N1,250.0,2.3979400086720375,0,c1cnc2[nH]nc(-n3cc(COc4ccncn4)nn3)c2c1
NC1=NC(OCC2=CN(N=N2)C3=NN(C4=NC(C(F)(F)F)=CC=C34)CC#C)=CC(C(F)(F)F)=N1,250.0,2.3979400086720375,0,c1cnc2[nH]nc(-n3cc(COc4ccncn4)nn3)c2c1
NC1=NC(OCC2=CN(N=N2)C3=NN(C4=NC(C(F)(F)F)=CC=C34)CCCCCCCC)=CC(C(F)(F)F)=N1,250.0,2.3979400086720375,0,c1cnc2[nH]nc(-n3cc(COc4ccncn4)nn3)c2c1
NC1=NC(OCC2=CN(N=N2)C3=NN(C4=NC(C(F)(F)F)=CC=C34)CCCCCCC)=CC(C(F)(F)F)=N1,7.8,0.8920946026904804,1,c1cnc2[nH]nc(-n3cc(COc4ccncn4)nn3)c2c1
NC1=NC(OCC2=CN(N=N2)C3=NN(C4=NC(C(F)(F)F)=CC=C34)CCC(F)(C(F)(C(F)(C(F)(C(F)(C(F)(C(F)(C(F)(F)F)F)F)F)F)F)F)F)=CC(C(F)(F)F)=N1,250.0,2.3979400086720375,0,c1cnc2[nH]nc(-n3cc(COc4ccncn4)nn3)c2c1
