SMILES,Ecoli_MIC_ugmL,Ecoli_logMIC
BrC1=C(C([H])=C(C=C1)CN2C=C(N=N2)COC3=CC=C(C=C3)C4=NC5=CC=CC=C5S4)[H],9.25,0.966141733
BrC1=CC=C(CN2C=C(N=N2)COC3=CC4=C(C(C)=C3)C=CC(O4)=O)C=C1[H],4,0.602059991
BrC1=CC=C(OCC2=CN(CC(N3CCN(C4=CC=CC=C4)CC3)=O)N=N2)C=C1,12.49,1.096562438
BrC1=CC=C2N=C(NN3C(C4=CC=CN=C4)=NN=C3C5=CC=C(Cl)C=C5)SC2=C1,500,2.698970004
C#CCSC1N(C(C2=CC=CC=C2)=NN1)/N=C/C3=CC=C(OC)C=C3,502,2.700703717
C#CCSC1N(C(C2=CC=CC=C2)=NN1)/N=C/C3=CC=C([N+]([O-])=O)C=C3,842,2.925312091
C#CCSC1N(C(C2=CC=CC=C2)=NN1)/N=C/C3=CC=CC=C3,1137,3.055760465
C#CCSC1N(C(C2=CC=CC=C2)=NN1)/N=C/C3=CC=CO3,1226,3.08849047
C#CCSC1N(C(C2=CC=CC=C2)=NN1)/N=C/C3=CC=C[s]3,663,2.821513528
C/C(C(N=N1)=CN1C2=CC(C(C)(C)C)=CC(C(C)(C)C)=C2)=N\NC(N)=[NH2+],4,0.602059991
C/C(C(N=N1)=CN1C2=CC=C(OCCCCCCC)C=C2)=N\NC(N)=[NH2+],16,1.204119983
C/C(C(N=N1)=CN1CC2=CC(C(C)(C)C)=CC(C(C)(C)C)=C2)=N/NC(N)=[NH2+],8,0.903089987
C/C(C1=CN(C2=CC(C(C)(C)C)=CC(C(C)(C)C)=C2)N=N1)=N\NC(N)=[NH2+],4,0.602059991
C/C(C1=CN(C2=CC=C(OCCCCCCC)C=C2)N=N1)=N\NC(N)=[NH2+],16,1.204119983
C/C(C1=CN(CC2=CC(C(C)(C)C)=CC(C(C)(C)C)=C2)N=N1)=N\NC(N)=[NH2+],8,0.903089987
C1(C2=CN(CC3=CN(C4=CC=CC=C4)N=N3)C5=C2C=CC=C5)=NC6=CC=CC=C6N1,50,1.698970004
C1(C2=CN(CC3=CN(CC4=CC=CC=C4)N=N3)C5=C2C=CC=C5)=NC6=CC=CC=C6N1,25,1.397940009
C=C(CNN1C(=O)CSC1C1=CC=C(Br)C=C1)NN1C(C2=CC=NC=C2)=NNC1S,12.5,1.096910013
CC1=C2N=C(NN3C(C4=CC=CN=C4)=NN=C3C5=CC=C(Cl)C=C5)SC2=CC=C1,500,2.698970004
CC1=CC(N2N=NC(CN3C=C(C4=NC5=CC=CC=C5N4)C6=C3C=CC=C6)=C2)=CC=C1,25,1.397940009
CC1=CC=C(C2=NN=C(SCCSC3=NN=C(C4=CNC5=CC=CC=C54)N3N)O2)C(C)=C1,64,1.806179974
CC1=CC=C(C2=NN=C(SCCSC3=NN=C(C4=CNC5=CC=CC=C54)N3N)O2)C=C1,16,1.204119983
CC1=CC=C(C=C1)CN2N=NC(CN3C4=C(C=CC=C4)SC5=CC=CC=C35)=C2,100,2
CC1=CC=C(C=C1)N2CCN(CC2)C(CN3N=NC(COC4=C5C=CC=CC5=CC=C4)=C3)=O,24.02,1.380573003
CC1=CC=C(N2CCN(C(CN3N=NC(COC4=CC=C(Br)C=C4)=C3)=O)CC2)C=C1,11.15,1.047274867
CC1=CC=C(N2CCN(C(CN3N=NC(COC4=CC=C(C5=CC=CC=C5)C=C4)=C3)=O)CC2)C=C1,12.18,1.085647288
CC1=CC=C(N2CCN(C(CN3N=NC(COC4=CC=C(CC)C=C4)=C3)=O)CC2)C=C1,24.36,1.386677284
CC1=CC=C(N2CCN(C(CN3N=NC(COC4=CC=C(Cl)C=C4)=C3)=O)CC2)C=C1,22.73,1.356599436
CC1=CC=C(N2CCN(C(CN3N=NC(COC4=CC=C(F)C=C4)=C3)=O)CC2)C=C1,24.85,1.395326393
CC1=CC=C(N2CCN(C(CN3N=NC(COC4=CC=CC=C4)=C3)=O)CC2)C=C1,24.96,1.397244581
CC1=CC=C(N2N=NC(CN3C=C(C4=NC5=CC=CC=C5N4)C6=C3C=CC=C6)=C2)C=C1,25,1.397940009
CC1=CC=C(OCC2=CN(CC(N3CCN(C4=CC=C(C)C=C4)CC3)=O)N=N2)C=C1,24.99,1.397766256
CC1=CC=C(OCC2=CN(CC(N3CCN(C4=CC=C([N+]([O-])=O)C=C4)CC3)=O)N=N2)C=C1,23.59,1.372727941
CC1=CC=C(OCC2=CN(CC(N3CCN(C4=CC=CC=C4)CC3)=O)N=N2)C=C1,24.96,1.397244581
CC1=CC=C2N=C(NN3C(C4=CC=CN=C4)=NN=C3C5=CC=C(Cl)C=C5)SC2=C1,500,2.698970004
CC1=CC=C2OC=C(/C=C/C(=O)OCC3=CN(C4=CC=C(F)C=C4)N=N3)C(=O)C2=C1,499.51085,2.698544926
CC1=CC=CC(C2=NN=C(SCCSC3=NN=C(C4=CNC5=CC=CC=C54)N3N)O2)=C1,32,1.505149978
CCC1=CC=C(OCC2=CN(CC(N3CCN(C4=CC=CC=C4)CC3)=O)N=N2)C=C1,12.49,1.096562438
CCCCCCCCCCCCCCCC1=NN=C(S)N1/N=C/C1=CC=C(O)C=C1,25,1.397940009
CCCCCCCCCCCCCCCC1=NN=C(S)N1/N=C/C1=CC=C(OC2=CC=CC=C2)C=C1,50,1.698970004
CCCCCCCCCCCCCCCC1=NN=C(S)N1/N=C/C1=CC=C2CC=CCC2=C1,25,1.397940009
CCN1C(SCC2=CC(=O)OC3=C(C)C=C(C)C=C23)=NN=C1C1=CC=CS1,2.5,0.397940009
CCOC1=CC=C2N3C(SC2=C1)=NC(C4=CC=CC=C4)=C3CO(C5=CN(CC6=CC=CC(F)=C6)N=N5)C,16,1.204119983
CCOC1=CC=CC=C1C1=NN=C(SCCSC2=NN=C(C3=CNC4=CC=CC=C43)N2N)O1,128,2.10720997
CN(C(/C=C\C)=CSC1=C2)C1=CC=C2/C=N/OC3=C(NN=N3)CC4=CC=CC=C4F,25,1.397940009
CN(C1=C(SC2=C3)C=CC=C1)C2=CC=C3/C=N/OC4=C(NN=N4)CC5=CC=C(C=C5)C,50,1.698970004
CN(C1=C(SC2=C3)C=CC=C1)C2=CC=C3/C=N/OC4=C(NN=N4)CC5=CC=C(C=C5)[N+]([O-])=O,50,1.698970004
CN(C1=C(SC2=C3)C=CC=C1)C2=CC=C3/C=N/OC4=CN(N=N4)CC5=CC=C(O)C=C5,100,2
CN(C1=C(SC2=C3)C=CC=C1)C2=CC=C3COC4=CN(N=N4)CC5=CC=C(C=C5)C,100,2
CN(C1=C(SC2=C3)C=CC=C1)C2=CC=C3COC4=CN(N=N4)CC5=CC=C(C=C5)[N+]([O-])=O,50,1.698970004
CN1C2=C(C=CC=C2)SC3=CC(COCC4=CN(CC5=CC=C(F)C=C5)N=N4)=CC=C13,25,1.397940009
CN1C2=C(C=CC=C2)SC3=CC(COCC4=CN(CC5=CC=C(OC)C=C5)N=N4)=CC=C13,100,2
CN1C2=C(C=CC=C2)SC3=CC(COCC4=CN(CC5=CC=CC=C5F)N=N4)=CC=C13,25,1.397940009
CN1C2=C(SC3=CC(COCC4=CN(N=N4)CC5=CC=C(O)C=C5)=CC=C13)C=CC=C2,50,1.698970004
CN1CCN(N(C(=S)SCC2=CN(CCCN3C(=O)C4=CC=CC5=CC=CC(=C54)C3=O)N=N2)N2CCN(C)CC2)CC1,63.726,1.804316659
COC(C=C1)=CC=C1/C=N/N2C(SCC3=CN(C4=CC([N+]([O-])=O)=CC=C4)N=N3)NN=C2C5=CC=CC=C5,478,2.679427897
COC(C=C1)=CC=C1/C=N/N2C(SCC3=CN(C4=CC=C([N+]([O-])=O)C=C4)N=N3)NN=C2C5=CC=CC=C5,293,2.46686762
COC1=CC(O)=C(C(OC)=C1)C(/C=C/C2=CC=C(C(OC)=C2)OCC3=CN(N=N3)C4=CC=C(C=C4Cl)F)=O,12.5,1.096910013
COC1=CC(O)=C(C(OC)=C1)C(/C=C/C2=CC=C(C(OC)=C2)OCC3=CN(N=N3)C4=CC=CC=C4Cl)=O,6.25,0.795880017
COC1=CC(O)=C(C(OC)=C1)C(/C=C/C2=CC=C(C(OCC3=CN(N=N3)C4=CC=C(C(Cl)=C4)F)=C2)OC)=O,100,2
COC1=CC(OC)=C(C(=O)/C=C/C2=CC=C(OC)C(OCC3=CN(C4=CC=C(Cl)C=C4)N=N3)=C2)C(O)=C1,100,2
COC1=CC(OC)=C(C(=O)/C=C/C2=CC=C(OC)C(OCC3=CN(C4=CC=C(F)C=C4F)N=N3)=C2)C(O)=C1,50,1.698970004
COC1=CC(OC)=C(C(=O)/C=C/C2=CC=C(OCC3=CN(C4=CC=C(F)C(Cl)=C4)N=N3)C(OC)=C2)C(O)=C1,50,1.698970004
COC1=CC(OC)=C(C(=O)/C=C/C2=CC=C(OCC3=CN(C4=CC=C(F)C=C4F)N=N3)C(OC)=C2)C(O)=C1,6.25,0.795880017
COC1=CC(OC)=C(C(O)=C1)C(/C=C/C2=CC=C(C(OCC3=CN(N=N3)C4=CC=CC=C4Cl)=C2)OC)=O,50,1.698970004
COC1=CC(OC)=C2C(=O)C=C(C3=CC=C(OCC4=CN(C5=CC=C(F)C=C5Cl)N=N4)C(OC)=C3)OC2=C1,50,1.698970004
COC1=CC(OC)=C2C(C=C(OC2=C1)C3=CC=C(C(OC)=C3)OCC4=CN(N=N4)C5=CC=CC=C5Cl)=O,100,2
COC1=CC=C(C=C1)CC2=C(CO/N=C/C3=CC=C4N(C)C5=C(C=CC=C5)SC4=C3)N=NN2,100,2
COC1=CC=C(C=C1)CN2N=NC(CN3C4=C(C=CC=C4)SC5=CC=CC=C35)=C2,25,1.397940009
COC1=CC=C(N2C(SCCN3C([N+](=O)[O-])=CN=C3C)=NN=C2C2=CC=NC=C2)C=C1,376,2.575187845
COC1=CC=C(N2N=NC(CN3C=C(C4=NC5=CC=CC=C5N4)C6=C3C=CC=C6)=C2)C=C1,25,1.397940009
COC1=CC=C2N=C(NN3C(C4=CC=CN=C4)=NN=C3C5=CC=C(Cl)C=C5)SC2=C1,500,2.698970004
COC1=CC=CC=C1N2N=NC(CN3C=C(C4=NC5=CC=CC=C5N4)C6=C3C=CC=C6)=C2,50,1.698970004
C[C@@H]1SC(C2=CC=C(Br)C=C2)C(NCC(=O)NN2C(C3=CC=C(Cl)C=C3)=NN[C@@H]2S)C1=O,25,1.397940009
C[C@H]1COC2=C3C(=CC(F)=C2N2CCN(C)CC2)C(=O)C(C(=O)O)=CN31,25,1.397940009
C[o]C1=CC=C(/C=N/N(C(C2=CC=CC=C2)=NN3)C3=S)C=C1,1134,3.054613055
ClC1=C(Cl)C=C2N=C(NN3C(C4=CC=CN=C4)=NN=C3C5=CC=C(Cl)C=C5)SC2=C1,500,2.698970004
ClC1=C2N=C(NN3C(C4=CC=CN=C4)=NN=C3C5=CC=C(Cl)C=C5)SC2=CC=C1,100,2
ClC1=CC=C(C2=NN=C(C3=CC=CN=C3)O2)C=C1,500,2.698970004
ClC1=CC=C(CN2C=C(N=N2)COC3=CC4=C(C(C)=C3)C=CC(O4)=O)C=C1[H],4,0.602059991
ClC1=CC=C(N2N=NC(CN3C=C(C4=NC5=CC=CC=C5N4)C6=C3C=CC=C6)=C2)C=C1,6.25,0.795880017
ClC1=CC=C(OCC2=CN(CC(N3CCN(C4=CC=CC=C4)CC3)=O)N=N2)C=C1,24.99,1.397766256
ClC1=CC=C2N=C(NN3C(C4=CC=CN=C4)=NN=C3C5=CC=C(Cl)C=C5)SC2=C1,1000,3
ClC1=CC=CC=C1N2N=NC(CN3C=C(C4=NC5=CC=CC=C5N4)C6=C3C=CC=C6)=C2,6.25,0.795880017
ClC1=NC2=CC=C(OC)C=C2C=C1C(NCC3=CN(C4=CC=C(C#N)C=C4)N=N3)=O,6.25,0.795880017
ClC1=NC2=CC=C(OC)C=C2C=C1C(NCC3=CN(C4=CC=C(OC)C=C4)N=N3)=O,12.5,1.096910013
ClC1=NC2=CC=C(OC)C=C2C=C1C(NCC3=CN(C4=CC=CC=C4)N=N3)=O,12.5,1.096910013
ClC1=NC2=CC=C(OC)C=C2C=C1C(NCC3=CN(CC(C4=CC=C(F)C=C4)=O)N=N3)=O,6.25,0.795880017
ClC1=NC2=CC=C(OC)C=C2C=C1C(NCC3=CN(CC(C4=CC=C(OC)C=C4)=O)N=N3)=O,12.5,1.096910013
ClC1=NC2=CC=C(OC)C=C2C=C1C(NCC3=CN(CC(C4=CC=C([N+]([O-])=O)C=C4)=O)N=N3)=O,25,1.397940009
ClC1=NC2=CC=C(OC)C=C2C=C1C(NCC3=CN(CC(C4=CC=CC=C4)=O)N=N3)=O,25,1.397940009
ClC1=NC2=CC=C(OC)C=C2C=C1COCC3=CN(CC(C4=CC=C(F)C=C4)=O)N=N3,25,1.397940009
FC(C1=CC(N2N=NC(CN3C=C(C4=NC5=CC=CC=C5N4)C6=C3C=CC=C6)=C2)=CC=C1)(F)F,50,1.698970004
FC(C1=CC=C2C(N(CC3=CN(CC4=CC=C(C#N)C=C4)N=N3)C(C=CC=C5)=C5S2)=C1)(F)F,25,1.397940009
FC1=CC=C(C=C1)CC2=C(CO/N=C/C3=CC=C4N(C)C5=C(C=CC=C5)SC4=C3)N=NN2,25,1.397940009
FC1=CC=C(C=C1)CN2N=NC(CN3C4=C(C=CC=C4)SC5=CC=CC=C35)=C2,12.5,1.096910013
FC1=CC=C(OCC2=CN(CC(N3CCN(C4=CC=CC=C4)CC3)=O)N=N2)C=C1,12.49,1.096562438
FC1=CC=C2N=C(NN3C(C4=CC=CN=C4)=NN=C3C5=CC=C(Cl)C=C5)SC2=C1,500,2.698970004
FC1=CC=CC=C1CN2N=NC(CN3C4=C(C=CC=C4)SC5=CC=CC=C35)=C2,12.5,1.096910013
N#CC1=CC=C(CN2N=NC(CN3C4=C(C=CC=C4)SC5=CC=CC=C35)=C2)C=C1,12.5,1.096910013
N#CC1=CC=C(CN2N=NC(CO/N=C/C3=CC=C4N(C)C5=C(C=CC=C5)SC4=C3)=C2)C=C1,25,1.397940009
N#CC1=CC=C(CN2N=NC(COCC3=CC=C4N(C)C5=C(C=CC=C5)SC4=C3)=C2)C=C1,25,1.397940009
NC(NCCNC(C(N=N1)=CN1C2=CC(C(C)(C)C)=CC(C(C)(C)C)=C2)=O)=[NH2+],16,1.204119983
NC(NCCNC(C(N=N1)=CN1C2=CC=C(OCCCCCCC)C=C2)=O)=[NH2+],8,0.903089987
NC1=CC=C(C2=NN=C(SCCSC3=NN=C(C4=CNC5=CC=CC=C54)N3N)O2)C=C1,8,0.903089987
NN1C(C2=CNC3=CC=CC=C23)=NN=C1SCCSC4=NN=C(C5=C(C=CC=C6)C6=CC=C5)O4,32,1.505149978
NN1C(C2=CNC3=CC=CC=C32)=NN=C1SCCSC(O4)=NN=C4C5=C(OC)C=CC=C5,32,1.505149978
NN1C(SCCSC2=NN=C(C3=CC=C(Cl)C=C3)O2)=NN=C1C1=CNC2=CC=CC=C21,64,1.806179974
NN1C(SCCSC2=NN=C(C3=CC=C(F)C=C3)O2)=NN=C1C1=CNC2=CC=CC=C21,32,1.505149978
NN1C(SCCSC2=NN=C(C3=CC=CC=C3)O2)=NN=C1C1=CNC2=CC=CC=C21,64,1.806179974
NN1C(SCCSC2=NN=C(O2)C3=CC=CC(OC)=C3)=NN=C1C4=CNC5=CC=CC=C45,8,0.903089987
O=C(C1=CC(CCCC2=NN=C(C3=CC=CC4=CC=CC=C43)N2/N=C/C5=CC=C(C=C5)[N+]([O-])=O)C6=C1C=CC=C6)OC,8,0.903089987
O=C(C1=CC=C(C)C=C1)N/N=C/C2=CC3=C(C=C2)N(CC4NNN(C5=CC=C(C#N)C=C5)C4)C6=CC(C(F)(F)F)=CC=C6S3,50,1.698970004
O=C(C1=CC=C(F)C=C1)N/N=C/C2=CC3=C(C=C2)N(CC4NNN(C5=CC=C(C#N)C=C5)C4)C6=CC(C(F)(F)F)=CC=C6S3,12.5,1.096910013
O=C(C1=CC=C([H])C=C1)N/N=C/C2=CC3=C(C=C2)N(CC4NNN(C5=CC=C(C#N)C=C5)C4)C6=CC(C(F)(F)F)=CC=C6S3,50,1.698970004
O=C(C1=CC=C([N+]([O-])=O)C=C1)N/N=C/C2=CC3=C(C=C2)N(CC4NNN(C5=CC=C(C#N)C=C5)C4)C6=CC(C(F)(F)F)=CC=C6S3,50,1.698970004
O=C(C1=CC=CN=C1)N/N=C/C2=CC3=C(C=C2)N(CC4NNN(C5=CC=C(C#N)C=C5)C4)C6=CC(C(F)(F)F)=CC=C6S3,50,1.698970004
O=C(C1=CC=NC=C1)N/N=C/C2=CC3=C(C=C2)N(CC4NNN(C5=CC=C(C#N)C=C5)C4)C6=CC(C(F)(F)F)=CC=C6S3,100,2
O=C(C1=CC=NC=N1)N/N=C/C2=CC3=C(C=C2)N(CC4NNN(C5=CC=C(C#N)C=C5)C4)C6=CC(C(F)(F)F)=CC=C6S3,50,1.698970004
O=C(C1=NC=CN=C1)N/N=C/C2=CC=C3N(CC4=CN(CC5=CC=C(C#N)C=C5)N=N4)C6=C(C=CC(C(F)(F)F)=C6)SC3=C2,50,1.698970004
O=C(C1=NC=CN=C1)N/N=C/C2=CC=C3N(CC4=CN(CC5=CC=C(C#N)C=C5)N=N4)C6=C(C=CC=C6)SC3=C2,50,1.698970004
O=C(CNN1C(=O)CSC1C1=C(Cl)C=CC=C1)NN1C(C2=CC=C([N+](=O)[O-])C=C2)=NN[C@@H]1S,12.5,1.096910013
O=C(CNN1C(=O)CSC1C1=CC=C(F)C=C1)NN1C(C2=CC=NC=C2)=NNC1S,25,1.397940009
O=C(CNN1C(=O)CSC1C1=CC=CC=C1Cl)NN1C(C2=CC=NC=C2)=NNC1S,12.5,1.096910013
O=C(CNN1C(=O)CS[C@H]1C1=CC=C(F)C=C1)NN1C(C2=CC=C(Cl)C=C2)=NN[C@@H]1S,12.5,1.096910013
O=C(N(C1=C2C=CC=C1)CC3=CN(N=N3)C4=C(C=CC=C4)Cl)NC2=O,299.46,2.47633882
O=C(N(C1=C2C=CC=C1)CC3=CN(N=N3)C4=CC(Cl)=C(Cl)C=C4Cl)NC2=O,249.11,2.396391162
O=C(N(C1=C2C=CC=C1)CC3=CN(N=N3)C4=CC(Cl)=C(Cl)C=C4Cl)OC2=O,124.555,2.095361166
O=C(N(C1=C2C=CC=C1)CC3=CN(N=N3)C4=CC(Cl)=CC=C4)NC2=O,299.46,2.47633882
O=C(N(C1=C2C=CC=C1)CC3=CN(N=N3)C4=CC(Cl)=CC=C4)OC2=O,149.73,2.175308825
O=C(N(C1=C2C=CC=C1)CC3=CN(N=N3)C4=CC=C(C)C=C4)OC2=O,156.98,2.195844325
O=C(N(C1=C2C=CC=C1)CC3=CN(N=N3)C4=CC=C(Cl)C=C4)NC2=O,181.23,2.25823009
O=C(N(C1=C2C=CC=C1)CC3=CN(N=N3)C4=CC=CC([N+]([O-])=O)=C4)OC2=O,146,2.164352856
O=C(N(C1=C2C=CC=C1)CC3=CN(N=N3)C4=CC=CC=C4)OC2=O,163.2,2.212720154
O=C(N(C1=C2C=CC=C1)CC3=CN=NN3C4=CC=C(C)C=C4)NC2=O,156.98,2.195844325
O=C(N/N=C/C1=CC=C2N(CC3=CN(CC4=CC=C(C#N)C=C4)N=N3)C5=C(C=CC(C(F)(F)F)=C5)SC2=C1)C6=CC=C(C)C=C6,50,1.698970004
O=C(N/N=C/C1=CC=C2N(CC3=CN(CC4=CC=C(C#N)C=C4)N=N3)C5=C(C=CC(C(F)(F)F)=C5)SC2=C1)C6=CC=C(F)C=C6,12.5,1.096910013
O=C(N/N=C/C1=CC=C2N(CC3=CN(CC4=CC=C(C#N)C=C4)N=N3)C5=C(C=CC(C(F)(F)F)=C5)SC2=C1)C6=CC=C([N+]([O-])=O)C=C6,50,1.698970004
O=C(N/N=C/C1=CC=C2N(CC3=CN(CC4=CC=C(C#N)C=C4)N=N3)C5=C(C=CC(C(F)(F)F)=C5)SC2=C1)C6=CC=CC=C6,50,1.698970004
O=C(N/N=C/C1=CC=C2N(CC3=CN(CC4=CC=C(C#N)C=C4)N=N3)C5=C(C=CC(C(F)(F)F)=C5)SC2=C1)C6=CC=NC=C6,50,1.698970004
O=C(N/N=C/C1=CC=C2N(CC3=CN(CC4=CC=C(C#N)C=C4)N=N3)C5=C(C=CC(C(F)(F)F)=C5)SC2=C1)C6=CN=CC=C6,100,2
O=C(N/N=C/C1=CC=C2N(CC3=CN(CC4=CC=C(C#N)C=C4)N=N3)C5=C(C=CC=C5)SC2=C1)C6=CC=C(C)C=C6,50,1.698970004
O=C(N/N=C/C1=CC=C2N(CC3=CN(CC4=CC=C(C#N)C=C4)N=N3)C5=C(C=CC=C5)SC2=C1)C6=CC=C(F)C=C6,12.5,1.096910013
O=C(N/N=C/C1=CC=C2N(CC3=CN(CC4=CC=C(C#N)C=C4)N=N3)C5=C(C=CC=C5)SC2=C1)C6=CC=C([N+]([O-])=O)C=C6,50,1.698970004
O=C(N/N=C/C1=CC=C2N(CC3=CN(CC4=CC=C(C#N)C=C4)N=N3)C5=C(C=CC=C5)SC2=C1)C6=CC=CC=C6,25,1.397940009
O=C(N/N=C/C1=CC=C2N(CC3=CN(CC4=CC=C(C#N)C=C4)N=N3)C5=C(C=CC=C5)SC2=C1)C6=CC=NC=C6,25,1.397940009
O=C(N/N=C/C1=CC=C2N(CC3=CN(CC4=CC=C(C#N)C=C4)N=N3)C5=C(C=CC=C5)SC2=C1)C6=CN=CC=C6,25,1.397940009
O=C(N1C(C)CC2=C1C=CC=C2)CN(N=N3)C=C3CN4C5=CC(C)=C(C)C=C5N=C4.C,25.23087,1.401932226
O=C(N1C(C)CC2=C1C=CC=C2)CN(N=N3)C=C3CN4C5=CC=CC=C5N=C4,24.95281,1.39711946
O=C(N1C(C)CC2=C1C=CC=C2)CN(N=N3)C=C3CN4C5=CC=CC=C5N=C4C,25.1199,1.400017906
O=C(N1C(C)CC2=C1C=CC=C2)CN(N=N3)C=C3CN4C5=CC=CC=C5N=C4C#CC#CC#[NH4],25.17312,1.400937046
O=C(N1C(C)CC2=C1C=CC=C2)CN(N=N3)C=C3CN4C5=CC=CC=C5N=C4C6=CC=CC=C6,25.11768,1.399979523
O=C(N1C(C)CC2=C1C=CC=C2)CN(N=N3)C=C3CN4C5=CC=CC=C5N=C4SC,25.1118,1.399877844
O=C(N1CCC2=C1C=C([N+]([O-])=O)C=C2)CN(N=N3)C=C3CN4C5=CC(C)=C(C)C=C5N=C4,25.02468,1.398368533
O=C(N1CCC2=C1C=C([N+]([O-])=O)C=C2)CN(N=N3)C=C3CN4C5=CC=CC=C5N=C4,25.0108,1.398127583
O=C(N1CCC2=C1C=C([N+]([O-])=O)C=C2)CN(N=N3)C=C3CN4C5=CC=CC=C5N=C4C,12.5229,1.097704913
O=C(N1CCC2=C1C=C([N+]([O-])=O)C=C2)CN(N=N3)C=C3CN4C5=CC=CC=C5N=C4C#CC#CC#[NH4],12.49274,1.096657701
O=C(N1CCC2=C1C=C([N+]([O-])=O)C=C2)CN(N=N3)C=C3CN4C5=CC=CC=C5N=C4C6=CC=CC=C6,24.934,1.396791955
O=C(N1CCC2=C1C=C([N+]([O-])=O)C=C2)CN(N=N3)C=C3CN4C5=CC=CC=C5N=C4SC,25.172,1.400917723
O=C(N1CCC2=C1C=CC=C2)CN(N=N3)C=C3CN4C5=CC(C)=C(C)C=C5N=C4,25.1199,1.400017906
O=C(N1CCC2=C1C=CC=C2)CN(N=N3)C=C3CN4C5=CC=CC=C5N=C4,25.088,1.399466041
O=C(N1CCC2=C1C=CC=C2)CN(N=N3)C=C3CN4C5=CC=CC=C5N=C4C,24.95281,1.39711946
O=C(N1CCC2=C1C=CC=C2)CN(N=N3)C=C3CN4C5=CC=CC=C5N=C4C#CC#CC#[NH4],24.82293,1.394853043
O=C(N1CCC2=C1C=CC=C2)CN(N=N3)C=C3CN4C5=CC=CC=C5N=C4C6=CC=CC=C6,25.201,1.401417774
O=C(N1CCC2=C1C=CC=C2)CN(N=N3)C=C3CN4C5=CC=CC=C5N=C4SC,25.079,1.399310215
O=C(N1CCN(C2=CC=CC=C2)CC1)CN3N=NC(COC4=C5C=CC=CC5=CC=C4)=C3,24.99,1.397766256
O=C(N1CCN(C2=CC=CC=C2)CC1)CN3N=NC(COC4=CC=C(C5=CC=CC=C5)C=C4)=C3,12.49,1.096562438
O=C(N1CCN(C2=CC=CC=C2)CC1)CN3N=NC(COC4=CC=CC=C4)=C3,24.98,1.397592434
O=C(NC1=O)C2=C(C=CC=C2)N1CC3=CN=NN3C4=CC=CC=C4,329.6,2.517987203
O=C(NC1=O)N(CC2=CN(C3=CC=C(C=C3)OC)N=N2)C4=C1C=CC=C4,301,2.478566496
O=C(NCCNC(N)=[NH2+])C1=CN(C2=CC(C(C)(C)C)=CC(C(C)(C)C)=C2)N=N1,16,1.204119983
O=C(NCCNC(N)=[NH2+])C1=CN(C2=CC=C(OCCCCCCC)C=C2)N=N1,8,0.903089987
O=C(NCC[NH3+])C(N=N1)=CN1C2=CC(C(C)(C)C)=CC(C(C)(C)C)=C2,16,1.204119983
O=C(O)C1=CC=C(N2N=NC(COC(C3=O)=CC(C4=C3C=CC=C4)=O)=C2)C=C1,1024,3.010299957
O=C(O)C1=CC=C(N2N=NC(COC3=CC(C(C)C)=CC=C3C)=C2)C=C1,1024,3.010299957
O=C(O)C1=CN(C2CC2)C2=CC(N3CCNCC3)=C(F)C=C2C1=O,25,1.397940009
O=C(OC)C1=CC(C2=C1C=CC=C2)CCCC(N3/N=C/C4=CC=C(Br)C=C4)=NN=C3C5=CC=CC6=CC=CC=C65,16,1.204119983
O=C(OC)C1=CC(C2=C1C=CC=C2)CCCC(N3/N=C/C4=CC=C(Cl)C=C4)=NN=C3C5=CC=CC6=CC=CC=C65,16,1.204119983
O=C(OC)C1=CC(C2=C1C=CC=C2)CCCC(N3/N=C/C4=CC=C(F)C=C4)=NN=C3C5=CC=CC6=CC=CC=C65,4,0.602059991
O=C(OC)C1=CC(C2=C1C=CC=C2)CCCC(N3/N=C/C4=CC=CC(F)=C4)=NN=C3C5=CC=CC6=CC=CC=C65,8,0.903089987
O=C(OC)C1=CC(C2=C1C=CC=C2)CCCC(N3/N=C/C4=CC=CC=C4Cl)=NN=C3C5=CC=CC6=CC=CC=C65,8,0.903089987
O=C(OC)C1=CC(C2=C1C=CC=C2)CCCC(N3/N=C/C4=CC=CO4)=NN=C3C5=CC=CC6=CC=CC=C65,32,1.505149978
O=C(OC1=O)N(CC2=CN(C3=C(Cl)C=CC=C3)N=N2)C4=C1C=CC=C4,149.73,2.175308825
O=C(OC1=O)N(CC2=CN(C3=CC=C(C(Cl)=C3)Cl)N=N2)C4=C1C=CC=C4,137.55,2.138460595
O=C(OC1=O)N(CC2=CN(C3=CC=C(C=C3)OC)N=N2)C4=C1C=CC=C4,150.5,2.1775365
O=C(OC1=O)N(CC2=CN(C3=CC=C([N+]([O-])=O)C=C3)N=N2)C4=C1C=CC=C4,292,2.465382851
O=C(OCC1=CN(CC2=CC=C(C)C=C2)N=N1)/C=C/C3=COC4=C(C=C(C)C=C4)C3=O,499.4691,2.698508625
O=C(OCC1=CN(CC2=CC=C(Cl)C=C2)N=N1)/C=C/C3=COC4=C(C=C(C)C=C4)C3=O,99.916765,1.999638364
O=C(OCC1=CN(CC2=CC=C(Cl)C=C2Cl)N=N1)/C=C/C3=COC4=C(C=C(C)C=C4)C3=O,49.9657,1.698671976
O=C(OCC1=CN(CC2=CC=CC(C)=C2)N=N1)/C=C/C3=COC4=C(C=C(C)C=C4)C3=O,99.8905,1.999524187
O=C(OCC1=CN(CC2=CC=CC(Cl)=C2)N=N1)/C=C/C3=COC4=C(C=C(C)C=C4)C3=O,99.916765,1.999638364
O=C(OCC1=CN(CC2=CC=CC(F)=C2)N=N1)/C=C/C3=COC4=C(C=C(C)C=C4)C3=O,49.94899,1.698526711
O=C(OCC1=CN(CC2=CC=CC=C2)N=N1)/C=C/C3=COC4=C(C=C(C)C=C4)C3=O,99.89712,1.999552968
O=C(OCC1=CN(CC2=CC=CC=C2C)N=N1)/C=C/C3=COC4=C(C=C(C)C=C4)C3=O,998.9382,2.999538621
O=C(OCC1=CN(CC2=CC=CC=C2F)N=N1)/C=C/C3=COC4=C(C=C(C)C=C4)C3=O,499.51085,2.698544926
O=C(O[C@H]1[C@](OC[C@H]2O)([H])[C@]2([H])OC1)CCCCCCCCC(O)CN3N=NC(C4=CC=C5C=C(OC)C=CC5=C4)=C3,31.2,1.494154594
O=C(O[C@H]1[C@](OC[C@H]2O)([H])[C@]2([H])OC1)CCCCCCCCC(O)CN3N=NC(C4=CC=CC=C4)=C3,15.6,1.193124598
O=C(O[C@H]1[C@](OC[C@H]2O)([H])[C@]2([H])OC1)CCCCCCCCC(O)CN3N=NC(CO)=C3,3.9,0.591064607
O=C1C(/N=N/C2=CC=C(C=C2)OCC3=CN(N=N3)C4=CC(OC)=CC=C4)=C(C(C)=CO1)O,128,2.10720997
O=C1C(/N=N/C2=CC=C(C=C2)OCC3=CN(N=N3)C4=CC=C(C=C4)OC)=C(C(C)=CO1)O,128,2.10720997
O=C1C(/N=N/C2=CC=C(C=C2)OCC3=CN(N=N3)C4=CC=CC=C4)=C(C(C)=CO1)O,128,2.10720997
O=C1C(/N=N/C2=CC=C(OCC3=CN(C4=C5C=CC=CC5=CC=C4)N=N3)C=C2)=C(O)C(C)=CO1,256,2.408239965
O=C1C(C(O)=O)=CN(C2=NC(N3C/C(C(C3)CN)=N\OC)=C(C=C12)F)C4CC4,12.5,1.096910013
O=C1C2=CC=CC3=CC=CC(=C32)C(=O)N1CCCN1C=C(CSC(=S)N(N2CCCCC2)N2CCCCC2)N=N1,63.707,1.804187154
O=C1C=C(NCC2=CN(C3=CC=CC([N+]([O-])=O)=C3)N=N2)C4=C(O1)C=CC=C4,800,2.903089987
O=C1C=C(OCC2=CN(C3=CC=C(F)C=C3)N=N2)C4=C(O1)C=CC=C4,1600,3.204119983
O=C1C=C(OCC2=CN(C3=CC=CC=C3OC)N=N2)C4=C(O1)C=CC=C4,1600,3.204119983
O=C1OC2=C(C=CC=C2)C(OCC(N=N3)=CN3CC4=CC=C(Br)C([H])=C4)=C1,4,0.602059991
O=C1OC2=C(C=CC=C2)C(OCC(N=N3)=CN3CC4=CC=C(Cl)C([H])=C4)=C1,4,0.602059991
O=C1OC2=C(C=CC=C2)C(OCC(N=N3)=CN3CC4=CC=C([H])C(Cl)=C4)=C1,4,0.602059991
O=C1OC2=C(C=CC=C2)C(OCC(N=N3)=CN3CC4=CC=C([H])C([N+]([O-])=O)=C4)=C1,4,0.602059991
O=[N+](C(C=C1)=CC=C1/C=N/N2C(SCC3=CN(C4=CC([N+]([O-])=O)=CC=C4)N=N3)NN=C2C5=CC=CC=C5)[O-],152,2.181843588
O=[N+](C(C=C1)=CC=C1/C=N/N2C(SCC3=CN(C4=CC=C([N+]([O-])=O)C=C4)N=N3)NN=C2C5=CC=CC=C5)[O-],527,2.721810615
O=[N+](C(C=C1)=CC=C1N2N=NC(CSC3N(C(C4=CC=CC=C4)=NN3)/N=C/C5=CC=CC=C5)=C2)[O-],452,2.655138435
O=[N+](C(C=C1)=CC=C1N2N=NC(CSC3N(C(C4=CC=CC=C4)=NN3)/N=C/C5=CC=CO5)=C2)[O-],131,2.117271296
O=[N+](C(C=C1)=CC=C1N2N=NC(CSC3N(C(C4=CC=CC=C4)=NN3)/N=C/C5=CC=CS5)=C2)[O-],483,2.683947131
O=[N+](C1=C2N=C(NN3C(C4=CC=CN=C4)=NN=C3C5=CC=C(Cl)C=C5)SC2=CC=C1)[O-],100,2
O=[N+](C1=CC(C=NC2=CC=C(C3=NN=C(S)N3N=CC4=CC=CC([N+]([O-])=O)=C4)C=C2)=CC=C1)[O-],250,2.397940009
O=[N+](C1=CC=C(C=C1)CN2N=NC(CN3C4=C(C=CC=C4)SC5=CC=CC=C35)=C2)[O-],50,1.698970004
O=[N+](C1=CC=C(N2CCN(C(CN3N=NC(COC4=C5C=CC=CC5=CC=C4)=C3)=O)CC2)C=C1)[O-],10.84,1.035029282
O=[N+](C1=CC=C(N2CCN(C(CN3N=NC(COC4=CC=C(Br)C=C4)=C3)=O)CC2)C=C1)[O-],10.31,1.013258665
O=[N+](C1=CC=C(N2CCN(C(CN3N=NC(COC4=CC=C(C5=CC=CC=C5)C=C4)=C3)=O)CC2)C=C1)[O-],10.13,1.005609445
O=[N+](C1=CC=C(N2CCN(C(CN3N=NC(COC4=CC=C(CC)C=C4)=C3)=O)CC2)C=C1)[O-],22.93,1.360404055
O=[N+](C1=CC=C(N2CCN(C(CN3N=NC(COC4=CC=C(Cl)C=C4)=C3)=O)CC2)C=C1)[O-],22.56,1.353339095
O=[N+](C1=CC=C(N2CCN(C(CN3N=NC(COC4=CC=C(F)C=C4)=C3)=O)CC2)C=C1)[O-],23.38,1.368844507
O=[N+](C1=CC=C(N2CCN(C(CN3N=NC(COC4=CC=CC=C4)=C3)=O)CC2)C=C1)[O-],24.77,1.393926007
O=[N+](C1=CC=C2N=C(NN3C(C4=CC=CN=C4)=NN=C3C5=CC=C(Cl)C=C5)SC2=C1)[O-],250,2.397940009
O=[N+](C1=CC=CC(N2N=NC(CSC3N(C(C4=CC=CC=C4)=NN3)/N=C/C5=CC=CC=C5)=C2)=C1)[O-],560,2.748188027
O=[N+](C1=CC=CC(N2N=NC(CSC3N(C(C4=CC=CC=C4)=NN3)/N=C/C5=CC=CO5)=C2)=C1)[O-],193,2.285557309
O=[N+](C1=CC=CC(N2N=NC(CSC3N(C(C4=CC=CC=C4)=NN3)/N=C/C5=CC=CS5)=C2)=C1)[O-],563,2.750508395
O=[N+](C1=CC=CC=C1N2N=NC(CN3C=C(C4=NC5=CC=CC=C5N4)C6=C3C=CC=C6)=C2)[O-],3.125,0.494850022
O=[N+]([O-])C1=CC=C(/C=N/N2C(=S)NN=C2C2=CC=CC=C2)C=C1,959,2.981818607
O=[N+]([O-])C1=CC=C(CN2C=C(N=N2)COC3=CC4=C(C(C)=C3)C=CC(O4)=O)C=C1[H],2,0.301029996
OC(C=C1)=CC=C1CN(N=N2)C=C2CN3C4=CC=CC=C4SC5=C3C=CC=C5,50,1.698970004
OC1=C(/N=N/C2=CC=C(OCC3=CN(C4=CC=C(OC)C=C4)N=N3)C=C2)C=C(OCO5)C5=C1,128,2.10720997
OC1=C(/N=N/C2=CC=C(OCC3=CN(C4=CC=CC=C4)N=N3)C=C2)C=C(OCO5)C5=C1,256,2.408239965
OC1=C(C=C2OCOC2=C1)/N=N/C3=CC=C(C=C3)OCC4=CN(N=N4)C5=CC(OC)=CC=C5,256,2.408239965
OC1=C(C=C2OCOC2=C1)/N=N/C3=CC=C(C=C3)OCC4=CN(N=N4)C5=CC=C(C=C5)OC,256,2.408239965
OC1=CC=C(C=NC2=CC=C(C3=NN=C(S)N3N=CC4=CC=C(O)C=C4)C=C2)C=C1,250,2.397940009
OC1=CC=C(C=NC2=CC=C(C3=NN=C(S)O3)C=C2)C=C1,250,2.397940009
S=C1N(/N=C/C2=CC=CC=C2)C(C3=CC=CC=C3)=NN1,1291,3.110926242
S=C1N(C(C2=CC=CC=C2)=NN1)/N=C/C3=CC=CO3,1036,3.015359755
S=C1N(C(C2=CC=CC=C2)=NN1)/N=C/C3=CC=C[s]3,1355,3.131939295
S=C1N(CN2CCCC2)N=C(C2=CC=CN=C2)N1C1=CC=CC=C1,1000,3
S=C1N(CN2CCCC2)N=C(C3CC3)N1C4=CC=C(Cl)C=C4,1000,3
S=C1N(CN2CCCCC2)N=C(C3=CC=CN=C3)N1C4=CC=CC=C4,1000,3
S=C1N(CN2CCCCC2)N=C(C3CC3)N1C4=CC=C(Cl)C=C4,1000,3
S=C1N(CN2CCCCC2)N=C(C3CCCC3)N1C4=CC=C(Cl)C=C4Cl,1000,3
S=C1N(CN2CCN(C)CC2)N=C(C3=CC=CS3)N1C4=CC=C(F)C=C4,22.4,1.350248018
S=C1N(CN2CCN(C3=CC=CC=C3)CC2)N=C(C4=CC=CN=C4)N1C5=CC=CC=C5,1000,3
S=C1N(CN2CCSCC2)N=C(C3=CC=CS3)N1C4=CC=C(F)C=C4Br,24,1.380211242
S=C1N(N)C(C2=CC=CC=C2)=NN1,2559,3.408070286
SC1=NN=C(C2=CC=C(N)C=C2)N1N,200,2.301029996
SC1=NN=C(C2=CC=C(N)C=C2)O1,250,2.397940009
SC1=NN=C(C2=CC=C(N=CC3=CC=C(Cl)C=C3)C=C2)N1N=CC4=CC=C(Cl)C=C4,100,2
SC1=NN=C(C2=CC=C(N=CC3=CC=C(Cl)C=C3)C=C2)O1,125,2.096910013
SC1=NN=C(C2=CC=C(N=CC3=CC=C(OC)C=C3)C=C2)N1N=CC4=CC=C(OC)C=C4,250,2.397940009
SC1=NN=C(C2=CC=C(N=CC3=CC=C(OC)C=C3)C=C2)O1,125,2.096910013
SC1=NN=C(C2=CC=C(N=CC3=CC=CC([N+]([O-])=O)=C3)C=C2)O1,200,2.301029996
SC1=NN=C(C2=CC=C(N=CC3=CC=CS3)C=C2)N1N=CC4=CC=CS4,250,2.397940009
SC1=NN=C(C2=CC=C(N=CC3=CC=CS3)C=C2)O1,250,2.397940009
SC1=NN=C(N1/N=C/C2=CC(OC)=C(OC)C(OC)=C2)C3=NC=CN=C3,6.25,0.795880017
SC1=NN=C(N1/N=C/C2=CC(OC)=C(OC)C=C2OC)C3=NC=CN=C3,6.25,0.795880017
SC1=NN=C(N1/N=C/C2=CC=C(Br)C=C2)C3=NC=CN=C3,50,1.698970004
SC1=NN=C(N1/N=C/C2=CC=C(C)C=C2)C3=NC=CN=C3,12.5,1.096910013
SC1=NN=C(N1/N=C/C2=CC=C(Cl)C=C2)C3=NC=CN=C3,50,1.698970004
SC1=NN=C(N1/N=C/C2=CC=C(Cl)C=C2Cl)C3=NC=CN=C3,50,1.698970004
SC1=NN=C(N1/N=C/C2=CC=C(O)C(O)=C2)C3=NC=CN=C3,12.5,1.096910013
SC1=NN=C(N1/N=C/C2=CC=C(O)C=C2)C3=NC=CN=C3,0.39,-0.408935393
SC1=NN=C(N1/N=C/C2=CC=C(OC)C(OC)=C2)C3=NC=CN=C3,25,1.397940009
SC1=NN=C(N1/N=C/C2=CC=CC(O)=C2)C3=NC=CN=C3,25,1.397940009
SC1=NN=C(N1/N=C/C2=CC=CC=C2O)C3=NC=CN=C3,12.5,1.096910013
SC1=NN=C(N1/N=C/C2=CC=CC=C2OC)C3=NC=CN=C3,12.5,1.096910013
SC1=NN=C(N1/N=C/C=C/C2=CC=CC=C2)C3=NC=CN=C3,12.5,1.096910013
[H]C1=C(Br)C([H])=C([H])C(/C=N\N2C(S)=NN=C2CCCCCCCCCCCCCCC)=C1,50,1.698970004
[H]C1=C(C(Br)=C(C=C1)N2C=C(N=N2)COC3=CC=C(C=C3)C4=NC5=CC=CC=C5S4)[H],8.06,0.906335042
[H]C1=C(C([H])=C(C=C1)N2C=C(N=N2)COC3=CC=C(C=C3)C4=NC5=CC=CC=C5S4)Br,8.54,0.931457871
[H]C1=C(C)C([H])=C([H])C(/C=N\N2C(S)=NN=C2CCCCCCCCCCCCCCC)=C1,50,1.698970004
[H]C1=C(C=O)C([H])=C([H])C(/C=N\N2C(S)=NN=C2CCCCCCCCCCCCCCC)=C1,50,1.698970004
[H]C1=C(Cl)C([H])=C(CN2C=C(COC3=CC=C(C4=NC5=CC=CC=C5S4)C=C3)N=N2)C=C1,8.02,0.904174368
[H]C1=C(Cl)C([H])=C(Cl)C(/C=N\N2C(S)=NN=C2CCCCCCCCCCCCCCC)=C1,50,1.698970004
[H]C1=C(Cl)C([H])=C(N2C=C(COC3=CC=C(C4=NC5=CC=CC=C5S4)C=C3)N=N2)C=C1,8.44,0.926342447
[H]C1=C(Cl)C([H])=C(NC(=O)CN2C=C(COC3=CC=C(C4=NC5=CC=CC=C5S4)C=C3)N=N2)C=C1,10.62,1.026124517
[H]C1=C(Cl)C([H])=C([H])C(/C=N\N2C(S)=NN=C2CCCCCCCCCCCCCCC)=C1,50,1.698970004
[H]C1=C(Cl)C=CC(N2C=C(COC3=CC=C(C4=NC5=CC=CC=C5S4)C=C3)N=N2)=C1[H],8.11,0.909020854
[H]C1=C(N(C)C)C([H])=C([H])C(/C=N\N2C(S)=NN=C2CCCCCCCCCCCCCCC)=C1,25,1.397940009
[H]C1=C(O)C([H])=C([H])C(/C=N\N2C(S)=NN=C2CCCCCCCCCCCCCCC)=C1,25,1.397940009
[H]C1=C(OC)C(O)=C([H])C(/C=N\N2C(S)=NN=C2CCCCCCCCCCCCCCC)=C1,25,1.397940009
[H]C1=C(OC)C(OC)=C(OC)C=C1/C=N\N1C(S)=NN=C1CCCCCCCCCCCCCCC,12.5,1.096910013
[H]C1=C(OC)C(OC)=C([H])C(/C=N\N2C(S)=NN=C2CCCCCCCCCCCCCCC)=C1,50,1.698970004
[H]C1=C([H])C(Br)=C([H])C(/C=N\N2C(S)=NN=C2CCCCCCCCCCCCCCC)=C1,100,2
[H]C1=C([H])C(O)=C(/C=N/N2C(=S)N([H])N=C2CC2=C(C)N([H])C3=CC=C(F)C=C32)C=C1Cl,72.5,1.860338007
[H]C1=C([H])C(O)=C(/C=N/N2C(=S)N([H])N=C2CC2=C(C)N([H])C3=CC=C(F)C=C32)C=C1OC,125,2.096910013
[H]C1=C([H])C([H])=C(CN2C=C(COC3=CC=C(C4=NC5=CC=CC=C5S4)C=C3)N=N2)C=C1,9.4,0.973127854
[H]C1=C([H])C([H])=C(N2C=C(COC3=CC=C(C4=NC5=CC=CC=C5S4)C=C3)N=N2)C=C1,7.99,0.902546779
[H]C1=C([H])C([H])=C(O)C(/C=N\N2C(S)=NN=C2CCCCCCCCCCCCCCC)=C1,50,1.698970004
[H]C1=C([H])C([H])=C([H])C(/C=N\N2C(S)=NN=C2CCCCCCCCCCCCCCC)=C1,100,2
[H]C1=C([H])C([H])=C([N+](=O)[O-])C(/C=N\N2C(S)=NN=C2CCCCCCCCCCCCCCC)=C1,100,2
[H]C1=C([H])C([N+](=O)[O-])=C([H])C(/C=N\N2C(S)=NN=C2CCCCCCCCCCCCCCC)=C1,100,2
[H]C1=C([N+](=O)[O-])C([H])=C([H])C(/C=N\N2C(S)=NN=C2CCCCCCCCCCCCCCC)=C1,100,2
[H]C1=CC(/C=N/N2C(=S)N([H])N=C2CC2=C(C)N([H])C3=CC=C(F)C=C32)=C(O)C([H])=C1[H],125,2.096910013
[H]C1=CC(/C=N/N2C(=S)N([H])N=C2CC2=C(C)N([H])C3=CC=C(F)C=C32)=C(OC)C([H])=C1[H],125,2.096910013
[H]C1=CC(/C=N/N2C(=S)N([H])N=C2CC2=C(C)N([H])C3=CC=C(F)C=C32)=C([H])C(O)=C1[H],125,2.096910013
[H]C1=CC(/C=N/N2C(=S)N([H])N=C2CC2=C(C)N([H])C3=CC=C(F)C=C32)=C([H])C([H])=C1C,125,2.096910013
[H]C1=CC(/C=N/N2C(=S)N([H])N=C2CC2=C(C)N([H])C3=CC=C(F)C=C32)=C([H])C([H])=C1Cl,125,2.096910013
[H]C1=CC(/C=N/N2C(=S)N([H])N=C2CC2=C(C)N([H])C3=CC=C(F)C=C32)=C([H])C([H])=C1F,125,2.096910013
[H]C1=CC(/C=N/N2C(=S)N([H])N=C2CC2=C(C)N([H])C3=CC=C(F)C=C32)=C([H])C([H])=C1OC,125,2.096910013
[H]C1=CC(/C=N/N2C(=S)N([H])N=C2CC2=C(C)N([H])C3=CC=C(F)C=C32)=C([H])C([H])=C1[H],125,2.096910013
[H]C1=CC(CN2C=C(N=N2)COC(C(C=CC=C3)=C3O4)=CC4=O)=CC=C1[N+]([O-])=O,2,0.301029996
[H]C1=CC([H])=C(Cl)C(/C=N\N2C(S)=NN=C2CCCCCCCCCCCCCCC)=C1,50,1.698970004
[H]C1=CC=C(C=C1[H])CN2C=C(N=N2)COC3=CC4=C(C(C)=C3)C=CC(O4)=O,4,0.602059991
[H]C1=CC=C(C=C1[N+]([O-])=O)CN2C=C(N=N2)COC3=CC4=C(C(C)=C3)C=CC(O4)=O,4,0.602059991
[H]C1=CC=C(CN2C=C(N=N2)COC3=CC4=C(C(C)=C3)C=CC(O4)=O)C=C1Cl,4,0.602059991
[H]C1=CC=C2C(N(CC3=CN(CC4=CC=C(C#N)C=C4)N=N3)C(C=CC=C5)=C5S2)=C1,12.5,1.096910013
[H]C1=CC=C2C(N(CC3=CN(CC4=CC=C(F)C=C4)N=N3)C(C=CC=C5)=C5S2)=C1,12.5,1.096910013
[H]C1=CC=C2C(N(CC3=CN(CC4=CC=C(O)C=C4)N=N3)C(C=CC=C5)=C5S2)=C1,50,1.698970004
[H]C1=CC=C2C(N(CC3=CN(CC4=CC=C(OC)C=C4)N=N3)C(C=CC=C5)=C5S2)=C1,25,1.397940009
[H]C1=CC=C2C(N(CC3=CN(CC4=CC=C([N+]([O-])=O)C=C4)N=N3)C(C=CC=C5)=C5S2)=C,50,1.698970004
[H]C1=CC=C2C(N(CC3=CN(CC4=CC=CC=C4F)N=N3)C(C=CC=C5)=C5S2)=C1,12.5,1.096910013
[H]C1=CC=C2C(N(CC3NNN(C4=CC=C(C#N)C=C4)C3)C(C=CC(/C=N/NC(C5=CC=C(C)C=C5)=O)=C6)=C6S2)=C1,50,1.698970004
[H]C1=CC=C2C(N(CC3NNN(C4=CC=C(C#N)C=C4)C3)C(C=CC(/C=N/NC(C5=CC=C(F)C=C5)=O)=C6)=C6S2)=C1,12.5,1.096910013
[H]C1=CC=C2C(N(CC3NNN(C4=CC=C(C#N)C=C4)C3)C(C=CC(/C=N/NC(C5=CC=C([H])C=C5)=O)=C6)=C6S2)=C1,25,1.397940009
[H]C1=CC=C2C(N(CC3NNN(C4=CC=C(C#N)C=C4)C3)C(C=CC(/C=N/NC(C5=CC=C([N+]([O-])=O)C=C5)=O)=C6)=C6S2)=C1,50,1.698970004
[H]C1=CC=C2C(N(CC3NNN(C4=CC=C(C#N)C=C4)C3)C(C=CC(/C=N/NC(C5=CC=CN=C5)=O)=C6)=C6S2)=C1,25,1.397940009
[H]C1=CC=C2C(N(CC3NNN(C4=CC=C(C#N)C=C4)C3)C(C=CC(/C=N/NC(C5=CC=NC=N5)=O)=C6)=C6S2)=C1,50,1.698970004
[H]N1N=C(CC2=C(C)N([H])C3=CC=C(F)C=C32)N(/N=C/C2=CC(OC)=C(O)C=C2)C1=S,125,2.096910013
[H]N1N=C(CC2=C(C)N([H])C3=CC=C(F)C=C32)N(/N=C/C2=CC(OC=O)=C(OC=O)C=C2)C1=S,125,2.096910013
[NH3+]CCNC(C1=CN(C2=CC(C(C)(C)C)=CC(C(C)(C)C)=C2)N=N1)=O,16,1.204119983
