,Smile格式,化合物结构,阳性菌 MIC (μg/mL),,,,,阴性菌 MIC (μg/mL),,,,,细胞毒性 IC50,,,,溶血 HC10   ,EC50,CC50,期刊名、卷、页码,其他数据如：MBC,文献原始数据截图,备注,,,,,,,,,,
1190,,,S.aureus,,,,,E.Coli,,,,,,,,,,EC50,,Bioorganic & Medicinal Chemistry 25 (2017) 5380–5395,,,,,,,,,,,,,
,[NH3+]CCNC(C1=CN(C2=CC(C(C)(C)C)=CC(C(C)(C)C)=C2)N=N1)=O,,16,,,,,16,,,,,,,,,,8,,,,,,,,,,,,,,,
,[NH3+]CCNC(C(N=N1)=CN1C2=CC=C(OCCCCCCC)C=C2)=O,,4,,,,,-,,,,,,,,,,3.5,,,,,,,,,,,,,,,
,[NH3+]CCNC(C(N=N1)=CN1C2=CC=C(C=C2)OCC3=CC(C(C)(C)C)=CC(C(C)(C)C)=C3)=O,,-,,,,,-,,,,,,,,,,2.9,,,,,,,,,,,,,,,
,NC(NCCNC(C(N=N1)=CN1C2=CC(C(C)(C)C)=CC(C(C)(C)C)=C2)=O)=[NH2+],,8,,,,,16,,,,,,,,,,31.3,,,,,,,,,,,,,,,
,NC(NCCNC(C(N=N1)=CN1C2=CC=C(OCCCCCCC)C=C2)=O)=[NH2+],,4,,,,,8,,,,,,,,,,23.8,,,,,,,,,,,,,,,
,NC(NCCNC(C(N=N1)=CN1C2=CC=C(C=C2)OCC3=CC(C(C)(C)C)=CC(C(C)(C)C)=C3)=O)=[NH2+],,8,,,,,-,,,,,,,,,,16.2,,,,,,,,,,,,,,,
,C/C(C(N=N1)=CN1CC2=CC(C(C)(C)C)=CC(C(C)(C)C)=C2)=N/NC(N)=[NH2+],,4,,,,,8,,,,,,,,,,2.3,,,,,,,,,,,,,,,
,C/C(C(N=N1)=CN1C2=CC(C(C)(C)C)=CC(C(C)(C)C)=C2)=N\NC(N)=[NH2+],,4,,,,,4,,,,,,,,,,2.6,,,,,,,,,,,,,,,
,C/C(C(N=N1)=CN1C2=CC=C(OCCCCCCC)C=C2)=N\NC(N)=[NH2+],,-,,,,,16,,,,,,,,,,2,,,,,,,,,,,,,,,
,C/C(C(N=N1)=CN1C2=CC=C(C=C2)OCC3=CC(C(C)(C)C)=CC(C(C)(C)C)=C3)=N\NC(N)=[NH2+],,-,,,,,-,,,,,,,,,,1.9,,,,,,,,,,,,,,,
1195,,,S.aureus,B.Subtilis,,,,E.coli,P.vulgaris,,,,MCF-7 (IC50),HeLa  (IC50),,,,,,"JournalofSaudiChemicalSociety(2017)21,795–802",,,,,,,,,,,,,
,,"3a, Ar=甲氧基苯基",37.5,>150,,,,75,9.37,,,,52.33,55.99,,,,,,,,,,,,,,,,,,,
,,"3b, Ar=1-萘醇",>150,4.687,,,,2.343,>150,,,,14.2,20.21,,,,,,,,,,,,,,,,,,,
,,"3c, Ar=2-氯-5-硝基苯",9.37,18.75,,,,>150,>150,,,,18.58,54.95,,,,,,,,,,,,,,,,,,,
,,"3d, Ar=2-羟基甲基-5-氟苯",>150,>150,,,,>150,4.687,,,,11.34,16.48,,,,,,,,,,,,,,,,,,,
,,"3e, Ar=3-硝基苯",>150,>150,,,,>150,>150,,,,>200,>200,,,,,,,,,,,,,,,,,,,
,,"3f, Ar=4-氯苯基",75,>150,,,,37.5,>150,,,,11.73,51.88,,,,,,,,,,,,,,,,,,,
,,"3g, Ar=4-甲基苯基",>150,>150,,,,>150,>150,,,,>200,>200,,,,,,,,,,,,,,,,,,,
,,"3h, Ar=4-硝基苯",>150,>150,,,,>150,>150,,,,45.01,>200,,,,,,,,,,,,,,,,,,,
,,"3i, Ar=2-甲基苯基",75,>150,,,,37.5,>150,,,,53.41,69.09,,,,,,,,,,,,,,,,,,,
,,"3j, Ar=苯基",>150,37.5,,,,>150,75,,,,>200,>200,,,,,,,,,,,,,,,,,,,
,,"3k, Ar=3-氯苯基",2.343,>150,,,,>150,>150,,,,49.17,24.85,,,,,,,,,,,,,,,,,,,
,,"3l, Ar=3,5-二氯苯基",4.687,2.343,,,,>150,>150,,,,25.68,34.13,,,,,,,,,,,,,,,,,,,
,,"3m, Ar=4-溴苯基",>150,>150,,,,>150,>150,,,,>200,50.66,,,,,,,,,,,,,,,,,,,
,,"3n, Ar=2,6-二溴-4-氟苯基",>150,2.343,,,,1.171,>150,,,,35.3,7.93,,,,,,,,,,,,,,,,,,,
1198,,,"S.aureus ATCC
25923","M.huteus NCIMB
8166",,,,"E.coli ATCC
25922","P.aeruginosa   ATCC
27853",,,,DPPH,ABDS,,,,,,"Arabian Journal of Chemistry (2022) 15, 104226",,,,,,,,,,,,,
,O=C(N(C1=C2C=CC=C1)CC3=CN(N=N3)C4=CC=CC=C4)OC2=O,"4a, C₆H₅",80,163.2,,,,163.2,163.2,,,,0.6016±0.0224,0.6944±0.0064,,,,,,,,,,,,,,,,,,,
,O=C(N(C1=C2C=CC=C1)CC3=CN(N=N3)C4=CC=C(C)C=C4)OC2=O,"4b, 4-MeC₆H₄",76.82,156.98,,,,156.98,156.98,,,,0.73146±0.03006,0.79492±0.14362,,,,,,,,,,,,,,,,,,,
,O=C(OC1=O)N(CC2=CN(C3=CC=C(C=C3)OC)N=N2)C4=C1C=CC=C4,"4c, 4-OMeC₆H₄",301,301,,,,150.5,150.5,,,,0.16065±0.007,1.687±0.049,,,,,,,,,,,,,,,,,,,
,O=C(OC1=O)N(CC2=CN(C3=C(Cl)C=CC=C3)N=N2)C4=C1C=CC=C4,"4d, 2-CIC₆H₄",74.865,307.02,,,,149.73,74.865,,,,0.81995±0.003565,1.450955±0.203205,,,,,,,,,,,,,,,,,,,
,O=C(N(C1=C2C=CC=C1)CC3=CN(N=N3)C4=CC(Cl)=CC=C4)OC2=O,"4e, 3-CIC₆H₄",149.73,299.46,,,,149.73,149.73,,,,＞2.4955,＞2.4955,,,,,,,,,,,,,,,,,,,
,O=C(N(C1=C2C=CC=C1)CC3=CN(N=N3)C4=CC(Cl)=C(Cl)C=C4Cl)OC2=O,"4f, 2,4,5-Cl₃C₆H₄",124.555,249.11,,,,124.555,249.11,,,,1.27991±0.00859,1.6321±0.004295,,,,,,,,,,,,,,,,,,,
,O=C(OC1=O)N(CC2=CN(C3=CC=C(C(Cl)=C3)Cl)N=N2)C4=C1C=CC=C4,"4g, 3,4-Cl₂C₆H₄",137.55,279.03,,,,137.55,137.55,,,,＞2.751,＞2.751,,,,,,,,,,,,,,,,,,,
,O=C(N(C1=C2C=CC=C1)CC3=CN(N=N3)C4=CC=CC([N+]([O-])=O)=C4)OC2=O,"4h, 3-NO₂C₆H₄",146,292,,,,146,146,,,,＞2.555,＞2.555,,,,,,,,,,,,,,,,,,,
,O=C(OC1=O)N(CC2=CN(C3=CC=C([N+]([O-])=O)C=C3)N=N2)C4=C1C=CC=C4,"4i, 4-NO₂C₆H₄",146,73,,,,292,146,,,,＞2.555,＞2.555,,,,,,,,,,,,,,,,,,,
,O=C(NC1=O)C2=C(C=CC=C2)N1CC3=CN=NN3C4=CC=CC=C4,"5a, C₆Hs",163.2,329.6,,,,329.6,163.2,,,,1.7856±0.0128,2.1632±0.1024,,,,,,,,,,,,,,,,,,,
,O=C(N(C1=C2C=CC=C1)CC3=CN=NN3C4=CC=C(C)C=C4)NC2=O,"5b, 4-MeC₆H₄",156.98,313.96,,,,156.98,156.98,,,,＞2.338,＞2.338,,,,,,,,,,,,,,,,,,,
,O=C(NC1=O)N(CC2=CN(C3=CC=C(C=C3)OC)N=N2)C4=C1C=CC=C4,"5c, 4-OMeC₆H₄",150.5,301,,,,301,150.5,,,,0.9065±0.119,2.3555±0.112,,,,,,,,,,,,,,,,,,,
,O=C(N(C1=C2C=CC=C1)CC3=CN(N=N3)C4=C(C=CC=C4)Cl)NC2=O,"5d, 2-CIC₆H₄",149.73,299.46,,,,299.46,74.865,,,,1.486605±0.03565,2.43133±0.060605,,,,,,,,,,,,,,,,,,,
,O=C(N(C1=C2C=CC=C1)CC3=CN(N=N3)C4=CC(Cl)=CC=C4)NC2=O,"5e, 3-CIC₆H₄",149.73,299.46,,,,299.46,149.73,,,,2.10335±0.03565,2.128305±0.00713,,,,,,,,,,,,,,,,,,,
,O=C(N(C1=C2C=CC=C1)CC3=CN(N=N3)C4=CC(Cl)=C(Cl)C=C4Cl)NC2=O,"5f, 2,4,5-Cl₃C₆H₄",249.11,249.11,,,,249.11,124.555,,,,＞3.0065,＞3.0065,,,,,,,,,,,,,,,,,,,
,O=C(N(C1=C2C=CC=C1)CC3=CN(N=N3)C4=CC=C(Cl)C=C4)NC2=O,"5j, 4-CIC₆H₄",181.23,362.46,,,,181.23,181.23,,,,＞3.0205,＞3.0205,,,,,,,,,,多的IC50,,,,,,,,,
1358,,,金黄色葡萄球菌（μg/ml）,,,,,大肠杆菌（μg/ml）,铜绿假单胞菌,普通变形杆菌,,,IC50（μg/ml）,,,,,,,Journal of Molecular Structure 1242 (2021) 130786 ,,,,,,,,,,,,,
,CC(NC1=CC=CC(OCC2=CN(CC3=CC=CC=C3)N=N2)=C1)=O,7a -C₆H₅(苯基),50.00 ± 0.26,,,,,50.00 ± 0.06,50.00 ± 0.13,50.00 ± 0.26,,,6.99 ± 0.26,,,,,,,,,,,,,,,,,,,,
,CC(NC1=CC=CC(OCC2=CN(CC3=CC=CC=C3F)N=N2)=C1)=O,7b -C₆H₄-2-F (邻氟苯基),999.42 ± 0.58,,,,,49.99 ± 0.10,99.95 ± 0.07,99.95 ± 0.17,,,14.99 ± 0.95,,,,,,,,,,,,,,,,,,,,
,CC(NC1=CC=CC(OCC2=CN(CC3=CC=CC(F)=C3)N=N2)=C1)=O,7c -C₆H₄-3-F (间氟苯基),999.42 ± 0.41,,,,,99.95 ± 0.34,49.99 ± 0.41,49.99 ± 0.38,,,11.99 ± 0.14,,,,,,,,,,,,,,,,,,,,
,CC(NC1=CC=CC(OCC2=CN(CC3=CC=C(F)C=C3)N=N2)=C1)=O,7d -C₆H₄-4-F (对氟苯基),999.42 ± 0.65,,,,,99.95 ± 0.07,49.99 ± 0.10,49.99 ± 0.34,,,6.99 ± 0.10,,,,,,,,,,,,,,,,,,,,
,CC(NC1=CC=CC(OCC2=CN(CC3=CC=CC=C3Cl)N=N2)=C1)=O,7e -C₆H₄-2-Cl (邻氯苯基),-,,,,,-,-,-,,,5.03 ± 0.29,,,,,,,,,,,,,,,,,,,,
,CC(NC1=CC=CC(OCC2=CN(CC3=CC=CC(Cl)=C3)N=N2)=C1)=O,7f -C₆H₄-3-Cl (间氯苯基),-,,,,,-,-,-,,,6.99 ± 0.18,,,,,,,,,,,,,,,,,,,,
,CC(NC1=CC=CC(OCC2=CN(CC3=CC=C(Cl)C=C3)N=N2)=C1)=O,7g -C₆H₄-4-Cl (对氯苯基),-,,,,,-,50.28 ± 0.43, 50.28 ± 0.11,,,13.07 ± 1.25,,,,,,,,,,,,,,,,,,,,
,CC(NC1=CC=CC(OCC2=CN(CC3=CC=C(Cl)C=C3Cl)N=N2)=C1)=O,"7h -C₆H₃ - 2,4 - Cl₂（2,4 - 二氯苯基）",997.63 ± 0.98,,,,,997.63 ± 0.20,997.63 ± 0.62,997.63 ± 0.74,,,7.97 ± 0.39,,,,,,,,,,,,,,,,,,,,
,CC(NC1=CC=CC(OCC2=CN(CC3=CC=C(Cl)C(Cl)=C3)N=N2)=C1)=O,"7i -C₆H₃ - 3,4 - Cl₂（3,4 - 二氯苯基）",997.63 ± 0.70,,,,,498.82 ± 0.12,498.82 ± 0.31,498.82 ± 0.23,,,6.98 ± 0.23,,,,,,,,,,,,,,,,,,,,
,CC(NC1=CC=CC(OCC2=CN(CC3=CC=CC=C3C)N=N2)=C1)=O,7j -C₆H₄-2-CH₃(邻甲基苯基),-,,,,,-,-,49.98 ± 0.07,,,8.99 ± 0.40,,,,,,,,,,,,,,,,,,,,
,CC(NC1=CC=CC(OCC2=CN(CC3=CC=CC(C)=C3)N=N2)=C1)=O,7k -C₆H₄-3-CH₃(间甲基苯基),-,,,,,-,-,99.97 ± 0.37,,,8.99 ± 0.37,,,,,,,,,,,,,,,,,,,,
,CC(NC1=CC=CC(OCC2=CN(CC3=CC=C(C)C=C3)N=N2)=C1)=O,7l -C₆H₄-4-CH₃(对甲基苯基),-,,,,,-,-,52.17 ± 0.13,,,6.99 ± 0.13,,,,,,,,,,,,,,,,,,,,
1399,,,,Gram-positive VRE（）,Gram-positive MRSA（）,,,,Gram-negative Ac.Baumannii（）,Gram-negative Car.Resistant Ps.Aeruginosa（）,Gram-negative Klebsiella pneumoniae（）,Gram-negative Enterobacter aerogenes（）,IC50,,,,,,,Journal of Molecular Structure 1317 (2024) 139006,,,,,,,,,,,,,
,,3a：R = H,,2.5×10⁵,2.5×10⁵,,,,2.5×10⁵,2.5×10⁵,2.0×10⁵,2.0×10⁵,0.64777,,,,,,,,,,,,,,,,,,,,
,,3b：R = 3 - Me,,2.5×10⁵,5.0×10⁴,,,,2.0×10⁵,2.5×10⁵,1.2×10⁵,2.0×10⁵,0.70299,,,,,,,,,,,,,,,,,,,,
,,3c：R = 4 - Me,,2.5×10⁵,2.0×10⁵,,,,2.5×10⁵,2.0×10⁵,2.0×10⁵,2.5×10⁵,0.59706,,,,,,,,,,,,,,,,,,,,
,,3d：R = 2 - OMe,,1.5×10⁵,1.9×10⁵,,,,9.9×10⁴,1.9×10⁵,4.9×10⁴,1.5×10⁵,0.61671,,,,,,,,,,,,,,,,,,,,
,,3e：R = 4 - OMe,,2.5×10⁵,1.9×10⁵,,,,2.5×10⁵,1.9×10⁵,1.9×10⁵,9.9×10⁴,0.70096,,,,,,,,,,,,,,,,,,,,
,,3f：R = 2 - Cl,,5.0×10⁴,5.0×10⁴,,,,5.0×10⁴,1.2×10⁵,5.0×10⁴,1.2×10⁵,0.4781,,,,,,,,,,,,,,,,,,,,
,,3g：R = 3 - Cl,,1.9×10⁵,2.5×10⁵,,,,1.2×10⁵,2.5×10⁵,9.9×10⁴,1.9×10⁵,0.26637,,,,,,,,,,,,,,,,,,,,
,,3h：R = 4 - Cl,,1.2×10⁵,5.0×10⁴,,,,5.0×10⁴,5.0×10⁴,1.9×10⁵,5.0×10⁴,0.51908,,,,,,,,,,,,,,,,,,,,
,,"3i：R = 2,4,5 - tri - Cl",,6.2×10⁴,1.9×10⁵,,,,6.2×10⁴,1.2×10⁵,6.2×10⁴,1.9×10⁵,0.45976,,,,,,,,,,,,,,,,,,,,
,,3j：R = 4 - F,,1.2×10⁵,2.0×10⁵,,,,2.0×10⁵,1.2×10⁵,2.0×10⁵,9.9×10⁴,0.468,,,,,,,,,,,,,,,,,,,,
,,3k：R = 3 - CF₃,,2.0×10⁵,6.4×10⁴,,,,5.1×10⁴,6.4×10⁴,6.4×10⁴,2.0×10⁵,0.2709,,,,,,,,,,,,,,,,,,,,
,,3l：R = 4 - Br,,5.0×10⁴,9.9×10⁴,,,,5.0×10⁴,5.0×10⁴,5.0×10⁴,5.0×10⁴,0.26634,,,,,,,,,,,,,,,,,,,,
,,3m：R = 3 - NO₂,,4.9×10⁴,4.9×10⁴,,,,4.9×10⁴,1.9×10⁵,4.9×10⁴,1.9×10⁵,0.41888,,,,,,,,,,,,,,,,,,,,
,,3n：R = 4 - NO₂,,1.2×10⁵,9.9×10⁴,,,,1.2×10⁵,1.9×10⁵,2.5×10⁵,1.2×10⁵,0.264,,,,,,,,,,,,,,,,,,,,
,,3o：R = 4 - COOH,,2.0×10⁵,1.2×10⁵,,,,2.0×10⁵,1.2×10⁵,2.0×10⁵,1.2×10⁵,0.57915,,,,,,,,,,多的MIC,,,,,,,,,,
1462,,, S.aureus,B.subtilis,M.luteus,MRSA,,E.coli(DH52),E.coli JM109,S.dysenterie,P.Aeruginosa,S.typhi,IC50（μg/ml）,,,,,,,European Journal of Medicinal Chemistry 150 (2018) 228e247,,, B.Proteus,,,,,,,,,,
,CCOC1=CC=C2N3C(SC2=C1)=NC(C4=CC=CC=C4)=C3CO(C5=CN(CC6=CC=CC(F)=C6)N=N5)C,5n，R1=-OEt，R2=H，R3=F，R4=H,128,128,128,16,,16,128,128,64,32,＜100μg/ml,,,,,,,,,,64,,,,,,,,,,
1464,,,S.aureus,,,,,,,,,,IC50，TGase of A.baumannii.,,,,,,,European Journal of Medicinal Chemistry 150 (2018) 729e741,,,,,,,,,,,,,
,O=P(O)(C[C@H](C(OCC)=O)OCC1=CN(CCCCCCCCCCCC)N=N1)OCCCNCC(C=C2)=CC=C2C3=CC=CC=C3,,4.221,,,,,,,,,,155.44±32.83,,,,,,,,,,,,,,,,,,,,
,O=C(OCC)[C@H](OCC1=CN(CCCCCCCCCCCC)N=N1)CP(OCCCNCC2=CC=C3C=CC=CC3=C2)(O)=O,,4.0572,,,,,,,,,,,,,,,,,,,,,,,,,,,,,,
,,,,,,,,,,,,,,,,,,,,,,,,,,,,,,,,,
,O=P(O)(C[C@H](C(OCC)=O)OCC1=CN(CCCCCCCCCCCC)N=N1)OCCCN(C)CC(C=C2)=CC=C2C3=CC=CC=C3,8，R=Et，Y=Me,4.3092,,,,,,,,,,104.652±0.025855,,,,,,,,,,,,,,,,,,,,
,O=P(O)(C[C@H](C(OCC)=O)OCC1=CN(CCCCCCCCCCCC)N=N1)OCCCN(CC2=CC=C(C3=CC=CC=C3)C=C2)CC(C=C4)=CC=C4C5=CC=CC=C5,9，R=Et，Y=BiPh-4-CH2,374.8,,,,,,,,,,81.519±43.102,,,,,,,,,,,,,,,,,,,,
,O=P(O)(C[C@H](C(OCC)=O)OCC1=CN(CCCCCCCCCCCC)N=N1)OCCCNCC(C=C2)=CC=C2C3=CC=CC=C3,,4.0572,,,,,,,,,,101.108±2.576,,,,,,,,,,,,,,,,,,,,
1466,,,"S.aureus ATCC
43300
(MRSA)",,,,,"E.coli ATCC
25922","P. aeruginosa ATCC
27853","K pneumoniae ATCC
700603","  A. baumannii   ATCC
  19606",,,,,,,,"(HEK-293)
ATCC
CRL-1573",European Journal of Medicinal Chemistry 168 (2019) 386e404,,,,,,,,,,,,,
,,38 AA=Lys，R=Bn，Biphenyl,16,,,,,>32,32,>32,32,,,,,,,,14.2,,,,,,,,,,,,,,
,,39 AA=Lys，R=PhEt，Biphenyl,16,,,,,32,32,32,  >32,,,,,,,,4.8,,,,,,,,,,,,,,
,,40 AA=Lys，R=OBn，Biphenyl,16,,,,,32,32,>32,32,,,,,,,,4.7,,,,,,,,,,,,,,
,,41 AA=Arg，R=Bn，Biphenyl,16,,,,,>32,>32,>32,  >32,,,,,,,,29,,,,,,,,,,,,,,
,,42 AA=Arg，R=PhEt，Biphenyl,16,,,,,>32,>32,>32,  >32,,,,,,,,>32,,,,,,,,,,,,,,
,,43 AA=Arg，R=OBn，Biphenyl,8,,,,,>32,>32,>32,  >32,,,,,,,,>32,,,,,,,,,,,,,,
,,44 AA=Lys，R=Bn，S-Binaphthyl,8,,,,,>32,>32,>32,  >32,,,,,,,,8.6,,,,,,,,,,,,,,
,,45 AA=Lys，R=OBn，S-Binaphthyl,4,,,,,>32,>32,>32,  >32,,,,,,,,3.5,,,,,,,,,,,,,,
,,61 AA=Arg，R=Bn，S-Binaphthyl,4,,,,,>32,>32,>32,  >32,,,,,,,,16.5,,,,,,,,,,,,,,
,,62 AA=Arg，R=PhEt，S-Binaphthyl,4,,,,,>32,>32,>32,  >32,,,,,,,,15.9,,,,,,,,,,,,,,
,,63 AA=Arg，R=OBn，S-Binaphthyl,4,,,,,>32,>32,>32,  >32,,,,,,,,13.8,,,,,,,,,,,,,,
,,,,,,,,,,,,,,,,,,,CC50,,,,,,,,,,,,,,
,,68 R=Bn，Biphenyl,4,,,,,16,32,32,32,,,,,,,,32,,,,,,,,,,,,,,
,,69 R=Fmo，Biphenyl,4,,,,,>32,>32,>32,  >32,,,,,,,,  >32,,,,,,,,,,,,,,
,,70 R=Bn，S-Binaphthyl,2,,,,,8,16,32,32,,,,,,,,12.1,,,,,,,,,,,,,,
,,71 R=PhEt，S-Binaphthyl,2,,,,,8,16,32,32,,,,,,,,27.4,,,,,,,,,,,,,,
1484,,,S.aureus,,,,,E.coli,Paeruginosa,Pvulgaris,,,DPPH,,,,,,,Chemical Data Collections 32 (2021) 100651 ,,,,,,,,,,,,,
R=,O=C(OCC1=CN(CC2=CC=CC=C2)N=N1)/C=C/C3=COC4=C(C=C(C)C=C4)C3=O,,99.89712,,,,,99.89712,499.4856,0,,,21.9748,,,,,,,,,,,,,,,,,,,,
,O=C(OCC1=CN(CC2=CC=CC=C2F)N=N1)/C=C/C3=COC4=C(C=C(C)C=C4)C3=O,,499.51085,,,,,499.51085,499.51085,499.51085,,,7.99033,,,,,,,,,,,,,,,,,,,,
,O=C(OCC1=CN(CC2=CC=CC(F)=C2)N=N1)/C=C/C3=COC4=C(C=C(C)C=C4)C3=O,,499.51085,,,,,49.94899,49.94899,49.94899,,,2.99585,,,,,,,,,,,,,,,,,,,,
,CC1=CC=C2OC=C(/C=C/C(=O)OCC3=CN(C4=CC=C(F)C=C4)N=N3)C(=O)C2=C1,,499.51085,,,,,499.51085,499.51085,499.51085,,,14.98344,,,,,,,,,,,,,,,,,,,,
,O=C(OCC1=CN(CC2=CC=CC(Cl)=C2)N=N1)/C=C/C3=COC4=C(C=C(C)C=C4)C3=O,,99.916765,,,,,99.916765,99.916765,499.583825,,,17.981795,,,,,,,,,,,,,,,,,,,,
,O=C(OCC1=CN(CC2=CC=C(Cl)C=C2)N=N1)/C=C/C3=COC4=C(C=C(C)C=C4)C3=O,,99.916765,,,,,99.916765,49.956205,499.583825,,,8.98872,,,,,,,,,,,,,,,,,,,,
,O=C(OCC1=CN(CC2=CC=CC=C2C)N=N1)/C=C/C3=COC4=C(C=C(C)C=C4)C3=O,,998.9382,,,,,998.9382,998.9382,998.9382,,,7.98875,,,,,,,,,,,,,,,,,,,,
,O=C(OCC1=CN(CC2=CC=CC(C)=C2)N=N1)/C=C/C3=COC4=C(C=C(C)C=C4)C3=O,,499.4691,,,,,99.8905,99.8905,99.8905,,,99.8905,,,,,,,,,,,,,,,,,,,,
,O=C(OCC1=CN(CC2=CC=C(C)C=C2)N=N1)/C=C/C3=COC4=C(C=C(C)C=C4)C3=O,,499.4691,,,,,499.4691,499.4691,499.4691,,,19.9781,,,,,,,,,,,,,,,,,,,,
,O=C(OCC1=CN(CC2=CC=C(Cl)C=C2Cl)N=N1)/C=C/C3=COC4=C(C=C(C)C=C4)C3=O,,49.9657,,,,,49.9657,49.9657,499.6805,,,9.9922,,,,,,,,,,,,,,,,,,,,
1486,,,S.aureus(μg/mL),M.tuberculosis（μg/mL）,,,,"E.Coli
(ug/mL)", P.aeruginosa,,,,VERO cell lines IC50(μg/ml),,,,,,," ChemistrySelect2019,4,2685–2693",,,,,,,,,,,,,
,ClC1=NC2=CC=C(OC)C=C2C=C1COCC3=CN(CC(C4=CC=C(F)C=C4)=O)N=N3,,12.5,6.25,,,,25,25,,,,>3000,,,,,,,,,,,,,,,,,,,,
,,,,,,,,,,,,,,,,,,,,,,,,,,,,,,,,,
,ClC1=NC2=CC=C(OC)C=C2C=C1C(NCC3=CN(CC(C4=CC=C(OC)C=C4)=O)N=N3)=O,,6.25,1.6,,,,12.5,6.25,,,,>1500,,,,,,,,,,,,,,,,,,,,
,ClC1=NC2=CC=C(OC)C=C2C=C1C(NCC3=CN(CC(C4=CC=C(F)C=C4)=O)N=N3)=O,,6.25,1.6,,,,6.25,6.25,,,,>3000,,,,,,,,,,,,,,,,,,,,
,ClC1=NC2=CC=C(OC)C=C2C=C1C(NCC3=CN(CC(C4=CC=C([N+]([O-])=O)C=C4)=O)N=N3)=O,,6.25,6.25,,,,25,50,,,,>2500,,,,,,,,,,,,,,,,,,,,
,ClC1=NC2=CC=C(OC)C=C2C=C1C(NCC3=CN(CC(C4=CC=CC=C4)=O)N=N3)=O,,12.5,6.25,,,,25,25,,,,>2800,,,,,,,,,,,,,,,,,,,,
,ClC1=NC2=CC=C(OC)C=C2C=C1C(NCC3=CN(C4=CC=C(OC)C=C4)N=N3)=O,,6.25,1.6,,,,12.5,12.5,,,,>1500,,,,,,,,,,,,,,,,,,,,
,ClC1=NC2=CC=C(OC)C=C2C=C1C(NCC3=CN(C4=CC=CC=C4)N=N3)=O,,6.25,1.6,,,,12.5,6.25,,,,>1500,,,,,,,,,,,,,,,,,,,,
,ClC1=NC2=CC=C(OC)C=C2C=C1C(NCC3=CN(C4=CC=C(C#N)C=C4)N=N3)=O,,6.25,1.6,,,,6.25,6.25,,,,>800,,,,,,,,,,,多的EC50,,,,,,,,,
1511,,,,,,,,,,,,,,,,,溶血 HC10   ,,CC50," Antibiotics 2021, 10, 913.",,,,,,,,,,,,,
,,36 R1=H，R2=i-pent，R3=Bn,32,32,128,128,,128,64,16,,,,,,,>32,,>32,,,,,,,,,,,,,,
,,37 R1=i-pent，R2=H，R3=Cy,16,32,64,64,,64,16,8,,,,,,,>32,,>32,,,,,,,,,,,,,,
,,38 R1=i-pent，R2=H，R3=CH₂Cy,128,128,128,>128,,>128,>128,128,,,,,,,32,,32,,,,,,,,,,,,,,
,,39 R1=i-pent，R2=H，R3=Bn,32,64,64,32,,128,32,16,,,,,,,>32,,>32,,,,,,,,,,,,,,
,,40 R1=H，R2=i-pent，R3=Cy,16,16,8,8,,64,32,16,,,,,,,32,,32,,,,,,,,,,,,,,
,,41 R1=H，R2=i-pent，R3=CH₂Cy,8,8,16,16,,128,8,16,,,,,,,32,,16,,,,,,,,,,,,,,
,,42 R1=H，R2=i-pent，R3=Bn,8,8,8,8,,32,8,8,,,,,,,32,,32,,,,,,,,,,,,,,
,,43 R1=i-pent，R2=H，R3=Cy,16,16,128,128,,64,64,4,,,,,,,>32,,>32,,,,,,,,,,,,,,
,,44 R1=i-pent，R2=H，R3=CH₂Cy,8,4,32,32,,64,16,4,,,,,,,＞32,,＞32,,,,,,,,,,,,,,
,,45 R1=i-pent，R2=H，R3=Bn,16,16,128,128,,128,64,4,,,,,,,＞32,,＞32,,,,,,,,,,,,,,
,,46 R1=None，R2=None，R3=Bn,32,32,128,128,,128,64,16,,,,,,,＞32,,＞32,,,,,,,,,,,,,,
,,47 R1=None，R2=None，R3=Bn,32,32,128,128,,128,64,16,,,,,,,＞32,,＞32,,,,,,,,,,,,,,
,,48 R1=None，R2=None，R3=Cy,>32,＞32,＞32,＞32,,＞32,＞32,＞32,,,,,,,24.5,,＞32,,,,,,,,,,,,,,
,,49 R1=None，R2=None，R3=CH₂Cy,32,＞32,＞32,＞32,,＞32,＞32,＞32,,,,,,,17.1,,＞32,,,,,,,,,,,,,,
,,50 R1=None，R2=None，R3=Bn,32,＞32,＞32,＞32,,＞32,＞32,＞32,,,,,,,19.8,,＞32,,,,,,,,,,,,,,
1516,,,S.aureus,B.subtilis,,,,    E.coli,P vulgaris,,,,DPPH, H₂O₂,,,,,,"Mol Divers 22, 769–778 (2018)",,,,,,,,,,,,,
,C1(C2=CN(CC3=CN(C4=CC=CC=C4)N=N3)C5=C2C=CC=C5)=NC6=CC=CC=C6N1,4a Ar=phenyl（苯基）,25,25,,,,50,25,,,,14.45±1.04,15.61±0.54,,,,,,,,,,,,,,,,,,,
,ClC1=CC=CC=C1N2N=NC(CN3C=C(C4=NC5=CC=CC=C5N4)C6=C3C=CC=C6)=C2,4b Ar=2 - chlorophenyl（2 - 氯苯基）,6.25,3.125,,,,6.25,6.25,,,,15.32±0.45,17.05±0.71,,,,,,,,,,,,,,,,,,,
,ClC1=CC=C(N2N=NC(CN3C=C(C4=NC5=CC=CC=C5N4)C6=C3C=CC=C6)=C2)C=C1,4c Ar=4 - chlorophenyl（4 - 氯苯基）,3.125,6.25,,,,6.25,6.25,,,,18.54±0.58,18.24±0.49,,,,,,,,,,,,,,,,,,,
,CC1=CC(N2N=NC(CN3C=C(C4=NC5=CC=CC=C5N4)C6=C3C=CC=C6)=C2)=CC=C1,4d Ar=3 - methylphenyl（3 - 甲基苯基）,25,50,,,,25,12.5,,,,14.08±0.42,16.52±1.20,,,,,,,,,,,,,,,,,,,
,CC1=CC=C(N2N=NC(CN3C=C(C4=NC5=CC=CC=C5N4)C6=C3C=CC=C6)=C2)C=C1,4e Ar=4 - methylphenyl（4 - 甲基苯基）,50,25,,,,25,25,,,,10.04±1.10,11.19±0.60,,,,,,,,,,,,,,,,,,,
,COC1=CC=CC=C1N2N=NC(CN3C=C(C4=NC5=CC=CC=C5N4)C6=C3C=CC=C6)=C2,4f Ar=2 - methoxyphenyl（2 - 甲氧基苯基）,50,50,,,,50,25,,,,08.52±0.57,10.18±0.75,,,,,,,,,,,,,,,,,,,
,COC1=CC=C(N2N=NC(CN3C=C(C4=NC5=CC=CC=C5N4)C6=C3C=CC=C6)=C2)C=C1,4g Ar=4 - methoxyphenyl（4 - 甲氧基苯基）,12.5,12.5,,,,25,50,,,,09.25±0.85,10.76±0.42,,,,,,,,,,,,,,,,,,,
,O=[N+](C1=CC=CC=C1N2N=NC(CN3C=C(C4=NC5=CC=CC=C5N4)C6=C3C=CC=C6)=C2)[O-],4h Ar=2 - nitrophenyl（2 - 硝基苯基）,3.125,3.125,,,,3.125,6.25,,,,22.72±0.76,28.12±0.84,,,,,,,,,,,,,,,,,,,
,FC(C1=CC(N2N=NC(CN3C=C(C4=NC5=CC=CC=C5N4)C6=C3C=CC=C6)=C2)=CC=C1)(F)F,4i Ar=3 - (trifluoromethyl) phenyl（3 - 三氟甲基苯基）,25,50,,,,50,50,,,,24.40±0.29,23.25±0.93,,,,,,,,,,,,,,,,,,,
,C1(C2=CN(CC3=CN(CC4=CC=CC=C4)N=N3)C5=C2C=CC=C5)=NC6=CC=CC=C6N1,4j Ar=benzyl（苄基）,12.5,12.5,,,,25,12.5,,,,21.07±0.40,18.53±0.75,,,,,,,,,,,,,,,,,,,
1540,,, S.aureus,B.subtilis,,,,E.coli,,,,,IC50（MDA - MB - 231）（μg/mL）,IC50（HepG - 2）（μg/mL）,IC50（PC12）（μg/mL）,IC50（A549）（μg/mL）,,,, Journal of Chemical Research，March-April 2021: 258 –264,,,,,,,,,,,,,
,,,-,-,,,,,,,,,,,,,,,,,,,,,,,,,,,,,
,O=C1C2=CC=CC3=CC=CC(=C32)C(=O)N1CCCN1C=C(CSC(=S)N(N2CCCC2)N2CCCC2)N=N1,5a：NR1R2 = pyrrolidinyl,63.705,-,,,,-,,,,,>46.5,25.86,8.99,>46.5,,,,,,,,,,,,,,,,,
,O=C1C2=CC=CC3=CC=CC(=C32)C(=O)N1CCCN1C=C(CSC(=S)N(N2CCCCC2)N2CCCCC2)N=N1,5b：NR1R2 = piperidinyl,63.707,-,,,,63.707,,,,,10.09,>47.9,10.25,1.1,,,,,,,,,,,,,,,,,
,O=C1C2=CC=CC3=CC=CC(=C32)C(=O)N1CCCN1C=C(CSC(=S)N(N2CCOCC2)N2CCOCC2)N=N1,5c：NR1R2 = morpholinyl,-,-,,,,-,,,,,>48.1,>48.1,>48.1,>48.1,,,,,,,,,,,,,,,,,
,CN1CCN(N(C(=S)SCC2=CN(CCCN3C(=O)C4=CC=CC5=CC=CC(=C54)C3=O)N=N2)N2CCN(C)CC2)CC1,5d：NR1R2 = 4-methylpiperazin-1-yl,127.946,319.618,,,,63.726,,,,,9.53,19.85,4.92,4.46,,,,,,,,,,,,,,,,,
,O=C1C2=CC=CC3=CC=CC(=C32)C(=O)N1CCCN1C=C(CSC(=S)N(N2CCN(C3=CC=CC=C3)CC2)N2CCN(C3=CC=CC=C3)CC2)N=N1,5e：NR1R2 = 4-phenylpiperazin-1-yl,,,,,,-,,,,,>55.6,>55.6,>55.6,5.04,,,,,,,,,,,,,,,,,
,,,-,-,,,,,,,,,,,,,,,,,,,,,,,,,,,,,
,CN(C)CCN1C(=O)C2=CC=CC3=C(N4C=C(CSC(=S)N(N5CCCC5)N5CCCC5)N=N4)C=CC(=C23)C1=O,7a：NR1R2 = pyrrolidinyl,31.9124,15.9562,,,,-,,,,,>49.4,19.07,>49.4,11.72,,,,,,,,,,,,,,,,,
,CN(C)CCN1C(=O)C2=CC=CC3=C(N4C=C(CSC(=S)N(C5CCCCC5)N5CCCCC5)N=N4)C=CC(=C23)C1=O,7b：NR1R2 = piperidinyl,16.002,31.9532,,,,-,,,,,7.87,17.23,>50.8,2.19,,,,,,,,,,,,,,,,,
,CN(C)CCN1C(=O)C2=CC=C(N3C=C(CSC(=S)N(C4CCOCC4)N4CCOCC4)N=N3)C3=CC=CC(=C23)C1=O,7c：NR1R2 = morpholinyl,15.963,8.007,,,,-,,,,,>51,5.54,>51,7.33,,,,,,,,,,,,,,,,,
,CN(C)CCN1C(=O)C2=CC=CC3=C(N4C=C(CSC(=S)N(C5CCN(C)CC5)N5CCN(C)CC5)N=N4)C=CC(=C23)C1=O,7d：NR1R2 = 4-methylpiperazin-1-yl,63.928,3.9824,,,,-,,,,,15.39,47.92,3.81,1.19,,,,,,,,,,,,,,,,,
,CN(C)CCN1C(=O)C2=CC=C(N3C=C(CSC(=S)N(C4CCN(C5=CC=CC=C5)CC4)N4CCN(C5=CC=CC=C5)CC4)N=N3)C3=CC=CC(=C23)C1=O,7e：NR1R2 = 4-phenylpiperazin-1-yl,-,63.874,,,,-,,,,,>58.6,>58.6,2.82,23.56,,,,,,,,,,,,,,,,,
1546,,,S.aureus,,,,,E.coli,,,,,"IC50(E.coli
MurA),μg/ml","IC50(S.aureus
MurA),μg/ml","IC50(S.aureus
MurZ,μg/ml",,,,,"New J. Chem., 2023, 47, 11800",,,,,,,,,,,,,
,,12a 4-Methoxy-3-(2-(piperidin-1-yl)ethoxy),2.97×10⁻³,,,,,2.97×10⁻³,,,,,1.08×10⁻³,1.09×10⁻³,2.46×10⁻³,,,,,,,,,,,,,,,,,,
,,12b 4-Ethoxy-3-(2-(piperidin-1-yl)ethoxy),3.79×10⁻¹,,,,,1.19×10⁻²,,,,,8.47×10⁻⁴,2.51×10⁻²,1.06×10⁻³,,,,,,,,,,,,,,,,,,
,,12c 4-(2-(Piperidin-1-yl)ethoxy),2.42×10⁻²,,,,,3.68×10⁻¹,,,,,3.22×10⁻²,3.45×10⁻²,8.28×10⁻²,,,,,,,,,,,,,,,,,,
,,"12d 3,5-Dimethoxy-4-(2-(piperidin-1-yl)ethoxy)",3.03×10⁻³,,,,,6.25×10⁻³,,,,,3.14×10⁻⁴,1.09×10⁻³,1.13×10⁻³,,,,,,,,,,,,,,,,,,
,,12e 3-Methoxy-4-(2-(piperidin-1-yl)ethoxy),3.80×10⁻¹,,,,,9.83×10⁻²,,,,,2.30×10⁻⁴,1.17×10⁻³,1.05×10⁻²,,,,,,,,,,,,,,,,,,
,,12f 3-Ethoxy-4-(2-(piperidin-1-yl)ethoxy),3.94×10⁻¹,,,,,3.88×10⁻¹,,,,,3.69×10⁻²,6.02×10⁻²,6.84×10⁻²,,,,,,,,,,,,,,,,,,
,,12g 3-Ethoxy-5-nitro-4-(2-(piperidin-1-yl)ethoxy),3.86×10⁻¹,,,,,4.05×10⁻¹,,,,,6.85×10⁻²,4.37×10⁻²,4.18×10⁻²,,,,,,,,,,,,,,,,,,
,,13a 4-Methoxy-3-(2-morpholinoethoxy),1.84×10⁻¹,,,,,2.31×10⁻²,,,,,4.30×10⁻⁴,1.78×10⁻²,2.15×10⁻²,,,,,,,,,,,,,,,,,,
,,13b 4-Ethoxy-3-(2-morpholinoethoxy),1.48×10⁻³,,,,,7.07×10⁻⁴,,,,,1.28×10⁻⁴,8.69×10⁻⁴,1.03×10⁻³,,,,,,,,,,,,,,,,,,
,,13c 4-(2-Morpholinoethoxy),4.75×10⁻²,,,,,9.50×10⁻²,,,,,1.03×10⁻³,2.10×10⁻²,1.08×10⁻³,,,,,,,,,,,,,,,,,,
,,"13d 3,5-Dimethoxy-4-(2-morpholinoethoxy)",3.81×10⁻¹,,,,,3.81×10⁻¹,,,,,5.15×10⁻²,6.90×10⁻²,7.73×10⁻²,,,,,,,,,,,,,,,,,,
,,13e 3-Methoxy-4-(2-morpholinoethoxy),3.74×10⁻¹,,,,,9.34×10⁻²,,,,,1.91×10⁻²,4.79×10⁻²,5.57×10⁻²,,,,,,,,,,,,,,,,,,
,,13f 3-Ethoxy-4-(2-morpholinoethoxy),3.74×10⁻¹,,,,,4.67×10⁻²,,,,,1.65×10⁻²,1.27×10⁻³,2.31×10⁻²,,,,,,,,,,,,,,,,,,
,,13g 3-Ethoxy-4-(2-morpholinoethoxy)-5-nitro,3.68×10⁻¹,,,,,3.68×10⁻¹,,,,,6.71×10⁻²,4.79×10⁻²,3.99×10⁻²,,,,,,,,,,,,,,,,,,
2980,,,对金黄色葡萄球菌（SA）的 MIC（μg/mL）,对枯草芽孢杆菌（BS）的 MIC（μg/mL）,,,,对大肠杆菌（EC）的 MIC（μg/mL）,,,,,对肝癌细胞（HePG - 2）的（μg/mL）,对乳腺癌细胞（MCF - 7）的（μg/mL）,对前列腺癌细胞（PC - 3）的（μg/mL）,对结肠癌细胞（HCT - 116）的（μg/mL）,,,,"Pharmaceuticals 2024, 17, 1123",,,,,,,,,,,,,
,S=C1NN=C(C2=CC=CS2)N1C3=CC=C(F)C=C3,5a X=H，Y=4-F，R=None,4,1,,,,ND,,,,,1.17×10⁻²,2.20×10⁻²,1.90×10⁻²,2.32×10⁻²,,,,,,,,,,,,,,,,,
,S=C1NN=C(C2=CC=C(Br)S2)N1C3=CC=C(Br)C=C3,5e X=Br，Y=4-Br，R=None,3.2,3.5,,,,ND,,,,,5.32×10⁻³,8.38×10⁻³,1.46×10⁻²,1.28×10⁻²,,,,,,,,,,,,,,,,,
,S=C1N(CN2CCOCC2)N=C(C3=CC=CS3)N1C4=CC=C(F)C=C4,6b X=H，Y=O，R=None,3.8,1.2,,,,ND,,,,,2.79×10⁻³,7.79×10⁻³,9.24×10⁻³,1.88×10⁻²,,,,,,,,,,,,,,,,,
,S=C1N(CN2CCSCC2)N=C(C3=CC=CS3)N1C4=CC=C(F)C=C4,6c X=H，Y=S，R=None,5,ND,,,,ND,,,,,3.50×10⁻³,6.69×10⁻³,7.79×10⁻³,1.50×10⁻²,,,,,,,,,,,,,,,,,
,S=C1N(CN2CCOCC2)N=C(C3=CC=CS3)N1C4=CC=C(F)C=C4Br,6d X=Br，Y=O，R=None,2,3.4,,,,ND,,,,,1.88×10⁻³,2.65×10⁻³,7.91×10⁻³,1.06×10⁻²,,,,,,,,,,,,,,,,,
,S=C1N(CN2CCSCC2)N=C(C3=CC=CS3)N1C4=CC=C(F)C=C4Br,6e X=Br，Y=S，R=None,4.8,3.4,,,,24,,,,,2.38×10⁻³,8.17×10⁻³,1.22×10⁻²,1.92×10⁻²,,,,,,,,,,,,,,,,,
,S=C1N(CN2CCN(C)CC2)N=C(C3=CC=CS3)N1C4=CC=C(F)C=C4,7a X=H，Y=None，R=CH₃,3.2,4.2,,,,22.4,,,,,3.37×10⁻³,5.31×10⁻³,1.12×10⁻²,1.56×10⁻²,,,,,,,,,,,,,,,,,
,S=C1N(CN2CCN(C3=CC=CC=C3)CC2)N=C(C4=CC=CS4)N1C5=CC=C(F)C=C5Br,7c X=Br，Y=None，R=C₆H₅,ND,18.5,,,,ND,,,,,2.45×10⁻³,8.00×10⁻³,8.00×10⁻³,1.08×10⁻²,,,,,,,,,,,,,,,,,
,FC1=CC(Br)=C(N2C(N(CN3CCN(C4=CC=CC=C4OC)CC3)N=C2C5=CC=CS5)=S)C=C1,7d X=Br，Y=None，R=2-CH₃OC₆H₄,2.1,1,,,,ND,,,,,1.82×10⁻³,1.77×10⁻³,7.49×10⁻³,8.00×10⁻³,,,,,,,,,,,,,,,,,
,S=C1N(CN2CCC(C3=CC=CC=C3)CC2)N=C(C4=CC=CS4)N1C5=CC=C(F)C=C5,8 X=None，Y=None，R=None,ND,18.2,,,,ND,,,,,1.49×10⁻²,2.47×10⁻²,2.75×10⁻²,2.75×10⁻²,,,,,,,,,,,,,,,,,
,S=C1N(CN2CC3=C(C=CC=C3)CC2)N=C(C4=CC=CS4)N1C5=CC=C(F)C=C5,9 X=None，Y=None，R=None,18,8.2,,,,ND,,,,,2.19×10⁻²,2.78×10⁻²,2.78×10⁻²,2.78×10⁻²,,,,,,,,,,,,,,,,,
,S=C1N(CN(C)C2=CC=CC=C2)N=C(C3=CC=CS3)N1C4=CC=C(F)C=C4,10a X=None，Y=None，R=CH₃,ND,12.4,,,,ND,,,,,5.53×10⁻³,8.90×10⁻³,1.56×10⁻²,2.78×10⁻²,,,,,,,,,,,,,,,,,
1406,,,化合物,MIC（μg/mL） against MTB H37Rv,MIC（μg/mL） against MTB Spec.192,MIC（μg/mL） against MTB Spec.210,,,,,,,IC50（μM）,,,,,,,Bioorganic Chemistry 100（2020） 103955,,,,,,,,,,,,,
,,7h：R = H，X = H，Y = H,7h,60.71,60.71,60.71,,,,,,,18.59277,,,,,,,,,,,,,,,,,,,,
,,7i：R = H，X = H，Y = H,7i,59.19,59.19,59.19,,,,,,,30.30433,,,,,,,,,,,,,,,,,,,,
,,7j：R = H，X = H，Y = H,7j,59.19,59.19,59.19,,,,,,,45.488172,,,,,,,,,,,,,,,,,,,,
,,,,,,,,,,,,,,,,,,,,,,,,,,,,,,,,,
,,8a：R = H，X = Cl，Y = H,8a,30.35,30.35,30.35,,,,,,,25.823978,,,,,,,,,,,,,,,,,,,,
,,8e：R = H，X = Cl，Y = H,8e,50.94,50.94,>203.76,,,,,,,133.78575,,,,,,,,,,,,,,,,,,,,
,,8f：R = H，X = Cl，Y = H,8f,54.72,54.72,54.72,,,,,,,112.56658,,,,,,,,,,,,,,,,,,,,
,,8i：R = H，X = Cl，Y = H,8i,54.72,54.72,109.44,,,,,,,94.888206,,,,,,,,,,,,,,,,,,,,
,,8l：R = H，X = Cl，Y = H,8l,52,52,52,,,,,,,132.95258,,,,,,,,,,,,,,,,,,,,
,,,,,,,,,,,,,,,,,,,,,,,,,,,,,,,,,
,,9b：R = H，X = Cl，Y = Cl,9b,53.85,53.85,53.85,,,,,,,34.098428,,,,,,,,,,,,,,,,,,,,
,,9c：R = H，X = Cl，Y = Cl,9c,52,52,52,,,,,,,51.5865,,,,,,,,,,,,,,,,,,,,
,,9d：R = H，X = Cl，Y = Cl,9d,47.6,47.6,47.6,,,,,,,150.035355,,,,,,,,,,,,,,,,,,,,
2623,,,S.aureus,,,,,E.Coli,,,,,IC50,,,,,,,"Russian Journal of General Chemistry,2020,90(12):2419–2434",,,,,,,,,,,,,
1,S=C1N(N)C(C2=CC=CC=C2)=NN1,,4302,,,,,2559,,,,,1529,,,,,,,,,,,,,,,,,,,,
2a,S=C1N(/N=C/C2=CC=CC=C2)C(C3=CC=CC=C3)=NN1,,2176,,,,,1291,,,,,1798,,,,,,,,,,,,,,,,,,,,
2b ,C[o]C1=CC=C(/C=N/N(C(C2=CC=CC=C2)=NN3)C3=S)C=C1,,1389,,,,,1134,,,,,2684,,,,,,,,,,,,,,,,,,,,
2c,O=[N+]([O-])C1=CC=C(/C=N/N2C(=S)NN=C2C2=CC=CC=C2)C=C1,,977,,,,,959,,,,,344,,,,,,,,,,,,,,,,,,,,
2d,S=C1N(C(C2=CC=CC=C2)=NN1)/N=C/C3=CC=CO3,,1757,,,,,1036,,,,,1302,,,,,,,,,,,,,,,,,,,,
2e,S=C1N(C(C2=CC=CC=C2)=NN1)/N=C/C3=CC=C[s]3,,1425,,,,,1355,,,,,552,,,,,,,,,,,,,,,,,,,,
3a,C#CCSC1N(C(C2=CC=CC=C2)=NN1)/N=C/C3=CC=CC=C3,,1555,,,,,1137,,,,,983,,,,,,,,,,,,,,,,,,,,
3b,C#CCSC1N(C(C2=CC=CC=C2)=NN1)/N=C/C3=CC=C(OC)C=C3,,1039,,,,,502,,,,,2884,,,,,,,,,,,,,,,,,,,,
3c,C#CCSC1N(C(C2=CC=CC=C2)=NN1)/N=C/C3=CC=C([N+]([O-])=O)C=C3,,848,,,,,842,,,,,1095,,,,,,,,,,,,,,,,,,,,
3d,C#CCSC1N(C(C2=CC=CC=C2)=NN1)/N=C/C3=CC=CO3,,1518,,,,,1226,,,,,772,,,,,,,,,,,,,,,,,,,,
3e,C#CCSC1N(C(C2=CC=CC=C2)=NN1)/N=C/C3=CC=C[s]3,,1279,,,,,663,,,,,2395,,,,,,,,,,,,,,,,,,,,
4a,O=[N+](C(C=C1)=CC=C1N2N=NC(CSC3N(C(C4=CC=CC=C4)=NN3)/N=C/C5=CC=CC=C5)=C2)[O-],,539,,,,,452,,,,,655,,,,,,,,,,,,,,,,,,,,
4b,O=[N+](C1=CC=CC(N2N=NC(CSC3N(C(C4=CC=CC=C4)=NN3)/N=C/C5=CC=CC=C5)=C2)=C1)[O-],,648,,,,,560,,,,,2421,,,,,,,,,,,,,,,,,,,,
4c,COC(C=C1)=CC=C1/C=N/N2C(SCC3=CN(C4=CC=C([N+]([O-])=O)C=C4)N=N3)NN=C2C5=CC=CC=C5,,371,,,,,293,,,,,377,,,,,,,,,,,,,,,,,,,,
4d,COC(C=C1)=CC=C1/C=N/N2C(SCC3=CN(C4=CC([N+]([O-])=O)=CC=C4)N=N3)NN=C2C5=CC=CC=C5,,658,,,,,478,,,,,780,,,,,,,,,,,,,,,,,,,,
4e,O=[N+](C(C=C1)=CC=C1/C=N/N2C(SCC3=CN(C4=CC=C([N+]([O-])=O)C=C4)N=N3)NN=C2C5=CC=CC=C5)[O-],,555,,,,,527,,,,,1399,,,,,,,,,,,,,,,,,,,,
4f,O=[N+](C(C=C1)=CC=C1/C=N/N2C(SCC3=CN(C4=CC([N+]([O-])=O)=CC=C4)N=N3)NN=C2C5=CC=CC=C5)[O-],,569,,,,,152,,,,,95,,,,,,,,,,,,,,,,,,,,
4g,O=[N+](C(C=C1)=CC=C1N2N=NC(CSC3N(C(C4=CC=CC=C4)=NN3)/N=C/C5=CC=CO5)=C2)[O-],,662,,,,,131,,,,,260,,,,,,,,,,,,,,,,,,,,
4h,O=[N+](C1=CC=CC(N2N=NC(CSC3N(C(C4=CC=CC=C4)=NN3)/N=C/C5=CC=CO5)=C2)=C1)[O-],,991,,,,,193,,,,,269,,,,,,,,,,,,,,,,,,,,
4i,O=[N+](C(C=C1)=CC=C1N2N=NC(CSC3N(C(C4=CC=CC=C4)=NN3)/N=C/C5=CC=CS5)=C2)[O-],,598,,,,,483,,,,,264,,,,,,,,,,,,,,,,,,,,
4j,O=[N+](C1=CC=CC(N2N=NC(CSC3N(C(C4=CC=CC=C4)=NN3)/N=C/C5=CC=CS5)=C2)=C1)[O-],,635,,,,,563,,,,,921,,,,,,,,,,,,,,,,,,,,
2648,,,金黄色葡萄球菌 ATCC 6538 ,se12228,Bs6633,Bc10876,M110240,肠杆菌 ATCC 25922,KP3883,PM12453,Pa27853,,,,,,,,,"Journal of Enzyme Inhibition and Medicinal Chemistry, 29(6): 786–795",,,,,,,,,,,,,
2a,S=C1NN=C(C2CC2)N1C1=CC=C(Cl)C=C1,,125,62.5,125,125,31.25,,,,,,毒性不大,,,,,,,,,,,,,,,,,,,,
2c,S=C1NN=C(C2CCCCC2)N1C1=CC=C(Cl)C=C1,,62.5,125,125,125,62.5,,,,,,毒性不大,,,,,,,,,,,,,,,,,,,,
3a,S=C1N(CN2CCCC2)N=C(C3CC3)N1C4=CC=C(Cl)C=C4,,500,250,250,250,125,1000,500,1000,1000,,毒性不大,,,,,,,,,,,,,,,,,,,,
3b,S=C1N(CN2CCCCC2)N=C(C3CC3)N1C4=CC=C(Cl)C=C4,,500,250,250,250,125,1000,500,1000,1000,,毒性不大,,,,,,,,,,,,,,,,,,,,
3e,S=C1N(CN2CCN(C3=CC=CC=C3)CC2)N=C(C4CC4)N1C5=CC=C(Cl)C=C5,,500,500,500,500,500,,500,,,,毒性不大,,,,,,,,,,,,,,,,,,,,
4a,S=C1N(CN2CCCC2)N=C(C3CCCC3)N1C4=CC=C(Cl)C=C4Cl,,500,500,500,500,500,,500,,,,毒性不大,,,,,,,,,,,,,,,,,,,,
4b,S=C1N(CN2CCCCC2)N=C(C3CCCC3)N1C4=CC=C(Cl)C=C4Cl,,500,500,500,125,62.5,1000,500,1000,1000,,毒性不大,,,,,,,,,,,,,,,,,,,,
4d,S=C1N(CN2CCN(CCO)CC2)N=C(C3CCCC3)N1C4=CC=C(Cl)C=C4Cl,,1000,1000,1000,125,125,,500,,,,毒性不大,,,,,,,,,,,,,,,,,,,,
4e,S=C1N(CN2CCN(C3=CC=CC=C3)CC2)N=C(C4CCCC4)N1C5=CC=C(Cl)C=C5Cl,,＞1000,500,250,500,250,,500,,,,毒性不大,,,,,,,,,,,,,,,,,,,,
5c,S=C1N(CN2CCNCC2)N=C(C3CCCCC3)N1C4=CC=C(Cl)C=C4,,125,125,125,62.6,125,,,,,,毒性不大,,,,,,,,,,,,,,,,,,,,
6a,S=C1N(CN2CCCC2)N=C(C2=CC=CN=C2)N1C1=CC=CC=C1,,500,500,500,500,500,1000,500,500,1000,,毒性不大,,,,,,,,,,,,,,,,,,,,
6b,S=C1N(CN2CCCCC2)N=C(C3=CC=CN=C3)N1C4=CC=CC=C4,,500,500,500,500,500,1000,250,500,1000,,毒性不大,,,,,,,,,,,,,,,,,,,,
6e,S=C1N(CN2CCN(C3=CC=CC=C3)CC2)N=C(C4=CC=CN=C4)N1C5=CC=CC=C5,,500,500,500,500,500,1000,500,500,1000,,毒性不大,,,,,,,,,,,,,,,,,,,,
2808,,,S. aureus,B. subtilis,,,,E. coli,P. aeruginosa,,,,S. aureus,B. subtilis,E. coli,P. aeruginosa,,,,"Journal of Chemical Research, 413-416",,,,,,,,,,,,,
,O=C(OC)C1=CC(C2=C1C=CC=C2)CCCC(N3/N=C/C4=CC=CC(O)=C4)=NN=C3C5=CC=CC6=CC=CC=C65,8a 3-HO-C6H4,>128,>128,,,,>128,>128,,,,>64,>64,>64,>64,,,,,,,,,,,,,,,,,
,O=C(OC)C1=CC(C2=C1C=CC=C2)CCCC(N3/N=C/C4=CC=C(Br)C=C4)=NN=C3C5=CC=CC6=CC=CC=C65,8b 4-Br-C6H4,8,16,,,,16,8,,,,5.2,8.1,6.9,4,,,,,,,,,,,,,,,,,
,O=C(C1=CC(CCCC2=NN=C(C3=CC=CC4=CC=CC=C43)N2/N=C/C5=CC=C(C=C5)[N+]([O-])=O)C6=C1C=CC=C6)OC,8c 4-NO2-C6H4,8,8,,,,8,8,,,,6.8,6.5,3.5,4.1,,,,,,,,,,,,,,,,,
,O=C(C1=CC(CCCC2=NN=C(C3=CC=CC4=CC=CC=C43)N2/N=C/C5=CC=C(C=C5)O)C6=C1C=CC=C6)OC,8d 4-HO-C6H4,>128,>128,,,,>128,>128,,,,>64,>64,>64,>64,,,,,,,,,,,,,,,,,
,O=C(OC)C1=CC(C2=C1C=CC=C2)CCCC(N3/N=C/C4=CC=C(F)C=C4)=NN=C3C5=CC=CC6=CC=CC=C65,8e 4-F-C6H4,8,8,,,,4,8,,,,4.2,38,2.3,5,,,,,,,,,,,,,,,,,
,O=C(OC)C1=CC(C2=C1C=CC=C2)CCCC(N3/N=C/C4=CC=CC=C4Cl)=NN=C3C5=CC=CC6=CC=CC=C65,8f 2-Cl-C6H4,8,8,,,,8,4,,,,4.1,3.9,3.9,2.4,,,,,,,,,,,,,,,,,
,O=C(OC)C1=CC(C2=C1C=CC=C2)CCCC(N3/N=C/C4=CC=CO4)=NN=C3C5=CC=CC6=CC=CC=C65,8g 2-furyl,64,>128,,,,32,>128,,,,29.7,>64,23.4,>64,,,,,,,,,,,,,,,,,
,O=C(OC)C1=CC(C2=C1C=CC=C2)CCCC(N3/N=C/C4=CC=C(Cl)C=C4)=NN=C3C5=CC=CC6=CC=CC=C65,8h 4-Cl-C6H4,16,8,,,,16,4,,,,9.1,64,7.9,2.8,,,,,,,,,,,,,,,,,
,O=C(C1=CC(CCCC2=NN=C(C3=CC=CC4=CC=CC=C43)N2/N=C/C5=CC=C(C=C5)OC)C6=C1C=CC=C6)OC,8i 4-CH3O-C6H4,64,>128,,,,>128,32,,,,35.9,>64,>64,24.1,,,,,,,,,,,,,,,,,
,O=C(OC)C1=CC(C2=C1C=CC=C2)CCCC(N3/N=C/C4=CC=CC=C4O)=NN=C3C5=CC=CC6=CC=CC=C65,8j 2-HO-C6H4,>128,>128,,,,>128,>128,,,,>64,>64,>64,>64,,,,,,,,,,,,,,,,,
,O=C(OC)C1=CC(C2=C1C=CC=C2)CCCC(N3/N=C/C4=CC=CC(F)=C4)=NN=C3C5=CC=CC6=CC=CC=C65,8k 3-F-C6H4,4,8,,,,8,4,,,,3,3.3,4,1.8,,,,,,,,,,,,,,,,,
,O=C(OC)C1=CC(C2=C1C=CC=C2)CCCC(N3/N=C/C4=CC=CC=C4)=NN=C3C5=CC=CC6=CC=CC=C65,8l pheny,>128,>128,,,,>128,>128,,,,>64,>64,>64,>64,,,,,,,,,,,,,,,,,
2810,,,S. aureus,,,,,E. coli,P. aeruginosa,,,,E. coli,B. subtilis,P. aeruginosa,S. aureus,,,,"Journal of Chemical Research, 2014, 38(5): 300-303",,,,,,,,,,,,,
,,8b R = 4-FC6H4,32,,,,,/,32,,,,/,/,17.34,18.72,,,,,,,,,,,,,,,,,
,,"8d R= 2,4-F2C6H3",/,,,,,/,64,,,,/,/,32.45,/,,,,,,,,,,,,,,,,,
,,8f R= 4-ClC6H4,64,,,,,/,64,,,,/,/,32.26,32.46,,,,,,,,,,,,,,,,,
,,8h R = 2-BrC6H4,128,,,,,/,64,,,,/,/,33.45,63.43,,,,,,,,,,,,,,,,,
2963,,,S. aureus ,B. cereus,,,,E. coli ,P. aeruginosa,,,,MCF - 7 Human breast adenocarcinoma cell line,HUVEC Human umbilical vein endothelial cell line,MKN - 45 Human gastric cancer cell line,,,,,"Biointerface Research in Applied Chemistry，Volume 12, Issue 1, 2022, 809 - 823",,,,,,,,,,,,,
,CCN1C(SCC2=CC(=O)OC3=C(C)C=C(C)C=C23)=NN=C1C1=CC=CS1,,2.5,2.5,,,,2.5,2.5,,,,981.198,978.561,196.475,,,,,,,,,,,,,,,,,,
2134,,,S.aureus,Micrococcus luteus,BC,,,E.Coli,PF,FD,,,IC50,,,,,,,"Med Chem Res,16,1519-9",,,,,,,,,,,,,
,,,,,,,,,,,,,,,,,,,,,,,,,,,,,,,,,
,O=[N+]([O-])C1=CC=C(CN2C=C(N=N2)COC3=CC4=C(C(C)=C3)C=CC(O4)=O)C=C1[H],"4a,R1 = H,R2 = NO2",8,4,4,,,2,0,16,,,2.2,,,,,,,,,,,,,,,,,,,,
,[H]C1=CC=C(C=C1[N+]([O-])=O)CN2C=C(N=N2)COC3=CC4=C(C(C)=C3)C=CC(O4)=O,"4b,R1 = NO2,R2= H",8,16,4,,,4,2,8,,,2.8,,,,,,,,,,,,,,,,,,,,
,ClC1=CC=C(CN2C=C(N=N2)COC3=CC4=C(C(C)=C3)C=CC(O4)=O)C=C1[H],"4c,R1= H,R2= Cl",8,32,4,,,4,4,2,,,4,,,,,,,,,,,,,,,,,,,,
,[H]C1=CC=C(CN2C=C(N=N2)COC3=CC4=C(C(C)=C3)C=CC(O4)=O)C=C1Cl,"4d,R1 = Cl,R2 = H",16,16,8,,,4,4,2,,,2.2,,,,,,,,,,,,,,,,,,,,
,BrC1=CC=C(CN2C=C(N=N2)COC3=CC4=C(C(C)=C3)C=CC(O4)=O)C=C1[H],"4e,R1 = H,R2= Br",16,16,4,,,4,128,4,,,2.4,,,,,,,,,,,,,,,,,,,,
,[H]C1=CC=C(C=C1[H])CN2C=C(N=N2)COC3=CC4=C(C(C)=C3)C=CC(O4)=O,"4f,R1= H,R2= H",8,4,16,,,4,NT,4,,,1.8,,,,,,,,,,,,,,,,,,,,
,[H]C1=CC(CN2C=C(N=N2)COC(C(C=CC=C3)=C3O4)=CC4=O)=CC=C1[N+]([O-])=O,"4g,R1= H,R2= NO2",8,4,4,,,2,2,2,,,2.6,,,,,,,,,,,,,,,,,,,,
,O=C1OC2=C(C=CC=C2)C(OCC(N=N3)=CN3CC4=CC=C([H])C([N+]([O-])=O)=C4)=C1,"4h,R1= NO2,R2= H",8,4,4,,,4,4,32,,,2.2,,,,,,,,,,,,,,,,,,,,
,O=C1OC2=C(C=CC=C2)C(OCC(N=N3)=CN3CC4=CC=C(Cl)C([H])=C4)=C1,"4i,R1= H,R2= Cl",16,4,16,,,4,8,4,,,2.3,,,,,,,,,,,,,,,,,,,,
,O=C1OC2=C(C=CC=C2)C(OCC(N=N3)=CN3CC4=CC=C([H])C(Cl)=C4)=C1,"4j,R1 = Cl,R2 = H",8,4,32,,,4,128,16,,,3.2,,,,,,,,,,,,,,,,,,,,
,O=C1OC2=C(C=CC=C2)C(OCC(N=N3)=CN3CC4=CC=C(Br)C([H])=C4)=C1,"4k,R1= H,R2= Br",16,4,16,,,4,64,4,,,2.2,,,,,,,,,,,,,,,,,,,,
2135,,,S.aureus,Micrococcus luteus,,,,E.Coli,Salmonella typhi,,,,IC50,,,,,,,Journal of the Iranian Chemical Society (2024): 1-10.,,,,,,,,,,,,,
,CC(C(CC[C@@](C)(CCC[C@H](C)CCC[C@H](C)CCCC(C)C)O1)=C1C(C)=C2C)=C2OCC3=CN(N=N3)C4=CC=CC=C4,,200 ± 14.384,150 ± 1.633,,,,370 ± 19.201,400 ± 21.602,,,,34.97,,,,,,,,,,,,,,,,,,,,
,CC(C(CC[C@@](C)(CCC[C@H](C)CCC[C@H](C)CCCC(C)C)O1)=C1C(C)=C2C)=C2OCC3=CN(N=N3)C4=CC=C([N+]([O-])=O)C=C4,,200 ± 14.720,250 ± 0.943,,,,290 ± 4.082,300 ± 1.886,,,,18.6,,,,,,,,,,,,,,,,,,,,
,CC(C(CC[C@@](C)(CCC[C@H](C)CCC[C@H](C)CCCC(C)C)O1)=C1C(C)=C2C)=C2OCC3=CN(N=N3)C4=CC=C(OC)C=C4,,600 ± 7.409,200 ± 8.165,,,,400 ± 21.602,450 ± 12.130,,,,40.43,,,,,,,,,,,,,,,,,,,,
,CC(C(CC[C@@](C)(CCC[C@H](C)CCC[C@H](C)CCCC(C)C)O1)=C1C(C)=C2C)=C2OCC3=CN(N=N3)C4=CC(O)=CC=C4,,170 ± 1.633,300 ± 1.886,,,,700 ± 16.330,600 ± 16.330,,,,13.5,,,,,,,,,,,,,,,,,,,,
,CC(C(CC[C@@](C)(CCC[C@H](C)CCC[C@H](C)CCCC(C)C)O1)=C1C(C)=C2C)=C2OCC3=CN(N=N3)C4=C(C=CC=C5)C5=CC=C4,,250 ± 7.364,210 ± 1.633,,,,150 ± 1.633,260 ± 8.165,,,,33.5,,,,,,,,,,,,,,,,,,,,
,CC(C(CC[C@@](C)(CCC[C@H](C)CCC[C@H](C)CCCC(C)C)O1)=C1C(C)=C2C)=C2OCC3=CN(N=N3)C4=CC(SC=N5)=C5C=C4,,650 ± 1.633,350 ± 26.411,,,,350 ± 8.380,460 ± 16.330,,,,25.28,,,,,,,,,,,,,,,,,,,,
,CC(C(CC[C@@](C)(CCC[C@H](C)CCC[C@H](C)CCCC(C)C)O1)=C1C(C)=C2C)=C2OCC3=CN(N=N3)C4=CN=C(C=CC=C5)C5=C4,,240 ± 11.776,370 ± 3.300,,,,200 ± 7.364,260 ± 7.760,,,,21.6,,,,,,,,,,,,,,,,,,,,
,CC(C(CC[C@@](C)(CCC[C@H](C)CCC[C@H](C)CCCC(C)C)O1)=C1C(C)=C2C)=C2OCC3=CN(C4=NNC=C4)N=N3,,190 ± 2.944,310 ± 8.994,,,,320 ± 4.083,390 ± 9.416,,,,14.8,,,,,,,,,,,,,,,,,,,,
2356,,,S.aureus,Streptococcus pyogenes,,,,E.Coli,pseudomonas aeruginosa,,,,IC50,,,,,,, Archiv der Pharmazie 356.4 (2023): 2200545.,,,,,,,,,,,,,
,,"d1, R=H",241,482,,,,193,241,,,,1.6,,,,,,,,,,,,,,,,,,,,
,,"d2,R=4-F",116,93,,,,47,186,,,,2.34,,,,,,,,,,,,,,,,,,,,
,,"d3,R=4-CF3",213,107,,,,107,85,,,,0.48,,,,,,,,,,,,,,,,,,,,
,,"d4,R=4-Cl",113,181,,,,226,90,,,,0.93,,,,,,,,,,,,,,,,,,,,
,,"d5,R=3-Cl",181,113,,,,181,90,,,,1.24,,,,,,,,,,,,,,,,,,,,
,,"d6,R=2-Cl",226,113,,,,113,181,,,,0.93,,,,,,,,,,,,,,,,,,,,
,,"d7,R=2-Me",188,117,,,,235,469,,,,1,,,,,,,,,,,,,,,,,,,,
,,"d8,R=4-Me",94,235,,,,235,188,,,,1,,,,,,,,,,,,,,,,,,,,
,,"e1,R=H",440,881,,,,176,176,,,,1,,,,,,,,,,,,,,,,,,,,
,,"e2,R=4-F",171,213,,,,427,854,,,,0.59,,,,,,,,,,,,,,,,,,,,
,,"e3,R=4-CF3",787,787,,,,787,393,,,,1.82,,,,,,,,,,,,,,,,,,,,
,,"e4,R=4-Cl",208,415,,,,415,830,,,,1,,,,,,,,,,,,,,,,,,,,
,,"e5,R=3-Cl",415,166,,,,415,830,,,,1.93,,,,,,,,,,,,,,,,,,,,
,,"e6,R=2-Cl",415,830,,,,208,415,,,,1.3,,,,,,,,,,,,,,,,,,,,
,,"e7,R=2-Me",430,860,,,,215,430,,,,1,,,,,,,,,,,,,,,,,,,,
,,"e8,R=4-Me",860,860,,,,430,860,,,,1.2,,,,,,,,,,,,,,,,,,,,
2377,,,S.aureus,B. subtilis,,,,E.Coli,P.aeruginosa,,,,IC50 B.Subtilis,S.aureus,E.Coli,P. aeruginosa,,,,Comptes Rendus. Chimie 18.12 (2015): 1320-1327.,,,,,,,,,,,,,
,NN1C(SCCSC2=NN=C(C3=CC=CC=C3)O2)=NN=C1C1=CNC2=CC=CC=C21,10a，R1=H,64,＞128,,,,64,＞128,,,,＞64,44.5,35.5,＞64,,,,,,,,,,,,,,,,,
,CC1=CC=CC=C1C1=NN=C(SCCSC2=NN=C(C3=CNC4=CC=CC=C43)N2N)O1,10b，R1=2-CH3,＞128,＞128,,,,＞128,＞128,,,,＞64,＞64,＞64,＞64,,,,,,,,,,,,,,,,,
,CC1=CC=CC(C2=NN=C(SCCSC3=NN=C(C4=CNC5=CC=CC=C54)N3N)O2)=C1,10c，R1=3-CH3,64,＞128,,,,32,128,,,,＞64,32.3,17.9,＞64,,,,,,,,,,,,,,,,,
,CC1=CC=C(C2=NN=C(SCCSC3=NN=C(C4=CNC5=CC=CC=C54)N3N)O2)C=C1,10d，R1=4-CH3,16,128,,,,16,64,,,,＞64,8.5,8.3,33.8,,,,,,,,,,,,,,,,,
,NN1C(C2=CNC3=CC=CC=C32)=NN=C1SCCSC(O4)=NN=C4C5=C(OC)C=CC=C5,10e，R1=2-OCH3,32,＞128,,,,32,＞128,,,,＞64,16.9,16.4,＞64,,,,,,,,,,,,,,,,,
,NN1C(SCCSC2=NN=C(O2)C3=CC=CC(OC)=C3)=NN=C1C4=CNC5=CC=CC=C45,10f，R1=4-OCH3,8,32,,,,8,32,,,,18.5,4.6,4.5,17.2,,,,,,,,,,,,,,,,,
,CCOC1=CC=CC=C1C1=NN=C(SCCSC2=NN=C(C3=CNC4=CC=CC=C43)N2N)O1,10g，R1=2-OCH2CH3,64,128,,,,128,128,,,,＞64,44.5,＞64,＞64,,,,,,,,,,,,,,,,,
,NN1C(SCCSC2=NN=C(C3=CC=C(F)C=C3)O2)=NN=C1C1=CNC2=CC=CC=C21,10h，R1=4-F,32,16,,,,32,128,,,,8.5,16.4,16.3,＞64,,,,,,,,,,,,,,,,,
,NN1C(SCCSC2=NN=C(C3=CC=C(Cl)C=C3)O2)=NN=C1C1=CNC2=CC=CC=C21,10i，R1=4-Cl,64,＞128,,,,64,＞128,,,,＞64,35.8,32.1,＞64,,,,,,,,,,,,,,,,,
,NN1C(SCCSC2=NN=C(C3=CC=C(Br)C=C3)O2)=NN=C1C1=CNC2=CC=CC=C21,10j，R1=4-Br,＞128,＞128,,,,＞128,＞128,,,,＞64,＞64,＞64,＞64,,,,,,,,,,,,,,,,,
,CC1=CC=C(C2=NN=C(SCCSC3=NN=C(C4=CNC5=CC=CC=C54)N3N)O2)C(C)=C1,10k，R1=2，4-CH3,128,＞128,,,,64,64,,,,＞64,＞64,16.4,33.6,,,,,,,,,,,,,,,,,
,NC1=CC=C(C2=NN=C(SCCSC3=NN=C(C4=CNC5=CC=CC=C54)N3N)O2)C=C1,10l，R1=4-NH2,2,8,,,,8,16,,,,4.9,1.2,4.7,8.2,,,,,,,,,,,,,,,,,
,NN1C(C2=CNC3=CC=CC=C23)=NN=C1SCCSC4=NN=C(C5=C(C=CC=C6)C6=CC=C5)O4,10m，R1=NA,64,＞128,,,,32,＞128,,,,＞64,45.8,16.1,＞64,,,,,,,,,,,,,,,,,
2380,,,S.aureus,B. subtilis,B.amyloliquefaciens,,,E.Coli,P.aeruginosa,,,,IC50,,,,,,,Bioorganic & Medicinal Chemistry Letters 24.1 (2014): 90-95.,,,,,,,,,,,,,
,SC1=NN=C(N1/N=C/C2=CC=C(Br)C=C2)C3=NC=CN=C3,H1，R3=Br,50,25,25,,,50,50,,,,,,,,,,,,,,,,,,,,,,,,
,SC1=NN=C(N1/N=C/C2=CC=C(Cl)C=C2)C3=NC=CN=C3,H4，R3=Cl,50,＞50,50,,,50,＞50,,,,218.1,,,,,,,,,,,,,,,,,,,,
,SC1=NN=C(N1/N=C/C2=CC=C(C)C=C2)C3=NC=CN=C3,H5，R3=CH3,25,25,25,,,12.5,50,,,,156.3,,,,,,,,,,,,,,,,,,,,
,SC1=NN=C(N1/N=C/C2=CC=C(Cl)C=C2Cl)C3=NC=CN=C3,H9，R1=Cl，R3=Cl,50,＞50,＞50,,,50,＞50,,,,205.7,,,,,,,,,,,,,,,,,,,,
,SC1=NN=C(N1/N=C/C2=CC=C(OC)C(OC)=C2)C3=NC=CN=C3,H10，R2=OCH3，R3=OCH3,12.5,25,25,,,25,50,,,,163.3,,,,,,,,,,,,,,,,,,,,
,SC1=NN=C(N1/N=C/C2=CC(OC)=C(OC)C=C2OC)C3=NC=CN=C3,H11，R1=OCH3，R3=OCH3，R4=OCH3,25,3.13,6.25,,,6.25,12.5,,,,142.5,,,,,,,,,,,,,,,,,,,,
,SC1=NN=C(N1/N=C/C2=CC(OC)=C(OC)C(OC)=C2)C3=NC=CN=C3,H12，R2=OCH3，R3=OCH3，R4=OCH3,12.5,6.25,25,,,6.25,12.5,,,,169.4,,,,,,,,,,,,,,,,,,,,
,SC1=NN=C(N1/N=C/C2=CC=CC=C2OC)C3=NC=CN=C3,H13，R1=OCH3,25,25,25,,,12.5,25,,,,172.7,,,,,,,,,,,,,,,,,,,,
,SC1=NN=C(N1/N=C/C2=CC=CC=C2O)C3=NC=CN=C3,H16，R1=OH,50,25,25,,,12.5,25,,,,174.9,,,,,,,,,,,,,,,,,,,,
,SC1=NN=C(N1/N=C/C2=CC=C(O)C=C2)C3=NC=CN=C3,H17，R3=OH,1.56,0.78,0.78,,,0.39,1.56,,,,131.4,,,,,,,,,,,,,,,,,,,,
,SC1=NN=C(N1/N=C/C2=CC=CC(O)=C2)C3=NC=CN=C3,H18，R2=OH,＞50,50,50,,,25,25,,,,151.2,,,,,,,,,,,,,,,,,,,,
,SC1=NN=C(N1/N=C/C2=CC=C(O)C(O)=C2)C3=NC=CN=C3,H19，R2=OH，R3=OH,25,25,25,,,12.5,12.5,,,,147.8,,,,,,,,,,,,,,,,,,,,
,SC1=NN=C(N1/N=C/C=C/C2=CC=CC=C2)C3=NC=CN=C3,,50,25,50,,,12.5,25,,,,,,,,,,,,,,,,,,,,,,,,
2386,,,S.aureus,Bacillussubtilis,ccusaureus Esch,,,E.Coli,Proteusvulgaris,,,,IC50,,,,,,,Archiv der Pharmazie 354.6 (2021): 2000473.,,,,,,,,,,,,,
10a,C=C(CNN1C(=O)CSC1C1=CC=C(Br)C=C1)NN1C(C2=CC=NC=C2)=NNC1S,,25,25,＞50,,,12.5,25,,,,7.03±0.24,,,,,,,,,,,,,,,,,,,,
10b,O=C(CNN1C(=O)CSC1C1=CC=C(F)C=C1)NN1C(C2=CC=NC=C2)=NNC1S,,3.125,6.25,12.5,,,25,6.25,,,,26.36±0.33,,,,,,,,,,,,,,,,,,,,
10f,O=C(CNN1C(=O)CS[C@H]1C1=CC=C(F)C=C1)NN1C(C2=CC=C(Cl)C=C2)=NN[C@@H]1S,,6.25,6.25,12.5,,,12.5,12.5,,,,29.25±0.15,,,,,,,,,,,,,,,,,,,,
10k,C[C@@H]1SC(C2=CC=C(Br)C=C2)C(NCC(=O)NN2C(C3=CC=C(Cl)C=C3)=NN[C@@H]2S)C1=O,,12.5,12.5,12.5,,,25,＞50,,,,29.42±0.22,,,,,,,,,,,,,,,,,,,,
10m,O=C(CNN1C(=O)CSC1C1=CC=CC=C1Cl)NN1C(C2=CC=NC=C2)=NNC1S,,12.5,12.5,6.25,,,12.5,25,,,,28.15±0.25,,,,,,,,,,,,,,,,,,,,
10n,O=C(O)C1=CN(C2CC2)C2=CC(N3CCNCC3)=C(F)C=C2C1=O,,3.125,6.25,3.125,,,25,12.5,,,,25.06±0.4,,,,,,,,,,,,,,,,,,,,
10o,O=C(CNN1C(=O)CSC1C1=C(Cl)C=CC=C1)NN1C(C2=CC=C([N+](=O)[O-])C=C2)=NN[C@@H]1S,,6.25,6.25,6.25,,,12.5,25,,,,25.09±0.5,,,,,,,,,,,,,,,,,,,,
10p,O=C1C(C(O)=O)=CN(C2=NC(N3C/C(C(C3)CN)=N\OC)=C(C=C12)F)C4CC4,,12.5,25,25,,,12.5,50,,,,28.28±0.5,,,,,,,,,,,,,,,,,,,,
10q,S[C@@H]1N(NC(CNN2C(SCC2=O)C3=C(Cl)C=CC=C3)=O)C(C4=CC=C(Cl)C=C4)=NN1,,25,25,12.5,,,ND,＞50,,,,27.03±0.24,,,,,,,,,,,,,,,,,,,,
10r,C[C@H]1COC2=C3C(=CC(F)=C2N2CCN(C)CC2)C(=O)C(C(=O)O)=CN31,,12.5,12.5,6.25,,,25,25,,,,24.84±0.71,,,,,,,,,,,,,,,,,,,,
2416,,, S.aureus,Cl. Sporogenes,,,,E.Coli,P.aeruginosa,,,,IC50（Vero）,,,,,,,Monatshefte für Chemie-Chemical Monthly 141 (2010): 471-478.,,,,,,,,,,,,,
3a,CC1=NC=C([N+](=O)[O-])N1CCSC1=NN=C(C2=CC=NC=C2)N1C,,738,26.5,,,,ND,ND,,,,99,,,,,,,,,,,,,,,,,,,,
4a,CC1=NC=C([N+](=O)[O-])N1CCN1N=C(C2=CC=NC=C2)N(C)C1=S,,ND,34.3,,,,ND,ND,,,,105,,,,,,,,,,,,,,,,,,,,
3b,CC1=NC=C([N+](=O)[O-])N1CCSC1=NN=C(C2=CC=CN=C2)N1C1=CC=CC=C1,,1569,62.4,,,,ND,ND,,,,61.5,,,,,,,,,,,,,,,,,,,,
4b,CC1=NC=C([N+](=O)[O-])N1CCN1N=C(C2=CC=CN=C2)N(C2=CC=CC=C2)C1=S,,ND,17.7,,,,ND,ND,,,,48,,,,,,,,,,,,,,,,,,,,
3c,COC1=CC=C(N2C(SCCN3C([N+](=O)[O-])=CN=C3C)=NN=C2C2=CC=NC=C2)C=C1,,188,7.5,,,,376,ND,,,,60,,,,,,,,,,,,,,,,,,,,
3e,CC1=NC=C([N+](=O)[O-])N1CCSC1=NN=C(C2=CN=CC=C2)N1C1=C2C=CC=CC2=CC=C1,,250,7.7,,,,ND,ND,,,,254.4,,,,,,,,,,,,,,,,,,,,
,,, ND：Not detectable at concentrations as high as 0.5mg/cm3,,,,,,,,,,,,,,,,,,,,,,,,,,,,,,
2424,,,B.substilis,,,,,E.Coli,P.aeruginosa,,,,IC50(cancer),,,,,,," BMC chemistry, 2021, 15(1):5.",,,,,,,,,,,,,
,[H]C1=C([H])C([H])=C([H])C(/C=N\N2C(S)=NN=C2CCCCCCCCCCCCCCC)=C1,T1,50,,,,,100,100,,,,>100,,,,,,,,,,,,,,,,,,,,
,[H]C1=C(C=O)C([H])=C([H])C(/C=N\N2C(S)=NN=C2CCCCCCCCCCCCCCC)=C1,T2，R4=CHO,25,,,,,50,25,,,,1.7,,,,,,,,,,,,,,,,,,,,
,[H]C1=C(C)C([H])=C([H])C(/C=N\N2C(S)=NN=C2CCCCCCCCCCCCCCC)=C1,T3，R4=CH3,25,,,,,50,25,,,,7.1,,,,,,,,,,,,,,,,,,,,
,[H]C1=C(OC)C(OC)=C([H])C(/C=N\N2C(S)=NN=C2CCCCCCCCCCCCCCC)=C1,T4，R3，R4=OCH3,25,,,,,50,25,,,,3.7,,,,,,,,,,,,,,,,,,,,
,[H]C1=C(OC)C(OC)=C(OC)C=C1/C=N\N1C(S)=NN=C1CCCCCCCCCCCCCCC,T5，R3，R4，R5=OCH3,12.5,,,,,12.5,6.2,,,,> 100,,,,,,,,,,,,,,,,,,,,
,[H]C1=C(OC)C(O)=C([H])C(/C=N\N2C(S)=NN=C2CCCCCCCCCCCCCCC)=C1,T6，R3=OH，R4=OCH3,50,,,,,25,25,,,,51.6,,,,,,,,,,,,,,,,,,,,
,[H]C1=C([H])C([H])=C(O)C(/C=N\N2C(S)=NN=C2CCCCCCCCCCCCCCC)=C1,T7，R2=OH,50,,,,,50,12.5,,,,1.4,,,,,,,,,,,,,,,,,,,,
,[H]C1=C(O)C([H])=C([H])C(/C=N\N2C(S)=NN=C2CCCCCCCCCCCCCCC)=C1,T8，R4=OH,50,,,,,25,25,,,,> 100,,,,,,,,,,,,,,,,,,,,
,[H]C1=C(N(C)C)C([H])=C([H])C(/C=N\N2C(S)=NN=C2CCCCCCCCCCCCCCC)=C1,T9，R4=N(CH3)2,25,,,,,25,12.5,,,,> 100,,,,,,,,,,,,,,,,,,,,
,[H]C1=CC([H])=C(Cl)C(/C=N\N2C(S)=NN=C2CCCCCCCCCCCCCCC)=C1,T10，R2=Cl,25,,,,,50,25,,,,78,,,,,,,,,,,,,,,,,,,,
,[H]C1=C(Cl)C([H])=C([H])C(/C=N\N2C(S)=NN=C2CCCCCCCCCCCCCCC)=C1,T11，R4=Cl,25,,,,,50,50,,,,> 100,,,,,,,,,,,,,,,,,,,,
,[H]C1=C(Cl)C([H])=C(Cl)C(/C=N\N2C(S)=NN=C2CCCCCCCCCCCCCCC)=C1,T12，R2，R4=Cl,50,,,,,50,25,,,,> 100,,,,,,,,,,,,,,,,,,,,
,[H]C1=C([H])C(Br)=C([H])C(/C=N\N2C(S)=NN=C2CCCCCCCCCCCCCCC)=C1,T13，R3=Br,50,,,,,100,100,,,,> 100,,,,,,,,,,,,,,,,,,,,
,[H]C1=C(Br)C([H])=C([H])C(/C=N\N2C(S)=NN=C2CCCCCCCCCCCCCCC)=C1,T14，R4=Br,25,,,,,50,50,,,,128.25,,,,,,,,,,,,,,,,,,,,
,[H]C1=C([H])C([H])=C([N+](=O)[O-])C(/C=N\N2C(S)=NN=C2CCCCCCCCCCCCCCC)=C1,T15，R2=NO2,25,,,,,100,50,,,,> 100,,,,,,,,,,,,,,,,,,,,
,[H]C1=C([H])C([N+](=O)[O-])=C([H])C(/C=N\N2C(S)=NN=C2CCCCCCCCCCCCCCC)=C1,T16，R3=NO2,50,,,,,100,50,,,,78,,,,,,,,,,,,,,,,,,,,
,[H]C1=C([N+](=O)[O-])C([H])=C([H])C(/C=N\N2C(S)=NN=C2CCCCCCCCCCCCCCC)=C1,"T17, R1=H,R2=4-NO2",25,,,,,100,100,,,,> 100,,,,,,,,,,,,,,,,,,,,
,CCCCCCCCCCCCCCCC1=NN=C(S)N1/N=C/C1=CC=C(OC2=CC=CC=C2)C=C1,T18，R1=C12H10O,50,,,,,50,25,,,,>100,,,,,,,,,,,,,,,,,,,,
,CCCCCCCCCCCCCCCC1=NN=C(S)N1/N=C/C1=CC=C2CC=CCC2=C1,T19，R1=C10H10,50,,,,,25,100,,,,> 100,,,,,,,,,,,,,,,,,,,,
,CCCCCCCCCCCCCCCC1=NN=C(S)N1/N=C/C1=CC=C(O)C=C1,T20，R1=C6H6O,25,,,,,25,50,,,,> 100,,,,,,,,,,,,,,,,,,,,
2441,,,S.aureus,B.S.,B.C.,,,E.Coli,P.A.,S.T.,,,IC50 COLO-205,IC50 A549 ,,,,,,"Letters in Organic Chemistry, 2020, 17(3): 191-198.",6.25,,,,,,,,,,,,
,,,,,,,,,,,,,,,,,,,,,,,,,,,,,,,,,
,[H]C1=CC(/C=N/N2C(=S)N([H])N=C2CC2=C(C)N([H])C3=CC=C(F)C=C32)=C([H])C([H])=C1[H],"6a，R1=H, R2=H, R3 =H, R4=H",250,125,125,,,125,125,125,,,>100,>100,,,,,,,,,,,,,,,,,,,
,[H]C1=CC(/C=N/N2C(=S)N([H])N=C2CC2=C(C)N([H])C3=CC=C(F)C=C32)=C(O)C([H])=C1[H],"6b，R1=OH, R2=H, R3=H, R4=H",250,125,125,,,125,125,125,,,55,>100,,,,,,,,,,,,,,,,,,,
,[H]C1=CC(/C=N/N2C(=S)N([H])N=C2CC2=C(C)N([H])C3=CC=C(F)C=C32)=C([H])C(O)=C1[H],"6c，R1=H, R2=OH, R3 =H, R4=H",250,125,125,,,125,125,125,,,48,>100,,,,,,,,,,,,,,,,,,,
,[H]C1=CC(/C=N/N2C(=S)N([H])N=C2CC2=C(C)N([H])C3=CC=C(F)C=C32)=C(OC)C([H])=C1[H],"6d，R1=OCH3, R2=H, R3 =H, R4=H",250,125,125,,,125,125,125,,,>100,>100,,,,,,,,,,,,,,,,,,,
,[H]C1=CC(/C=N/N2C(=S)N([H])N=C2CC2=C(C)N([H])C3=CC=C(F)C=C32)=C([H])C([H])=C1OC,"6e，R1=H, R2=H, R3 =OCH3, R4=H",250,125,125,,,125,125,125,,,>100,>100,,,,,,,,,,,,,,,,,,,
,[H]C1=CC(/C=N/N2C(=S)N([H])N=C2CC2=C(C)N([H])C3=CC=C(F)C=C32)=C([H])C([H])=C1Cl,"6f，R1=H, R2=H, R3 =Cl, R4=H",250,125,125,,,125,125,125,,,>100,>100,,,,,,,,,,,,,,,,,,,
,[H]C1=CC(/C=N/N2C(=S)N([H])N=C2CC2=C(C)N([H])C3=CC=C(F)C=C32)=C([H])C([H])=C1F,"6g，R1=H, R2=H, R3 =F, R4=H",250,250,125,,,125,125,125,,,>100,>100,,,,,,,,,,,,,,,,,,,
,[H]C1=CC(/C=N/N2C(=S)N([H])N=C2CC2=C(C)N([H])C3=CC=C(F)C=C32)=C([H])C([H])=C1C,"6h，R1=H, R2=H, R3 =CH3, R4=H",250,250,125,,,125,125,125,,,>100,＞100,,,,,,,,,,,,,,,,,,,
,[H]C1=C([H])C(O)=C(/C=N/N2C(=S)N([H])N=C2CC2=C(C)N([H])C3=CC=C(F)C=C32)C=C1Cl,"6i，R1=OH, R2=H, R3 =H, R4=Cl",125,125,72.5,,,72.5,72.5,72.5,,,40,＞100,,,,,,,,,,,,,,,,,,,
,[H]C1=C([H])C(O)=C(/C=N/N2C(=S)N([H])N=C2CC2=C(C)N([H])C3=CC=C(F)C=C32)C=C1OC,"6j，R1=OH, R2=H, R3 =H, R4=OCH3",125,125,125,,,125,125,125,,,40,＞100,,,,,,,,,,,,,,,,,,,
,[H]N1N=C(CC2=C(C)N([H])C3=CC=C(F)C=C32)N(/N=C/C2=CC(OC)=C(O)C=C2)C1=S,"6k， R1=H, R2=OCH3, R3 =OH, R4=H",250,250,125,,,125,125,125,,,＞80,＞100,,,,,,,,,,,,,,,,,,,
,[H]N1N=C(CC2=C(C)N([H])C3=CC=C(F)C=C32)N(/N=C/C2=CC(OC=O)=C(OC=O)C=C2)C1=S,"6l，R1=H, R2,R3=OCH2O, R4=H",250,250,125,,,125,125,125,,,＞80,＞100,,,,,,,,,,,,,,,,,,,
2555,,,S.aureus,S.P. MTCC 442,,,,"E.Coli MTCC
443",P.A.MTCC 1688,,,,IC50,,,,,,, Bioorganic & Medicinal Chemistry 25.15 (2017): 4064-4075.,,,,,,,,,,,,,
,,,,,,,,,,,,,,,,,,,,,,,,,,,,,,,,,
,SC1=NN=C(C2=CC=C(N)C=C2)N1N,S1,250,250,,,,200,1000,,,,0.2,,,,,,,,,,,,,,,,,,,,
,SC1=NN=C(C2=CC=C(N)C=C2)O1,S2,62.5,100,,,,250,500,,,,0.16,,,,,,,,,,,,,,,,,,,,
,SC1=NN=C(C2=CC=C(N=CC3=CC=CS3)C=C2)N1N=CC4=CC=CS4,SS1,250,200,,,,250,1000,,,,0.32,,,,,,,,,,,,,,,,,,,,
,OC1=CC=C(C=NC2=CC=C(C3=NN=C(S)N3N=CC4=CC=C(O)C=C4)C=C2)C=C1,SS2,250,200,,,,250,NA,,,,117,,,,,,,,,,,,,,,,,,,,
,O=[N+](C1=CC(C=NC2=CC=C(C3=NN=C(S)N3N=CC4=CC=CC([N+]([O-])=O)=C4)C=C2)=CC=C1)[O-],SS3,125,62.4,,,,250,500,,,,0.12,,,,,,,,,,,,,,,,,,,,
,SC1=NN=C(C2=CC=C(N=CC3=CC=C(Cl)C=C3)C=C2)N1N=CC4=CC=C(Cl)C=C4,SS4,250,100,,,,100,NA,,,,0.1,,,,,,,,,,,,,,,,,,,,
,SC1=NN=C(C2=CC=C(N=CC3=CC=C(OC)C=C3)C=C2)N1N=CC4=CC=C(OC)C=C4,SS5,250,100,,,,250,500,,,,0.37,,,,,,,,,,,,,,,,,,,,
,SC1=NN=C(C2=CC=C(N=CC3=CC=CS3)C=C2)O1,SS6,200,100,,,,250,NA,,,,0.23,,,,,,,,,,,,,,,,,,,,
,OC1=CC=C(C=NC2=CC=C(C3=NN=C(S)O3)C=C2)C=C1,SS7,200,200,,,,250,NA,,,,0.24,,,,,,,,,,,,,,,,,,,,
,SC1=NN=C(C2=CC=C(N=CC3=CC=CC([N+]([O-])=O)=C3)C=C2)O1,SS8,125,100,,,,200,500,,,,0.26,,,,,,,,,,,,,,,,,,,,
,SC1=NN=C(C2=CC=C(N=CC3=CC=C(Cl)C=C3)C=C2)O1,SS9,250,125,,,,125,NA,,,,0.09,,,,,,,,,,,,,,,,,,,,
,SC1=NN=C(C2=CC=C(N=CC3=CC=C(OC)C=C3)C=C2)O1,SS10,250,250,,,,125,1000,,,,0.25,,,,,,,,,,,,,,,,,,,,
,,,NA: Not active; NT: Not tested,,,,,,,,,,,,,,,,,,,,,,,,,,,,,,
2560,,, S.aureus,S.pyogenes,,,,E.coli,P.aeruginosa,,,,IC50,,,,,,, Medicinal Chemistry Research 22 (2013): 1320-1329.,,,,,,,,,,,,,
,,,,,,,,,,,,,,,,,,,,,,,,,,,,,,,,,
,ClC1=CC=C(C2=NN=C(C3=CC=CN=C3)O2)C=C1,,500,250,,,,500,500,,,,,,,,,,,,,,,,,,,,,,,,
,FC1=CC=C2N=C(NN3C(C4=CC=CN=C4)=NN=C3C5=CC=C(Cl)C=C5)SC2=C1,9a，R1=6-F,200,500,,,,500,62.5,,,,＞92.90,,,,,,,,,,,,,,,,,,,,
,BrC1=CC=C2N=C(NN3C(C4=CC=CN=C4)=NN=C3C5=CC=C(Cl)C=C5)SC2=C1,"9b，R1=6-Br,",100,1000,,,,500,500,,,,＞29.63,,,,,,,,,,,,,,,,,,,,
,O=[N+](C1=CC=C2N=C(NN3C(C4=CC=CN=C4)=NN=C3C5=CC=C(Cl)C=C5)SC2=C1)[O-],9c，R1=6-NO2,500,100,,,,250,125,,,,＞62.13,,,,,,,,,,,,,,,,,,,,
,CC1=CC=C2N=C(NN3C(C4=CC=CN=C4)=NN=C3C5=CC=C(Cl)C=C5)SC2=C1,9d，R1=6-CH3,1000,500,,,,500,500,,,,＞75.48,,,,,,,,,,,,,,,,,,,,
,COC1=CC=C2N=C(NN3C(C4=CC=CN=C4)=NN=C3C5=CC=C(Cl)C=C5)SC2=C1,9e，R1=6-OCH3,250,500,,,,500,250,,,,＞66.85,,,,,,,,,,,,,,,,,,,,
,ClC1=CC=C2N=C(NN3C(C4=CC=CN=C4)=NN=C3C5=CC=C(Cl)C=C5)SC2=C1,9f，R1=6-Cl,100,500,,,,1000,500,,,,＞54.3,,,,,,,,,,,,,,,,,,,,
,CC1=C2N=C(NN3C(C4=CC=CN=C4)=NN=C3C5=CC=C(Cl)C=C5)SC2=CC=C1,9g，R1=4-CH3,200,1000,,,,500,250,,,,＞36.45,,,,,,,,,,,,,,,,,,,,
,O=[N+](C1=C2N=C(NN3C(C4=CC=CN=C4)=NN=C3C5=CC=C(Cl)C=C5)SC2=CC=C1)[O-],9h，R1=4-NO2,100,250,,,,100,125,,,,＞21.33,,,,,,,,,,,,,,,,,,,,
,ClC1=C(Cl)C=C2N=C(NN3C(C4=CC=CN=C4)=NN=C3C5=CC=C(Cl)C=C5)SC2=C1,"9i，R1=5-Cl,6-Cl",250,500,,,,500,250,,,,＞52.13,,,,,,,,,,,,,,,,,,,,
,ClC1=C2N=C(NN3C(C4=CC=CN=C4)=NN=C3C5=CC=C(Cl)C=C5)SC2=CC=C1,9j，R1=4-Cl,200,500,,,,100,62.5,,,,＞27.17,,,,,,,,,,,,,,,,,,,,
1596,,,,,,,,,,,,,,,,,,,,Journal of Heterocyclic Chemistry，2020，57，4312–4321,,,,,,,,,,,,,
,,,S.aa,B.sb,S.ac,M.ld,,E.cf,P.ag,K.pe,,,,,,,,,,,,,,,,,,,,,,,
,O=C(O[C@H]1[C@](OC[C@H]2O)([H])[C@]2([H])OC1)CCCCCCCCC(O)CN3N=NC(C4=CC=CC=C4)=C3,6a,15.6,3.9,3.9,7.8,,15.6,7.8,7.8,,,对HUVEC 正常细胞系无毒性,,,,,,,,,,,,,,,,,,,,
,O=C(O[C@H]1[C@](OC[C@H]2O)([H])[C@]2([H])OC1)CCCCCCCCC(O)CN3N=NC(C4=CC=CC(O)=C4)=C3,6b,15.6,3.9,3.9,7.8,,/,7.8,7.8,,,对HUVEC 正常细胞系无毒性,,,,,,,,,,,,,,,,,,,,
,O=C(O[C@H]1[C@](OC[C@H]2O)([H])[C@]2([H])OC1)CCCCCCCCC(O)CN3N=NC(C4=CC=C5C=C(OC)C=CC5=C4)=C3,6c,/,62.5,/,31.2,,31.2,15.6,31.2,,,对HUVEC 正常细胞系无毒性,,,,,,,,,,,,,,,,,,,,
,O=C(O[C@H]1[C@](OC[C@H]2O)([H])[C@]2([H])OC1)CCCCCCCCC(O)CN3N=NC(CO)=C3,6d,/,31.2,/,31.2,,3.9,31.2,15.6,,,对HUVEC 正常细胞系无毒性,,,,,,,,,,,,,,,,,,,,
1933,,,S.aureus 144,S.aureus ATCC 29213,S.aureus AD3,MRSA ATCC 43300,,E. coli ATCC 25922,,,,,,,,,,,,European Journal of Medicinal Chemistry，2020，204，112604,,,,,,,,,,,,,
,,,0.5,0.25,0.5,0.25,,>32,,,,,大多数化合物在 8 mg/mL 浓度下对 RAW 264.7 细胞的活力没有影响，包括化合物 32,,,,,,,,,,,,,,,,,,,,
,,,1,0.5,1,0.5,,>32,,,,,大多数化合物在 8 mg/mL 浓度下对 RAW 264.7 细胞的活力没有影响，包括化合物 32,,,,,,,,,,,,,,,,,,,,
,,,0.5,0.5,1,0.5,,>32,,,,,大多数化合物在 8 mg/mL 浓度下对 RAW 264.7 细胞的活力没有影响，包括化合物 32,,,,,,,,,,,,,,,,,,,,
,,,0.5,0.5,0.5,0.5,,>32,,,,,大多数化合物在 8 mg/mL 浓度下对 RAW 264.7 细胞的活力没有影响，包括化合物 32,,,,,,,,,,,,,,,,,,,,
,,,1,1,1,1,,>32,,,,,大多数化合物在 8 mg/mL 浓度下对 RAW 264.7 细胞的活力没有影响，包括化合物 32,,,,,,,,,,,,,,,,,,,,
,,,0.25,0.25,0.25,0.25,,>32,,,,,大多数化合物在 8 mg/mL 浓度下对 RAW 264.7 细胞的活力没有影响，包括化合物 32,,,,,,,,,,,,,,,,,,,,
,,,0.5,0.25,0.25,0.25,,>32,,,,,大多数化合物在 8 mg/mL 浓度下对 RAW 264.7 细胞的活力没有影响，包括化合物 32,,,,,,,,,,,,,,,,,,,,
,,,1,0.5,0.5,0.5,,>32,,,,,大多数化合物在 8 mg/mL 浓度下对 RAW 264.7 细胞的活力没有影响，包括化合物 32,,,,,,,,,,,,,,,,,,,,
,,,,,,,,,,,,,大多数化合物在 8 mg/mL 浓度下对 RAW 264.7 细胞的活力没有影响，包括化合物 32,,,,,,,,,,,,,,,,,,,,
,,,0.5,0.25,0.5,0.25,,>32,,,,,大多数化合物在 8 mg/mL 浓度下对 RAW 264.7 细胞的活力没有影响，包括化合物 32,,,,,,,,,,,,,,,,,,,,
,,,1,0.5,0.5,0.5,,>32,,,,,大多数化合物在 8 mg/mL 浓度下对 RAW 264.7 细胞的活力没有影响，包括化合物 32,,,,,,,,,,,,,,,,,,,,
,,,1,1,2,1,,>32,,,,,大多数化合物在 8 mg/mL 浓度下对 RAW 264.7 细胞的活力没有影响，包括化合物 32,,,,,,,,,,,,,,,,,,,,
,,,1,1,2,1,,>32,,,,,大多数化合物在 8 mg/mL 浓度下对 RAW 264.7 细胞的活力没有影响，包括化合物 32,,,,,,,,,,,,,,,,,,,,
,,,1,0.5,1,1,,>32,,,,,大多数化合物在 8 mg/mL 浓度下对 RAW 264.7 细胞的活力没有影响，包括化合物 32,,,,,,,,,,,,,,,,,,,,
,,,1,0.5,0.5,1,,>32,,,,,大多数化合物在 8 mg/mL 浓度下对 RAW 264.7 细胞的活力没有影响，包括化合物 32,,,,,,,,,,,,,,,,,,,,
,,,1,0.5,0.5,1,,>32,,,,,大多数化合物在 8 mg/mL 浓度下对 RAW 264.7 细胞的活力没有影响，包括化合物 32,,,,,,,,,,,,,,,,,,,,
,,,1,0.5,0.5,1,,>32,,,,,大多数化合物在 8 mg/mL 浓度下对 RAW 264.7 细胞的活力没有影响，包括化合物 32,,,,,,,,,,,,,,,,,,,,
,,,2,1,2,1,,>32,,,,,大多数化合物在 8 mg/mL 浓度下对 RAW 264.7 细胞的活力没有影响，包括化合物 32,,,,,,,,,,,,,,,,,,,,
,,,2,1,2,2,,>32,,,,,大多数化合物在 8 mg/mL 浓度下对 RAW 264.7 细胞的活力没有影响，包括化合物 32,,,,,,,,,,,,,,,,,,,,
,,,2,1,2,0.5,,>32,,,,,大多数化合物在 8 mg/mL 浓度下对 RAW 264.7 细胞的活力没有影响，包括化合物 32,,,,,,,,,,,,,,,,,,,,
,,,1,1,1,0.5,,>32,,,,,大多数化合物在 8 mg/mL 浓度下对 RAW 264.7 细胞的活力没有影响，包括化合物 32,,,,,,,,,,,,,,,,,,,,
,,,1,0.5,1,1,,>32,,,,,大多数化合物在 8 mg/mL 浓度下对 RAW 264.7 细胞的活力没有影响，包括化合物 32,,,,,,,,,,,,,,,,,,,,
,,,1,1,1,0.5,,>32,,,,,大多数化合物在 8 mg/mL 浓度下对 RAW 264.7 细胞的活力没有影响，包括化合物 32,,,,,,,,,,,,,,,,,,,,
,,,0.5,0.25,0.25,0.25,,>32,,,,,大多数化合物在 8 mg/mL 浓度下对 RAW 264.7 细胞的活力没有影响，包括化合物 32,,,,,,,,,,,,,,,,,,,,
,,,2,2,2,2,,>32,,,,,大多数化合物在 8 mg/mL 浓度下对 RAW 264.7 细胞的活力没有影响，包括化合物 32,,,,,,,,,,,,,,,,,,,,
,,,0.5,0.25,0.5,0.5,,>32,,,,,大多数化合物在 8 mg/mL 浓度下对 RAW 264.7 细胞的活力没有影响，包括化合物 32,,,,,,,,,,,,,,,,,,,,
,,,0.25,0.25,0.25,0.125,,>32,,,,,大多数化合物在 8 mg/mL 浓度下对 RAW 264.7 细胞的活力没有影响，包括化合物 32,,,,,,,,,,,,,,,,,,,,
,,,0.25,0.125,0.25,0.125,,>32,,,,,大多数化合物在 8 mg/mL 浓度下对 RAW 264.7 细胞的活力没有影响，包括化合物 32,,,,,,,,,,,,,,,,,,,,
1934,,,S.aureus 144,"S.aureus ATCC 29,213",S.aureus AD3,"MRSA ATCC 43,300",,"E. coli ATCC 25,922",,,,,,,,,,,,Bioorganic Chemistry，2020，105，104398,,,,,,,,,,,,,
化合物49,,,2,2,4,2,,>32,,,,,CYP3A4(T)，化合物 49、59 和 61 对 CYP3A4 酶表现出低到无显著抑制作用,,,,,,,,,,,,,,,,,,,,
化合物59,,,1,1,1,1,,>32,,,,,CYP3A4(T)，化合物 49、59 和 61 对 CYP3A4 酶表现出低到无显著抑制作用,,,,,,,,,,,,,,,,,,,,
化合物61,,,2,1,1,1,,>32,,,,,CYP3A4(T)，化合物 49、59 和 61 对 CYP3A4 酶表现出低到无显著抑制作用,,,,,,,,,,,,,,,,,,,,
1951,,,S. aureus,P. aeruginosa,,,,,,,,,,,,,,,,Molecules，2020，25，790,,,,,,,,,,,,,
,,,5,5,,,,,,,,,剧毒,,,,,,,,,,,,,,,,,,,,
,,,10,10,,,,,,,,,极毒,,,,,,,,,,,,,,,,,,,,
,,,10,10,,,,,,,,,有毒,,,,,,,,,,,,,,,,,,,,
,,,10,10,,,,,,,,,轻微毒性,,,,,,,,,,,,,,,,,,,,
,,,5,10,,,,,,,,,安全无毒,,,,,,,,,,,,,,,,,,,,
,,,5,10,,,,,,,,,,,,,,,,,,,,,,,,,,,,,
1961,,,S. aureus ,E. faecalis ,E. faecium VRE,,,E. coli ,P. aeurigonsa ,A. baumannii ,K. pneumoniae ESBL,,,,,,,,,"European Journal of Medicinal Chemistry,2016,124,794 - 808",,,,,,,,,,,,,
,,,,,,,,,,,,,,,,,,,,,,,,,,,,,,,,,
,O=C1C=C(CN2N=NC(C(C)(C)C)=C2)C3=C(O1)C=C(O)C=C3,,>256,128,>256,,,>256,>256,>256,>256,,有毒性,,,,,,,,,,,,,,,,,,,,
,O=C1C=C(C2=C(C=C(C=C2)O)O1)CN3N=NC(CCCCCCCC)=C3,,>256,256,>256,,,>256,>256,>256,>256,,有毒性,,,,,,,,,,,,,,,,,,,,
,O=C1C=C(CN2N=NC(C3=CC=C(Br)C=C3)=C2)C4=C(O1)C=C(O)C=C4,,>256,256,>256,,,>256,>256,>256,>256,,有毒性,,,,,,,,,,,,,,,,,,,,
,O=C1C=C(CN2N=NC(C3=CC=C(CCCC)C=C3)=C2)C4=C(O1)C=C(O)C=C4,,>256,64,256,,,>256,>256,>256,>256,,有毒性,,,,,,,,,,,,,,,,,,,,
,O=C1C=C(CN2N=NC(C3=CC=C(CCCCC)C=C3)=C2)C4=C(O1)C=C(O)C=C4,,>256,8,64,,,>256,>256,>256,>256,,有毒性,,,,,,,,,,,,,,,,,,,,
,O=C1C=C(CN2N=NC(C3=CC=C(CCCCCC)C=C3)=C2)C4=C(O1)C=C(O)C=C4,,>256,16,>256,,,>256,>256,>256,>256,,有毒性,,,,,,,,,,,,,,,,,,,,
,O=C1C=C(CN2N=NC(C3=CC=C(C4CCC(CCC)CC4)C=C3)=C2)C5=C(O1)C=C(O)C=C5,,>256,64,>256,,,>256,>256,>256,>256,,有毒性,,,,,,,,,,,,,,,,,,,,
,O=C1C=C(CN2N=NC(CNS(=O)(C3=CC=C(C)C=C3)=O)=C2)C4=C(O1)C=C(O)C=C4,,256,64,128,,,>256,>256,>256,>256,,有毒性,,,,,,,,,,,,,,,,,,,,
,O=C1C=C(CN2N=NC(CNS(=O)(C3=CC=C(F)C=C3)=O)=C2)C4=C(O1)C=C(O)C=C4,,>256,32,64,,,>256,>256,>256,>256,,有毒性,,,,,,,,,,,,,,,,,,,,
,O=C1C=C(CN2N=NC(CNS(=O)(C3=C(Cl)C=C(F)C=C3)=O)=C2)C4=C(O1)C=C(O)C=C4,,>256,32,64,,,>256,>256,>256,>256,,有毒性,,,,,,,,,,,,,,,,,,,,
,O=C1C=C(CN2N=NC(CNS(=O)(C3=CC=C([N+]([O-])=O)C=C3)=O)=C2)C4=C(O1)C=C(O)C=C4,,>256,256,>256,,,>256,>256,>256,>256,,有毒性,,,,,,,,,,,,,,,,,,,,
,O=C1C=C(CN2N=NC(CSC(N3CCOCC3)=S)=C2)C4=C(O1)C=C(O)C=C4,,>256,32,>256,,,>256,>256,>256,>256,,有毒性,,,,,,,,,,,,,,,,,,,,
,O=C1C=C(CN2N=NC(CSC(N3CCNCC3)=S)=C2)C4=C(O1)C=C(O)C=C4,,>256,16,64,,,>256,>256,>256,>256,,有毒性,,,,,,,,,,,,,,,,,,,,
1972,,,S.aureus ,,,,,E. Coli,P.aeruginosa,,,,,,,,,,,European Journal of Medicinal Chemistry，2019，168.263–282,,,,,,,,,,,,,
,CN(C1=C(SC2=C3)C=CC=C1)C2=CC=C3COC4=CN(N=N4)CC5=CC=C(C=C5)C,,50,,,,,100,100,,,,对正常细胞无毒性,,,,,,,,,,,,,,,,,,,,
,CN(C1=C(SC2=C3)C=CC=C1)C2=CC=C3COC4=CN(N=N4)CC5=CC=C(C=C5)[N+]([O-])=O,,25,,,,,50,50,,,,对正常细胞无毒性,,,,,,,,,,,,,,,,,,,,
,CN1C2=C(C=CC=C2)SC3=CC(COCC4=CN(CC5=CC=CC=C5F)N=N4)=CC=C13,,25,,,,,25,50,,,,对正常细胞无毒性,,,,,,,,,,,,,,,,,,,,
,CN1C2=C(SC3=CC(COCC4=CN(N=N4)CC5=CC=C(O)C=C5)=CC=C13)C=CC=C2,,50,,,,,50,100,,,,对正常细胞无毒性,,,,,,,,,,,,,,,,,,,,
,N#CC1=CC=C(CN2N=NC(COCC3=CC=C4N(C)C5=C(C=CC=C5)SC4=C3)=C2)C=C1,,12.5,,,,,25,25,,,,对正常细胞无毒性,,,,,,,,,,,,,,,,,,,,
,CN1C2=C(C=CC=C2)SC3=CC(COCC4=CN(CC5=CC=C(OC)C=C5)N=N4)=CC=C13,,50,,,,,100,50,,,,对正常细胞无毒性,,,,,,,,,,,,,,,,,,,,
,CN1C2=C(C=CC=C2)SC3=CC(COCC4=CN(CC5=CC=C(F)C=C5)N=N4)=CC=C13,,25,,,,,25,50,,,,对正常细胞无毒性,,,,,,,,,,,,,,,,,,,,
,,,,,,,,,,,,,,,,,,,,,,,,,,,,,,,,,
,CN(C1=C(SC2=C3)C=CC=C1)C2=CC=C3/C=N/OC4=C(NN=N4)CC5=CC=C(C=C5)C,,25,,,,,50,100,,,,对正常细胞无毒性,,,,,,,,,,,,,,,,,,,,
,CN(C1=C(SC2=C3)C=CC=C1)C2=CC=C3/C=N/OC4=C(NN=N4)CC5=CC=C(C=C5)[N+]([O-])=O,,25,,,,,50,100,,,,对正常细胞无毒性,,,,,,,,,,,,,,,,,,,,
,CN(C(/C=C\C)=CSC1=C2)C1=CC=C2/C=N/OC3=C(NN=N3)CC4=CC=CC=C4F,,12.5,,,,,25,25,,,,对正常细胞无毒性,,,,,,,,,,,,,,,,,,,,
,CN(C1=C(SC2=C3)C=CC=C1)C2=CC=C3/C=N/OC4=CN(N=N4)CC5=CC=C(O)C=C5,,50,,,,,100,50,,,,对正常细胞无毒性,,,,,,,,,,,,,,,,,,,,
,N#CC1=CC=C(CN2N=NC(CO/N=C/C3=CC=C4N(C)C5=C(C=CC=C5)SC4=C3)=C2)C=C1,,12.5,,,,,25,25,,,,对正常细胞无毒性,,,,,,,,,,,,,,,,,,,,
,COC1=CC=C(C=C1)CC2=C(CO/N=C/C3=CC=C4N(C)C5=C(C=CC=C5)SC4=C3)N=NN2,,50,,,,,100,100,,,,对正常细胞无毒性,,,,,,,,,,,,,,,,,,,,
,FC1=CC=C(C=C1)CC2=C(CO/N=C/C3=CC=C4N(C)C5=C(C=CC=C5)SC4=C3)N=NN2,,12.5,,,,,25,25,,,,对正常细胞无毒性,,,,,,,,,,,,,,,,,,,,
,,,,,,,,,,,,,,,,,,,,,,,,,,,,,,,,,
,CC1=CC=C(C=C1)CN2N=NC(CN3C4=C(C=CC=C4)SC5=CC=CC=C35)=C2,,50,,,,,100,100,,,,对正常细胞无毒性,,,,,,,,,,,,,,,,,,,,
,O=[N+](C1=CC=C(C=C1)CN2N=NC(CN3C4=C(C=CC=C4)SC5=CC=CC=C35)=C2)[O-],,50,,,,,50,100,,,,对正常细胞无毒性,,,,,,,,,,,,,,,,,,,,
,FC1=CC=CC=C1CN2N=NC(CN3C4=C(C=CC=C4)SC5=CC=CC=C35)=C2,,12.5,,,,,12.5,25,,,,对正常细胞无毒性,,,,,,,,,,,,,,,,,,,,
,OC(C=C1)=CC=C1CN(N=N2)C=C2CN3C4=CC=CC=C4SC5=C3C=CC=C5,,50,,,,,50,100,,,,对正常细胞无毒性,,,,,,,,,,,,,,,,,,,,
,N#CC1=CC=C(CN2N=NC(CN3C4=C(C=CC=C4)SC5=CC=CC=C35)=C2)C=C1,,6.25,,,,,12.5,12.5,,,,对正常细胞无毒性,,,,,,,,,,,,,,,,,,,,
,COC1=CC=C(C=C1)CN2N=NC(CN3C4=C(C=CC=C4)SC5=CC=CC=C35)=C2,,25,,,,,25,50,,,,对正常细胞无毒性,,,,,,,,,,,,,,,,,,,,
,FC1=CC=C(C=C1)CN2N=NC(CN3C4=C(C=CC=C4)SC5=CC=CC=C35)=C2,,12.5,,,,,12.5,12.5,,,,对正常细胞无毒性,,,,,,,,,,,,,,,,,,,,
,,,,,,,,,,,,,,,,,,,,,,,,,,,,,,,,,
,O=C(N/N=C/C1=CC=C2N(CC3=CN(CC4=CC=C(C#N)C=C4)N=N3)C5=C(C=CC=C5)SC2=C1)C6=CN=CC=C6,,12.5,,,,,25,50,,,,对正常细胞无毒性,,,,,,,,,,,,,,,,,,,,
,O=C(C1=NC=CN=C1)N/N=C/C2=CC=C3N(CC4=CN(CC5=CC=C(C#N)C=C5)N=N4)C6=C(C=CC=C6)SC3=C2,,50,,,,,50,100,,,,对正常细胞无毒性,,,,,,,,,,,,,,,,,,,,
,O=C(N/N=C/C1=CC=C2N(CC3=CN(CC4=CC=C(C#N)C=C4)N=N3)C5=C(C=CC=C5)SC2=C1)C6=CC=NC=C6,,12.5,,,,,25,25,,,,对正常细胞无毒性,,,,,,,,,,,,,,,,,,,,
,O=C(N/N=C/C1=CC=C2N(CC3=CN(CC4=CC=C(C#N)C=C4)N=N3)C5=C(C=CC(C(F)(F)F)=C5)SC2=C1)C6=CN=CC=C6,,50,,,,,100,100,,,,对正常细胞无毒性,,,,,,,,,,,,,,,,,,,,
,O=C(C1=NC=CN=C1)N/N=C/C2=CC=C3N(CC4=CN(CC5=CC=C(C#N)C=C5)N=N4)C6=C(C=CC(C(F)(F)F)=C6)SC3=C2,,50,,,,,50,100,,,,对正常细胞无毒性,,,,,,,,,,,,,,,,,,,,
,O=C(N/N=C/C1=CC=C2N(CC3=CN(CC4=CC=C(C#N)C=C4)N=N3)C5=C(C=CC(C(F)(F)F)=C5)SC2=C1)C6=CC=NC=C6,,50,,,,,50,100,,,,对正常细胞无毒性,,,,,,,,,,,,,,,,,,,,
,,,,,,,,,,,,,,,,,,,,,,,,,,,,,,,,,
,O=C(N/N=C/C1=CC=C2N(CC3=CN(CC4=CC=C(C#N)C=C4)N=N3)C5=C(C=CC=C5)SC2=C1)C6=CC=C([N+]([O-])=O)C=C6,,25,,,,,50,50,,,,对正常细胞无毒性,,,,,,,,,,,,,,,,,,,,
,O=C(N/N=C/C1=CC=C2N(CC3=CN(CC4=CC=C(C#N)C=C4)N=N3)C5=C(C=CC=C5)SC2=C1)C6=CC=CC=C6,,12.5,,,,,25,25,,,,对正常细胞无毒性,,,,,,,,,,,,,,,,,,,,
,O=C(N/N=C/C1=CC=C2N(CC3=CN(CC4=CC=C(C#N)C=C4)N=N3)C5=C(C=CC=C5)SC2=C1)C6=CC=C(F)C=C6,,6.25,,,,,12.5,12.5,,,,对正常细胞无毒性,,,,,,,,,,,,,,,,,,,,
,O=C(N/N=C/C1=CC=C2N(CC3=CN(CC4=CC=C(C#N)C=C4)N=N3)C5=C(C=CC=C5)SC2=C1)C6=CC=C(C)C=C6,,25,,,,,50,100,,,,对正常细胞无毒性,,,,,,,,,,,,,,,,,,,,
,O=C(N/N=C/C1=CC=C2N(CC3=CN(CC4=CC=C(C#N)C=C4)N=N3)C5=C(C=CC(C(F)(F)F)=C5)SC2=C1)C6=CC=C([N+]([O-])=O)C=C6,,25,,,,,50,50,,,,对正常细胞无毒性,,,,,,,,,,,,,,,,,,,,
,O=C(N/N=C/C1=CC=C2N(CC3=CN(CC4=CC=C(C#N)C=C4)N=N3)C5=C(C=CC(C(F)(F)F)=C5)SC2=C1)C6=CC=CC=C6,,50,,,,,50,50,,,,对正常细胞无毒性,,,,,,,,,,,,,,,,,,,,
,O=C(N/N=C/C1=CC=C2N(CC3=CN(CC4=CC=C(C#N)C=C4)N=N3)C5=C(C=CC(C(F)(F)F)=C5)SC2=C1)C6=CC=C(F)C=C6,,6.25,,,,,12.5,12.5,,,,对正常细胞无毒性,,,,,,,,,,,,,,,,,,,,
,O=C(N/N=C/C1=CC=C2N(CC3=CN(CC4=CC=C(C#N)C=C4)N=N3)C5=C(C=CC(C(F)(F)F)=C5)SC2=C1)C6=CC=C(C)C=C6,,25,,,,,50,50,,,,对正常细胞无毒性,,,,,,,,,,,,,,,,,,,,
1974,,,S.aureus ATCC 29213,,,,,E. Coli ATCC 25922,K. pneumoniae BAA-1705,A. baumannii BAA-1605,P.aeruginosa ATCC 27853,,,,,,,,,"European Journal of Medicinal Chemistry,2018,157,1056 - 1067",,,,,,,,,,,,,
,,,>64,,,,,>64,>64,>64,>64,,活性化合物对 Vero 细胞无毒性,,,,,,,,,,,,,,,,,,,,
,O=C1N(C2=CC=CC(OCC3=CN(C4=CC=C(Cl)C=C4)N=N3)=C2)C(C)=NC5=C1C=CC=C5,,>64,,,,,>64,>64,>64,>64,,活性化合物对 Vero 细胞无毒性,,,,,,,,,,,,,,,,,,,,
,O=C1N(C(C)=NC2=C1C=CC=C2)C3=CC=CC(OC4=CN(N=N4)C5=CC=C(C(Cl)=C5)F)=C3,,>64,,,,,>64,>64,>64,>64,,活性化合物对 Vero 细胞无毒性,,,,,,,,,,,,,,,,,,,,
,O=C1N(C2=CC=CC(OCC3=CN(C4=CC=CC(C)=C4)N=N3)=C2)C(C)=NC5=C1C=CC=C5,,>64,,,,,>64,>64,>64,>64,,活性化合物对 Vero 细胞无毒性,,,,,,,,,,,,,,,,,,,,
,O=C1N(C2=CC=CC(OCC3=CN(C4=CC=CC(O)=C4)N=N3)=C2)C(C)=NC5=C1C=CC=C5,,>64,,,,,>64,>64,>64,>64,,活性化合物对 Vero 细胞无毒性,,,,,,,,,,,,,,,,,,,,
,O=C1N(C2=CC=CC(OCC3=CN(C4=CC=C(O)C=C4)N=N3)=C2)C(C)=NC5=C1C=CC=C5,,>64,,,,,>64,>64,>64,>64,,活性化合物对 Vero 细胞无毒性,,,,,,,,,,,,,,,,,,,,
,O=C1N(C2=CC=CC(OCC3=CN(C4=CC=C(OC)C=C4)N=N3)=C2)C(C)=NC5=C1C=CC=C5,,>64,,,,,>64,>64,>64,>64,,活性化合物对 Vero 细胞无毒性,,,,,,,,,,,,,,,,,,,,
,O=C1N(C2=CC=CC(OCC3=CN(C4=CC=CC(C(O)=O)=C4)N=N3)=C2)C(C)=NC5=C1C=CC=C5,,>64,,,,,>64,>64,>64,>64,,活性化合物对 Vero 细胞无毒性,,,,,,,,,,,,,,,,,,,,
,O=C1N(C2=CC=CC(OCC3=CN(C4=CC=C(C(O)=O)C=C4)N=N3)=C2)C(C)=NC5=C1C=CC=C5,,>64,,,,,>64,>64,>64,>64,,活性化合物对 Vero 细胞无毒性,,,,,,,,,,,,,,,,,,,,
,O=C1N(C2=CC=CC(OCC3=CN(C4=CC([N+]([O-])=O)=C(C)C=C4)N=N3)=C2)C(C)=NC5=C1C=CC=C5,,>64,,,,,>64,>64,>64,>64,,活性化合物对 Vero 细胞无毒性,,,,,,,,,,,,,,,,,,,,
,O=C1N(C(C)=NC2=C1C=CC=C2)C3=CC=CC(OCC4=CN(N=N4)C5=C(C=C(C=C5)[N+]([O-])=O)C)=C3,,>64,,,,,>64,>64,>64,>64,,活性化合物对 Vero 细胞无毒性,,,,,,,,,,,,,,,,,,,,
,O=C1N(C2=CC=CC(OCC3=CN(C4=CC(C)=C(C)C(C)=C4)N=N3)=C2)C(C)=NC5=C1C=CC=C5,,>64,,,,,>64,>64,>64,>64,,活性化合物对 Vero 细胞无毒性,,,,,,,,,,,,,,,,,,,,
,O=C1N(C2=CC=CC(OCC3=CN(C4=CC(OC)=C(OC)C(OC)=C4)N=N3)=C2)C(C)=NC5=C1C=CC=C5,,>64,,,,,>64,>64,>64,>64,,活性化合物对 Vero 细胞无毒性,,,,,,,,,,,,,,,,,,,,
,O=C1N(C2=CC=CC(OCC3=CN(C4=CC(Cl)=CC=C4)N=N3)=C2)C(C)=NC5=C1C=CC=C5C,,>64,,,,,>64,>64,>64,>64,,活性化合物对 Vero 细胞无毒性,,,,,,,,,,,,,,,,,,,,
,,,,,,,,,,,,,,,,,,,,,,,,,,,,,,,,,
,N#CC1=CC=C(C=C1)/C=C/C(N2C3=CC=CC(OC4=CN(N=N4)C5=CC=CC(Cl)=C5)=C3)=NC6=C(C2=O)C=CC=C6,,0.5,,,,,>64,>64,>64,>64,,活性化合物对 Vero 细胞无毒性,,,,,,,,,,,,,,,,,,,,
,N#CC1=CC=C(C=C1)/C=C/C(N2C3=CC=CC(OC4=CN(N=N4)C5=CC=C(C=C5)Cl)=C3)=NC6=C(C2=O)C=CC=C6,,0.5,,,,,>64,>64,>64,>64,,活性化合物对 Vero 细胞无毒性,,,,,,,,,,,,,,,,,,,,
,N#CC1=CC=C(C=C1)/C=C/C(N2C3=CC=CC(OC4=CN(N=N4)C5=CC=CC(C)=C5)=C3)=NC6=C(C2=O)C=CC=C6,,0.5,,,,,>64,>64,>64,>64,,活性化合物对 Vero 细胞无毒性,,,,,,,,,,,,,,,,,,,,
,N#CC1=CC=C(C=C1)/C=C/C(N2C3=CC=CC(OC4=CN(N=N4)C5=CC=CC(Cl)=C5)=C3)=NC6=C(C2=O)C=CC=C6C,,>64,,,,,>64,>64,>64,>64,,活性化合物对 Vero 细胞无毒性,,,,,,,,,,,,,,,,,,,,
,N#CC1=CC=C(C=C1)/C=C/C(N2C3=CC=CC(OC4=CN(N=N4)C5=CC=CC(C(O)=O)=C5)=C3)=NC6=C(C2=O)C=CC=C6,,4,,,,,>64,>64,>64,>64,,活性化合物对 Vero 细胞无毒性,,,,,,,,,,,,,,,,,,,,
,N#CC1=CC=C(C=C1)/C=C/C(N2C3=CC=CC(OC4=CN(N=N4)C5=CC=C(C=C5)OC)=C3)=NC6=C(C2=O)C=CC=C6,,4,,,,,>64,>64,>64,>64,,活性化合物对 Vero 细胞无毒性,,,,,,,,,,,,,,,,,,,,
,N#CC1=CC=C(C=C1)/C=C/C(N2C3=CC=CC(OC4=CN(N=N4)C5=CC=CC(F)=C5)=C3)=NC6=C(C2=O)C=CC=C6,,0.5,,,,,>64,>64,>64,>64,,活性化合物对 Vero 细胞无毒性,,,,,,,,,,,,,,,,,,,,
,N#CC1=CC=C(C=C1)/C=C/C(N2C3=CC=CC(OC4=CN(N=N4)C5=CC=C(C=C5)C(F)(F)F)=C3)=NC6=C(C2=O)C=CC=C6,,4,,,,,>64,>64,>64,>64,,活性化合物对 Vero 细胞无毒性,,,,,,,,,,,,,,,,,,,,
,ClC1=CC=C(C=C1)/C=C/C(N2C3=CC=CC(OC4=CN(N=N4)C5=CC=CC(F)=C5)=C3)=NC6=C(C2=O)C=CC=C6,,4,,,,,>64,>64,>64,>64,,活性化合物对 Vero 细胞无毒性,,,,,,,,,,,,,,,,,,,,
,,,,,,,,,,,,,,,,,,,,,,,,,,,,,,,,,
,N#CC1=CC=C(/C=C/C(N2C3=CC=CC(OCC4=CN(CC5=CC=CC=C5)N=N4)=C3)=NC6=C(C=CC=C6)C2=O)C=C1,,0.5,,,,,>64,>64,>64,>64,,活性化合物对 Vero 细胞无毒性,,,,,,,,,,,,,,,,,,,,
,N#CC1=CC=C(/C=C/C(N2C3=CC=CC(OCC4=CN(CC5=CC=C(Br)C=C5)N=N4)=C3)=NC6=C(C=CC=C6)C2=O)C=C1,,16,,,,,>64,>64,>64,>64,,活性化合物对 Vero 细胞无毒性,,,,,,,,,,,,,,,,,,,,
,N#CC1=CC=C(/C=C/C(N2C3=CC=CC(OCC4=CN(CC5=CC(Br)=CC=C5)N=N4)=C3)=NC6=C(C=CC=C6)C2=O)C=C1,,0.5,,,,,>64,>64,>64,>64,,活性化合物对 Vero 细胞无毒性,,,,,,,,,,,,,,,,,,,,
,N#CC1=CC=C(/C=C/C(N2C3=CC=CC(OCC4=CN(CC5=CC=C(OC)C=C5)N=N4)=C3)=NC6=C(C=CC=C6)C2=O)C=C1,,0.5,,,,,>64,>64,>64,>64,,活性化合物对 Vero 细胞无毒性,,,,,,,,,,,,,,,,,,,,
,N#CC1=CC=C(/C=C/C(N2C3=CC=CC(OCC4=CN(CC5=CC=C([N+]([O-])=O)C=C5)N=N4)=C3)=NC6=C(C=CC=C6)C2=O)C=C1,,2,,,,,>64,>64,>64,>64,,活性化合物对 Vero 细胞无毒性,,,,,,,,,,,,,,,,,,,,
,N#CC1=CC=C(C=C1)/C=C/C(N2C3=CC=C(C=C3)OC4=CN(N=N4)CC5=CC=C(C=C5)Br)=NC6=C(C2=O)C=CC=C6,,>64,,,,,>64,>64,>64,>64,,活性化合物对 Vero 细胞无毒性,,,,,,,,,,,,,,,,,,,,
,O=C1N(C2=CC=CC(N3N=NC(C4=CC=CC=C4)=C3)=C2)C(C)=NC5=C1C=CC=C5,,>64,,,,,>64,>64,>64,>64,,活性化合物对 Vero 细胞无毒性,,,,,,,,,,,,,,,,,,,,
,,,,,,,,,,,,,,,,,,,,,,,,,,,,,,,,,
,O=C1N(C2=CC=CC(N3N=NC(C4=CC=CC=C4)=C3)=C2)C(/C=C/C5=CC=C(Cl)C=C5)=NC6=C1C=CC=C6,,>64,,,,,>64,>64,>64,>64,,活性化合物对 Vero 细胞无毒性,,,,,,,,,,,,,,,,,,,,
,O=C1N(C2=CC=CC(N3N=NC(C4=CC=CC=C4)=C3)=C2)C(/C=C/C5=CC=C(C#N)C=C5)=NC6=C1C=CC=C6,,>64,,,,,>64,>64,>64,>64,,活性化合物对 Vero 细胞无毒性,,,,,,,,,,,,,,,,,,,,
,,,,,,,,,,,,,,,,,,,,,,,,,,,,,,,,,
,O=C1N(C2=CC=CC(N3N=NC(COC4=CC=C(C(C)(C)CC)C=C4)=C3)=C2)C(C)=NC5=C1C=CC=C5,,>64,,,,,>64,>64,>64,>64,,活性化合物对 Vero 细胞无毒性,,,,,,,,,,,,,,,,,,,,
,O=C1N(C2=CC=CC(N3N=NC(COC4=CC(C)=CC=C4C)=C3)=C2)C(C)=NC5=C1C=CC=C5,,>64,,,,,>64,>64,>64,>64,,活性化合物对 Vero 细胞无毒性,,,,,,,,,,,,,,,,,,,,
,C=C1N(C2=CC(N(N=N3)C=C3COC4=CC=C(C(C)(C)CC)C=C4)=CC=C2)C(/C=C/C5=CC=C(C#N)C=C5)=NC6=CC=CC=C61,,>64,,,,,>64,>64,>64,>64,,活性化合物对 Vero 细胞无毒性,,,,,,,,,,,,,,,,,,,,
2057,,,S. aureus,,,,,,P. aeruginosa,,,,,,,,,,,"Dalton Transactions,2023,52,8737-8746",MBC(μg/mL),,,,,,,,,,,,
,,,200,,,,,,100,,,,低毒性,,,,>250,,,,S. aureus,,,,,,,,,,,,
,,,25,,,,,,100,,,,低毒性,,,,>250,,,,/,,,,,,,,,,,,
,,,0.78,,,,,,100,,,,低毒性,,,,>250,,,,200,,,,,,,,,,,,
,,,200,,,,,,100,,,,低毒性,,,,>250,,,,25,,,,,,,,,,,,
859,,,S.aureus,B. subtilis,S. epidermidis,,,E.Coli,,,,,IC50,,,,,,,Chemical Papers 76.12 (2022): 7607-7622.,,,,,,,,,,,,,Chemical Papers 76.12 (2022): 7607-7622.
,O=C(N1CCC2=C1C=CC=C2)CN(N=N3)C=C3CN4C5=CC=CC=C5N=C4,"5a R1=H ，R2=H ，R3=H ,R4=H ",12.544,25.088,25.088,,,25.088,,,,,29.0304±0.7168,,,,,,,,,,,,,,,   ,,,,,
,O=C(N1CCC2=C1C=CC=C2)CN(N=N3)C=C3CN4C5=CC(C)=C(C)C=C5N=C4,"5b R1=H ，R2=CH3 ，R3=H ,R4=H ",25.1199,25.1199,25.1199,,,25.1199,,,,,18.55008±0.347814,,,,,,,,,,,,,,,,,,,,
,O=C(N1CCC2=C1C=CC=C2)CN(N=N3)C=C3CN4C5=CC=CC=C5N=C4C,"5c R1=CH3 ，R2=H ，R3=H ,R4=H ",24.95281,24.95281,24.95281,,,24.95281,,,,,20.85608±0.558645,,,,,,,,,,,,,,,,,,,,
,O=C(N1CCC2=C1C=CC=C2)CN(N=N3)C=C3CN4C5=CC=CC=C5N=C4SC,"5d R1=SCH3 ，R2=H ，R3=H ,R4=H ",25.079,25.079,25.079,,,25.079,,,,,14.9665±0.44495,,,,,,,,,,,,,,,,,,,,
,O=C(N1CCC2=C1C=CC=C2)CN(N=N3)C=C3CN4C5=CC=CC=C5N=C4C6=CC=CC=C6,"5e R1=C6H5 ，R2=H ，R3=H ,R4=H ",12.6005,25.201,25.201,,,25.201,,,,,19.987±0.6083,,,,,,,,,,,,,,,,,,,,
,O=C(N1CCC2=C1C=CC=C2)CN(N=N3)C=C3CN4C5=CC=CC=C5N=C4C#CC#CC#[NH4],"5f R1=C5H4N ，R2=H ，R3=H ,R4= H",12.62921,24.82293,24.82293,,,24.82293,,,,,13.0647±0.348392,,,,,,,,,,,,,,,,,,,,
,O=C(N1C(C)CC2=C1C=CC=C2)CN(N=N3)C=C3CN4C5=CC=CC=C5N=C4,"5g R1=H ，R2=H ，R3=CH3 ,R4=H ",12.66262,24.95281,24.95281,,,24.95281,,,,,21.97337±0.409673,,,,,,,,,,,,,,,,,,,,
,O=C(N1C(C)CC2=C1C=CC=C2)CN(N=N3)C=C3CN4C5=CC(C)=C(C)C=C5N=C4.C,"5h R1=H ，R2=CH3 ，R3=CH3 ,R4=H ",12.41519,25.23087,25.23087,,,25.23087,,,,,19.62401±0.720882,,,,,,,,,,,,,,,,,,,,
,O=C(N1C(C)CC2=C1C=CC=C2)CN(N=N3)C=C3CN4C5=CC=CC=C5N=C4C,"5i R1=CH3 ，R2=H ，R3=CH3 ,R4=H ",25.1199,25.1199,25.1199,,,25.1199,,,,,16.61778±0.541044,,,,,,,,,,,,,,,,,,,,
,O=C(N1C(C)CC2=C1C=CC=C2)CN(N=N3)C=C3CN4C5=CC=CC=C5N=C4SC,"5j R1=SCH3 ，R2=H ，R3=CH3 ,R4=H ",25.1118,25.1118,25.1118,,,25.1118,,,,,13.39296±0.292971,,,,,,,,,,,,,,,,,,,,
,O=C(N1C(C)CC2=C1C=CC=C2)CN(N=N3)C=C3CN4C5=CC=CC=C5N=C4C6=CC=CC=C6,"5k R1=C6H5 ，R2=H ，R3=CH3 ,R4=H ",25.11768,25.11768,25.11768,,,25.11768,,,,,15.69855±0.403677,,,,,,,,,,,,,,,,,,,,
,O=C(N1C(C)CC2=C1C=CC=C2)CN(N=N3)C=C3CN4C5=CC=CC=C5N=C4C#CC#CC#[NH4],"5l R1=C5H4N ，R2=H ，R3=CH3 ,R4=H ",12.58656,25.17312,25.17312,,,25.17312,,,,,10.33896±0.359616,,,,,,,,,,,,,,,,,,,,
,O=C(N1CCC2=C1C=C([N+]([O-])=O)C=C2)CN(N=N3)C=C3CN4C5=CC=CC=C5N=C4,"5m R1=H ，R2=H ，R3=H ,R4=NO2 ",12.5054,25.0108,25.0108,,,25.0108,,,,,14.5224±0.4034,,,,,,,,,,,,,,,,,,,,
,O=C(N1CCC2=C1C=C([N+]([O-])=O)C=C2)CN(N=N3)C=C3CN4C5=CC(C)=C(C)C=C5N=C4,"5n R1=H ，R2=CH3 ，R3=H ,R4=NO2 ",12.51234,25.02468,25.02468,,,25.02468,,,,,12.5134±0.690336,,,,,,,,,,,,,,,,,,,,
,O=C(N1CCC2=C1C=C([N+]([O-])=O)C=C2)CN(N=N3)C=C3CN4C5=CC=CC=C5N=C4C,"5o R1=CH3 ，R2=H ，R3=H ,R4=NO2 ",25.0458,25.0458,12.5229,,,12.5229,,,,,14.19262±0.584402,,,,,,,,,,,,,,,,,,,,
,O=C(N1CCC2=C1C=C([N+]([O-])=O)C=C2)CN(N=N3)C=C3CN4C5=CC=CC=C5N=C4SC,"5p R1=SCH3 ，R2=H ，R3=H ,R4=NO2 ",13.0355,25.172,25.172,,,25.172,,,,,6.7425±0.13485,,,,,,,,,,,,,,,,,,,,
,O=C(N1CCC2=C1C=C([N+]([O-])=O)C=C2)CN(N=N3)C=C3CN4C5=CC=CC=C5N=C4C6=CC=CC=C6,"5q R1=C6H5 ，R2=H ，R3=H ,R4=NO2 ",12.467,24.934,24.934,,,24.934,,,,,12.9465±0.2877,,,,,,,,,,,,,,,,,,,,
,O=C(N1CCC2=C1C=C([N+]([O-])=O)C=C2)CN(N=N3)C=C3CN4C5=CC=CC=C5N=C4C#CC#CC#[NH4],"5r R1=C5H4N ，R2=H ，R3=H ,R4=NO2 ",6.24637,24.98548,12.49274,,,12.49274,,,,,8.64882±0.384692,,,,,,,,,,,,,,,,,,,,
1181,,,S.aureus,,,,,E.Coli,P.aeruginosa,,,, 无毒性,,,,,,,European Journal of Medicinal Chemistry 168 (2019) 263e282,,,,,,,,,,,,,
,[H]C1=CC=C2C(N(CC3=CN(CC4=CC=C([N+]([O-])=O)C=C4)N=N3)C(C=CC=C5)=C5S2)=C,"11b, R1=H,R2=4-NO2",50,,,,,50,100,,,,4.838±0.131,,,,,,,,,,,,,,,,,,,,
,[H]C1=CC=C2C(N(CC3=CN(CC4=CC=CC=C4F)N=N3)C(C=CC=C5)=C5S2)=C1,"11c, R1=H,R2=2-F",12.5,,,,,12.5,25,,,,9.244±0.05,,,,,,,,,,,,,,,,,,,,
,[H]C1=CC=C2C(N(CC3=CN(CC4=CC=C(O)C=C4)N=N3)C(C=CC=C5)=C5S2)=C1,"11d, R1=H,R2=4-OH",50,,,,,50,100,,,,13.2±0.09,,,,,,,,,,,,,,,,,,,,
,[H]C1=CC=C2C(N(CC3=CN(CC4=CC=C(C#N)C=C4)N=N3)C(C=CC=C5)=C5S2)=C1,"11e, R1=H,R2=4-CN",6.25,,,,,12.5,12.5,,,,60.38±0.12,,,,,,,,,,,,,,,,,,,,
,[H]C1=CC=C2C(N(CC3=CN(CC4=CC=C(OC)C=C4)N=N3)C(C=CC=C5)=C5S2)=C1,"11f, R1=H,R2=4-OMe",25,,,,,25,50,,,,20.84±0.06,,,,,,,,,,,,,,,,,,,,
,[H]C1=CC=C2C(N(CC3=CN(CC4=CC=C(F)C=C4)N=N3)C(C=CC=C5)=C5S2)=C1,"11g, R1=H,R2=4-F",12.5,,,,,12.5,12.5,,,,38.05±0.07,,,,,,,,,,,,,,,,,,,,
,FC(C1=CC=C2C(N(CC3=CN(CC4=CC=C(C#N)C=C4)N=N3)C(C=CC=C5)=C5S2)=C1)(F)F,"11h, R1=CF3,R2=4-CN",12.5,,,,,25,50,,,,16.14±0.17,,,,,,,,,,,,,,,,,,,,
,,,,,,,,,,,,,,,,,,,,,,,,,,,,,,,,,
,[H]C1=CC=C2C(N(CC3NNN(C4=CC=C(C#N)C=C4)C3)C(C=CC(/C=N/NC(C5=CC=NC=N5)=O)=C6)=C6S2)=C1,"14b, R1=H,R2=4-CN 苯甲基，X=N,Y=CH,Z=N",50,,,,,50,100,,,,24.01±0.13,,,,,,,,,,,,,,,,,,,,
,[H]C1=CC=C2C(N(CC3NNN(C4=CC=C(C#N)C=C4)C3)C(C=CC(/C=N/NC(C5=CC=CN=C5)=O)=C6)=C6S2)=C1,"14c, R1=H,R2=4-CN 苯甲基，X=CH,Y=N,Z=CH",12.5,,,,,25,25,,,,12.96±0.1,,,,,,,,,,,,,,,,,,,,
,O=C(C1=CC=NC=C1)N/N=C/C2=CC3=C(C=C2)N(CC4NNN(C5=CC=C(C#N)C=C5)C4)C6=CC(C(F)(F)F)=CC=C6S3,"14d, R1=CF3,R2=4-CN 苯甲基，X=N,Y=CH,Z=CH",50,,,,,100,100,,,,8.452±0.055,,,,,,,,,,,,,,,,,,,,
,O=C(C1=CC=NC=N1)N/N=C/C2=CC3=C(C=C2)N(CC4NNN(C5=CC=C(C#N)C=C5)C4)C6=CC(C(F)(F)F)=CC=C6S3,"14e, R1=CF3,R2=4-CN 苯甲基，X=N,Y=CH,Z=N",50,,,,,50,100,,,,21.13±0.07,,,,,,,,,,,,,,,,,,,,
,O=C(C1=CC=CN=C1)N/N=C/C2=CC3=C(C=C2)N(CC4NNN(C5=CC=C(C#N)C=C5)C4)C6=CC(C(F)(F)F)=CC=C6S3,"14f, R1=CF3,R2=4-CN 苯甲基，X=CH,Y=N,Z=CH",50,,,,,50,100,,,,14.78±0.09,,,,,,,,,,,,,,,,,,,,
,[H]C1=CC=C2C(N(CC3NNN(C4=CC=C(C#N)C=C4)C3)C(C=CC(/C=N/NC(C5=CC=C([N+]([O-])=O)C=C5)=O)=C6)=C6S2)=C1,"14g, R1=H,R2=4-CN 苯甲基，R3=NO2",25,,,,,50,50,,,,6.926±0.135,,,,,,,,,,,,,,,,,,,,
,[H]C1=CC=C2C(N(CC3NNN(C4=CC=C(C#N)C=C4)C3)C(C=CC(/C=N/NC(C5=CC=C([H])C=C5)=O)=C6)=C6S2)=C1,"14h, R1=H,R2=4-CN 苯甲基，R3=H",12.5,,,,,25,25,,,,4.343±0.025,,,,,,,,,,,,,,,,,,,,
,[H]C1=CC=C2C(N(CC3NNN(C4=CC=C(C#N)C=C4)C3)C(C=CC(/C=N/NC(C5=CC=C(F)C=C5)=O)=C6)=C6S2)=C1,"14i, R1=H,R2=4-CN 苯甲基，R3=F",6.25,,,,,12.5,12.5,,,,7.578±0.023,,,,,,,,,,,,,,,,,,,,
,[H]C1=CC=C2C(N(CC3NNN(C4=CC=C(C#N)C=C4)C3)C(C=CC(/C=N/NC(C5=CC=C(C)C=C5)=O)=C6)=C6S2)=C1,"14j, R1=H,R2=4-CN 苯甲基，R3=CH3",25,,,,,50,100,,,,4.561±0.096,,,,,,,,,,,,,,,,,,,,
,O=C(C1=CC=C([N+]([O-])=O)C=C1)N/N=C/C2=CC3=C(C=C2)N(CC4NNN(C5=CC=C(C#N)C=C5)C4)C6=CC(C(F)(F)F)=CC=C6S3,"14k, R1=CF3,R2=4-CN 苯甲基，R3=NO2",25,,,,,50,50,,,,11.27±0.07,,,,,,,,,,,,,,,,,,,,
,O=C(C1=CC=C([H])C=C1)N/N=C/C2=CC3=C(C=C2)N(CC4NNN(C5=CC=C(C#N)C=C5)C4)C6=CC(C(F)(F)F)=CC=C6S3,"14l, R1=CF3,R2=4-CN 苯甲基，R3=H",50,,,,,50,50,,,,5.516±0.031,,,,,,,,,,,,,,,,,,,,
,O=C(C1=CC=C(F)C=C1)N/N=C/C2=CC3=C(C=C2)N(CC4NNN(C5=CC=C(C#N)C=C5)C4)C6=CC(C(F)(F)F)=CC=C6S3,"14m, R1=CF3,R2=4-CN 苯甲基，R3=F",6.25,,,,,12.5,12.5,,,,6.466±0.06,,,,,,,,,,,,,,,,,,,,
,O=C(C1=CC=C(C)C=C1)N/N=C/C2=CC3=C(C=C2)N(CC4NNN(C5=CC=C(C#N)C=C5)C4)C6=CC(C(F)(F)F)=CC=C6S3,"14n, R1=CF3,R2=4-CN 苯甲基，R3=CH3",25,,,,,50,50,,,,15.68±0.04,,,,,,,,,,,,,,,,,,,,
869,,,S.aureus,E. faecalis,S. agalacticae,,,E.Coli,P.aeruginosa,,,,,,,,,,,Bioorganic & Medicinal Chemistry 25.20 (2017): 5380-5395.,,,,,,,,,,,,,Bioorganic & Medicinal Chemistry 25.20 (2017): 5380-5395.
,O=C(NCC[NH3+])C(N=N1)=CN1C2=CC(C(C)(C)C)=CC(C(C)(C)C)=C2,,16,32,16,,,16,32,,,,8,,,,,,,,,,,,,,,8,,,,,
,O=C(NCC[NH3+])C(N=N1)=CN1C2=CC=C(OCCCCCCC)C=C2,,4,-,8,,,-,16,,,,3.5,,,,,,,,,,,,,,,3.5,,,,,
,O=C(NCC[NH3+])C1=CN(C(C=C2)=CC=C2OCC3=CC(C(C)(C)C)=CC(C(C)(C)C)=C3)N=N1,,-,8,2,,,-,16,,,,2.9,,,,,,,,,,,,,,,2.9,,,,,
,O=C(NCCNC(N)=[NH2+])C1=CN(C2=CC(C(C)(C)C)=CC(C(C)(C)C)=C2)N=N1,,8,16,8,,,16,16,,,,31.3,,,,,,,,,,,,,,,31.3,,,,,
,O=C(NCCNC(N)=[NH2+])C1=CN(C2=CC=C(OCCCCCCC)C=C2)N=N1,,4,16,8,,,8,8,,,,23.8,,,,,,,,,,,,,,,23.8,,,,,
,O=C(NCCNC(N)=[NH2+])C1=CN(C(C=C2)=CC=C2OCC3=CC(C(C)(C)C)=CC(C(C)(C)C)=C3)N=N1,,8,16,4,,,-,-,,,,16.2,,,,,,,,,,,,,,,16.2,,,,,
,C/C(C1=CN(CC2=CC(C(C)(C)C)=CC(C(C)(C)C)=C2)N=N1)=N\NC(N)=[NH2+],,4,8,4,,,8,8,,,,2.3,,,,,,,,,,,,,,,2.3,,,,,
,C/C(C1=CN(C2=CC(C(C)(C)C)=CC(C(C)(C)C)=C2)N=N1)=N\NC(N)=[NH2+],,4,4,2,,,4,16,,,,2.6,,,,,,,,,,,,,,,2.6,,,,,
,C/C(C1=CN(C2=CC=C(OCCCCCCC)C=C2)N=N1)=N\NC(N)=[NH2+],,-,32,8,,,16,64,,,,2,,,,,,,,,,,,,,,2,,,,,
,C/C(C1=CN(C(C=C2)=CC=C2OCC3=CC(C(C)(C)C)=CC(C(C)(C)C)=C3)N=N1)=N\NC(N)=[NH2+],,-,64,0.5,,,-,,,,,1.9,,,,,,,,,,,,,,,1.9,,,,,
883,,,S.aureus, Micrococcus luteus, Bacillus cereus,,,E.Coli,Pseudomonas fluorescens, Flavobacterium devorans,,,DPPH IC₅₀,,,,,,,"Polycyclic Aromatic Compounds, 2022, 42(4): 1920-1941.",,,,,,,,,,,,,"Polycyclic Aromatic Compounds, 2022, 42(4): 1920-1941."
,,,128,128,256,,,256,256,256,,,50.2,,,,,,,,,,,,,,,,,,,,
,,,,,,,,,,,,,,,,,,,,,,,,,,,,,,,,,
,,"5a, R₁ = H, R₂ = H, R₃ = H, R₄ = H",16,32,32,,,16,16,8,,,29.43,,,,,,,,,,,,,,,,,,,,
,,"5b, R₁ = Cl, R₂ = H, R₃ = H, R₄ = H",8,16,16,,,8,8,32,,,12.48,,,,,,,,,,,,,,,,,,,,
,,"5c, R₁ = H, R₂ = H, R₃ = Cl, R₄ = H",16,16,16,,,4,8,8,,,16.3,,,,,,,,,,,,,,,,,,,,
,,"5d, R₁ = Me, R₂ = H, R₃ = H, R₄ = H",8,16,32,,,4,128,16,,,40.41,,,,,,,,,,,,,,,,,,,,
,,"5e, R₁ = H, R₂ = H, R₃ = Me, R₄ = H",8,32,4,,,16,16,8,,,26.78,,,,,,,,,,,,,,,,,,,,
,,"5f, R₁ = Me, R₂ = H, R₃ = Me, R₄ = H",8,16,4,,,4,16,8,,,32.55,,,,,,,,,,,,,,,,,,,,
,,"5g, R₁ = H, R₂ = Me, R₃ = Cl, R₄ = H",8,32,4,,,4,4,4,,,15.19,,,,,,,,,,,,,,,,,,,,
,,"5h, R₁ = Cl, R₂ = H, R₃ = Cl, R₄ = Cl",16,16,8,,,4,4,4,,,19.2,,,,,,,,,,,,,,,,,,,,
,,,16,16,4,,,4,128,4,,,33.82,,,,,,,,,,,,,,,,,,,,
924,,,S.aureus,Bacillus subtilis,Staphylococcus epidermidis,,,,,,,,MCF-7,Hela,HEK-293,,,,,Journal of Heterocyclic Chemistry 57.4 (2020): 1655-1665.,,,,,,,,,,,,,Journal of Heterocyclic Chemistry 57.4 (2020): 1655-1665.
,FC(C=C(N1N=NC(COC2=CC=CC=C2)=C1)C=C3)=C3N4CCOCC4,,25±0.48,25±0.31,50±0.37,,,,,,,,30.0369±0.92748,34.04064±0.3717,,,,,,,,,,,,,,,,,,,
,FC(C=C(N1N=NC(COC2=CC=CC(Cl)=C2)=C1)C=C3)=C3N4CCOCC4,,25±0.18,25±0.28,50±0.33,,,,,,,,21.138285±0.742035,26.3403±0.641025,,,,,,,,,,,,,,,,,,,
,FC(C=C(N1N=NC(COC2=CC(Cl)=CC(Cl)=C2)=C1)C=C3)=C3N4CCOCC4,,6.25±0.21,12.5±0.41,12.5±0.37,,,,,,,,20.38437±0.47376,26.04834±0.77832,31.14549±1.15056,,,,,,,,,,,,,,,,,,
,FC(C=C(N1N=NC(COC2=CC=C(Br)C=C2)=C1)C=C3)=C3N4CCOCC4,,25±0.34,25±0.61,25±0.26,,,,,,,,35.29008±0.78624,33.31584±0.87264,29.73456±0.78624,,,,,,,,,,,,,,,,,,
,FC(C=C(N1N=NC(COC2=CC=CC=C2F)=C1)C=C3)=C3N4CCOCC4,,12.5±0.37,3.12±0.22,6.25±0.34,,,,,,,,6.76668±0.49104,12.3318±0.79608,16.04436±0.6138,,,,,,,,,,,,,,,,,,
,FC(C=C(N1N=NC(COC2=CC=C(F)C=C2)=C1)C=C3)=C3N4CCOCC4,,3.12±0.85,1.56±0.72,3.12±0.65,,,,,,,,4.15896±0.37572,11.68824±0.61008,24.77148±0.63612,,,,,,,,,,,,,,,,,,
,FC(C=C(N1N=NC(COC2=CC=CC(C(F)(F)F)=C2)=C1)C=C3)=C3N4CCOCC4,,12.5±0.84,12.5±0.35,25±1.37,,,,,,,,11.86242±0.27008,15.96848±0.34604,17.64382±0.66676,,,,,,,,,,,,,,,,,,
,FC(C=C(N1N=NC(COC2=CC=CC([N+]([O-])=O)=C2)=C1)C=C3)=C3N4CCOCC4,,50±0.39,50±0.32,25±0.41,,,,,,,,27.19584±0.33117,20.00586±0.82194,25.65969±0.88578,,,,,,,,,,,,,,,,,,
,FC(C=C(N1N=NC(COC2=CC=CC3=C2C=CC=C3)=C1)C=C4)=C4N5CCOCC5,,50±1.25,,,,,,,,,,25.7146±0.33128,16.70944±0.33128,23.11688±0.56156,,,,,,,,,,,,,,,,,,
,,,,,,,,,,,,,,,,,,,,,,,,,,,,,,,,,
,FC(C=C(N1N=NC(CN2C(CSC3=C2C=CC=C3)=O)=C1)C=C4)=C4N5CCOCC5,,6.25±0.43,6.25±0.31,25±0.62,,,,,,,,14.291862±0.556881,15.949752±0.476112,19.048731±0.603642,,,,,,,,,,,,,,,,,,
,FC(C=C(N1N=NC(CN2CCS(C3=C2C=CC=C3)(=O)=O)=C1)C=C4)=C4N5CCOCC5,,1.56±0.51,3.12±0.24,50±1.07,,,,,,,,14.4656642±0.6128356,16.7112036±0.5122208,19.4964042±0.5167942,,,,,,,,,,,,,,,,,,
,FC(C=C(N1N=NC(CN2C(C=CC=C3)=C3SC4=C2C=CC=C4)=C1)C=C5)=C5N6CCOCC6,,12.5±0.23,6.25±0.41,25±0.56,,,,,,,,29.782844±0.620877,27.650685±0.731576,30.740631±0.750828,,,,,,,,,,,,,,,,,,
,FC(C=C(N1N=NC(CSC2=NC(C=CC=C3)=C3S2)=C1)C=C4)=C4N5CCOCC5,,50±1.27,25±1.03,50±0.98,,,,,,,,14.6662398±0.4628796,3.7432872±0.1610016,19.3352859±0.6238812,,,,,,,,,,,,,,,,,,
,FC(C=C(N1N=NC(COC(C2=CC(C=CC=C3)=C3N2)=O)=C1)C=C4)=C4N5CCOCC5,,25±1.18,25±0.32,3.12±0.21,,,,,,,,12.387492±0.282204,28.55736±0.69498,24.34536±0.56862,,,,,,,,,,,,,,,,,,
,FC(C=C(N1N=NC(COC2=CC=CC3=C2N=CC=C3)=C1)C=C4)=C4N5CCOCC5,,50±1.27,25±0.44,25±0.49,,,,,,,,3.4198036±0.0891418,2.5486451±0.1782836,29.8341397±0.615888,,,,,,,,,,,,,,,,,,
,FC(C=C(N1N=NC(CN2C(COC3=C2C=CC(Br)=C3)=O)=C1)C=C4)=C4N5CCOCC5,,25±0.89,25±1.21,25±1.35,,,,,,,,14.8926494±0.6955091,18.3166942±0.9338304,21.7942397±0.6371447,,,,,,,,,,,,,,,,,,
,FC(C=C(N1N=NC(COC2=CC=C(C(C)=CC(O3)=O)C3=C2)=C1)C=C4)=C4N5CCOCC5,,25±1.51,50±1.68,25±1.14,,,,,,,,1.3613808±0.1658092,1.2086618±0.2798576,25.3557174±0.5323348,,,,,,,,,,,,,,,,,,
,FC(C=C(N1N=NC(COC2=CC(OC3=C2C=CC=C3)=O)=C1)C=C4)=C4N5CCOCC5,,50±1.47,25±1.19,25±0.25,,,,,,,,2.1910623±0.1308727,5.2433514±0.1308727,28.0236446±0.3715096,,,,,,,,,,,,,,,,,,
,FC(C=C(N1N=NC(CSC2=NC(C=CC=C3)=C3O2)=C1)C=C4)=C4N5CCOCC5,,25±1.68,12.5±0.45,6.25±0.35,,,,,,,,11.5574265±0.263136,4.045716±0.337143,18.1440495±0.542718,,,,,,,,,,,,,,,,,,
925,,,S.aureus,,,,,E.Coli,K. pneumoniae,P. vulgaris,,,,,,,,,,Journal of Heterocyclic Chemistry 57.8 (2020): 3126-3141.,,,,,,,,,,,,,Journal of Heterocyclic Chemistry 57.8 (2020): 3126-3141.
,,"9b R= 2,6-di(Me)C6H3NHCOCH2",,,,,,,50,150,,,17.35,,,,,,,,,,,,,,,,,,,,
,,9c R= 2-NO2C6H4NHCOCH2,,,,,,,50,150,,,31.95,,,,,,,,,,,,,,,,,,,,
,,9e R= 2-ClC6H4NHCOCH2,200,,,,,25,100,100,,,25.81,,,,,,,,,,,,,,,,,,,,
,,9h R= 2-CH3C6H4NHCOCH2,50,,,,,50,,150,,,28.52,,,,,,,,,,,,,,,,,,,,
,,9j R=C6H5,100,,,,,50,150,150,,,38.68,,,,,,,,,,,,,,,,,,,,
,,9k R= 2-NO2C6H4,,,,,,50,,150,,,15.25,,,,,,,,,,,,,,,,,,,,
,,9m R= 4MeO-2-NO2C6H3NHCOCH2,150,,,,,50,150,,,,34.02,,,,,,,,,,,,,,,,,,,,
,,9o R= 3-COOHC6H4,150,,,,,,,150,,,36.85,,,,,,,,,,,,,,,,,,,,
933,,,S.aureus,Enterococcus faecalis,,,,E.Coli,K. pneumoniae,P.aeruginosa,,,,,,,,,,Molecules 23.1 (2018): 199.,,,,,,,,,,,,,Molecules 23.1 (2018): 199.
,O=C1C=C(OCC2=CN(C3=CC=CC=C3OC)N=N2)C4=C(O1)C=CC=C4,,200,12.5,,,,1600,1600,1600,,,,,,,,,,,,,,,,,,,,,,,
,O=C1C=C(OCC2=CN(C3=CC=C(F)C=C3)N=N2)C4=C(O1)C=CC=C4,,1600,50,,,,1600,400,1600,,,毒性较弱,,,,,,,,,,,,,,,,,,,,
,O=C1C=C(NCC2=CN(C3=CC=CC([N+]([O-])=O)=C3)N=N2)C4=C(O1)C=CC=C4,,100,50,,,,800,800,1600,,,,,,,,,,,,,,,,,,,,,,,
949,,, S. aureus, B. subtilis,,,, E. coli, K. pneumoniae,,,,,,,,,,," Future Medicinal Chemistry, 2023, 15(8): 679-697.",,,,,,,,,,,,," Future Medicinal Chemistry, 2023, 15(8): 679-697."
,O=C(N1CCN(C2=CC=CC=C2)CC1)CN3N=NC(COC4=CC=CC=C4)=C3,7a R=H，R1=H,49.99,49.99,,,,24.98,24.98,,,,1.99753 ± 0.04916,,,,,,,,,,,,,,,,,,,,
,CC1=CC=C(OCC2=CN(CC(N3CCN(C4=CC=CC=C4)CC3)=O)N=N2)C=C1,7b R=CH3  R1=H,50.13,50.13,,,,24.96,24.96,,,,6.08214 ± 0.27455,,,,,,,,,,,,,,,,,,,,
,CCC1=CC=C(OCC2=CN(CC(N3CCN(C4=CC=CC=C4)CC3)=O)N=N2)C=C1,7c R=C2H5 R1=H,49.99,24.99,,,,12.49,24.99,,,,9.74942 ± 1.88488,,,,,,,,,,,,,,,,,,,,
,O=C(N1CCN(C2=CC=CC=C2)CC1)CN3N=NC(COC4=CC=C(C5=CC=CC=C5)C=C4)=C3,7d R=C6H5 R1=H,24.99,49.99,,,,12.49,24.99,,,,23.79887 ± 7.59361,,,,,,,,,,,,,,,,,,,,
,O=C(N1CCN(C2=CC=CC=C2)CC1)CN3N=NC(COC4=C5C=CC=CC5=CC=C4)=C3,7e R1=H,24.99,49.99,,,,24.99,24.99,,,,6.72287 ± 0.65944,,,,,,,,,,,,,,,,,,,,
,FC1=CC=C(OCC2=CN(CC(N3CCN(C4=CC=CC=C4)CC3)=O)N=N2)C=C1,7f R=F R1=H,49.99,24.99,,,,12.49,24.99,,,,8.42823 ± 0.43184,,,,,,,,,,,,,,,,,,,,
,ClC1=CC=C(OCC2=CN(CC(N3CCN(C4=CC=CC=C4)CC3)=O)N=N2)C=C1,7g R=Cl R1=H,49.99,49.99,,,,24.99,12.49,,,,9.57102 ± 0.98505,,,,,,,,,,,,,,,,,,,,
,BrC1=CC=C(OCC2=CN(CC(N3CCN(C4=CC=CC=C4)CC3)=O)N=N2)C=C1,7h R=Br R1=H,49.99,24.99,,,,12.49,12.49,,,,0.88648 ± 0.04921,,,,,,,,,,,,,,,,,,,,
,CC1=CC=C(N2CCN(C(CN3N=NC(COC4=CC=CC=C4)=C3)=O)CC2)C=C1,7i R=H R1=CH3,50.13,50.13,,,,24.96,24.96,,,,1.95588 ± 0.01911,,,,,,,,,,,,,,,,,,,,
,CC1=CC=C(OCC2=CN(CC(N3CCN(C4=CC=C(C)C=C4)CC3)=O)N=N2)C=C1,7j R=CH3  R1=CH3,49.99,49.99,,,,24.99,24.99,,,,4.88793 ± 0.14084,,,,,,,,,,,,,,,,,,,,
,CC1=CC=C(N2CCN(C(CN3N=NC(COC4=CC=C(CC)C=C4)=C3)=O)CC2)C=C1,7k R=C2H5 R1=CH3,48.87,24.36,,,,24.36,24.36,,,,7.14731 ± 0.14510,,,,,,,,,,,,,,,,,,,,
,CC1=CC=C(N2CCN(C(CN3N=NC(COC4=CC=C(C5=CC=CC=C5)C=C4)=C3)=O)CC2)C=C1,7l R=C6H5 R1=CH3,48.43,48.43,,,,12.18,12.18,,,,20.38568 ± 0.53258,,,,,,,,,,,,,,,,,,,,
,CC1=CC=C(C=C1)N2CCN(CC2)C(CN3N=NC(COC4=C5C=CC=CC5=CC=C4)=C3)=O,7m R1-CH3,48.04,48.04,,,,24.02,24.02,,,,10.28794 ± 0.38840,,,,,,,,,,,,,,,,,,,,
,CC1=CC=C(N2CCN(C(CN3N=NC(COC4=CC=C(F)C=C4)=C3)=O)CC2)C=C1,7n R=F R1=CH3,24.85,49.7,,,,24.85,24.85,,,,6.08662 ± 0.47495,,,,,,,,,,,,,,,,,,,,
,CC1=CC=C(N2CCN(C(CN3N=NC(COC4=CC=C(Cl)C=C4)=C3)=O)CC2)C=C1,7o R=Cl R1=CH3,48.98,48.98,,,,22.73,24.49,,,,7.58852 ± 0.16160,,,,,,,,,,,,,,,,,,,,
,CC1=CC=C(N2CCN(C(CN3N=NC(COC4=CC=C(Br)C=C4)=C3)=O)CC2)C=C1,7p R=Br R1=CH3,22.3,45.54,,,,11.15,22.3,,,,4.06475 ± 0.46192,,,,,,,,,,,,,,,,,,,,
,O=[N+](C1=CC=C(N2CCN(C(CN3N=NC(COC4=CC=CC=C4)=C3)=O)CC2)C=C1)[O-],7q R=H R1=NO2,49.53,49.53,,,,24.77,24.77,,,,2.93789 ± 0.04693,,,,,,,,,,,,,,,,,,,,
,CC1=CC=C(OCC2=CN(CC(N3CCN(C4=CC=C([N+]([O-])=O)C=C4)CC3)=O)N=N2)C=C1,7r R=CH3 R1=NO2,23.59,47.18,,,,23.59,23.59,,,,8.48174 ± 0.45570,,,,,,,,,,,,,,,,,,,,
,O=[N+](C1=CC=C(N2CCN(C(CN3N=NC(COC4=CC=C(CC)C=C4)=C3)=O)CC2)C=C1)[O-],7s R=C2H5 R1=NO2,45.86,22.93,,,,22.93,11.47,,,,9.52484 ± 0.50289,,,,,,,,,,,,,,,,,,,,
,O=[N+](C1=CC=C(N2CCN(C(CN3N=NC(COC4=CC=C(C5=CC=CC=C5)C=C4)=C3)=O)CC2)C=C1)[O-],7t R=C6H5 R1=NO2,40.53,40.53,,,,10.13,20.27,,,,8.14488 ± 0.10722,,,,,,,,,,,,,,,,,,,,
,O=[N+](C1=CC=C(N2CCN(C(CN3N=NC(COC4=C5C=CC=CC5=CC=C4)=C3)=O)CC2)C=C1)[O-],7u R1=NO2,43.36,43.36,,,,10.84,21.68,,,,13.44968 ± 0.46892,,,,,,,,,,,,,,,,,,,,
,O=[N+](C1=CC=C(N2CCN(C(CN3N=NC(COC4=CC=C(F)C=C4)=C3)=O)CC2)C=C1)[O-],7v R=F R1=NO2,23.38,46.76,,,,23.38,23.38,,,,4.94142 ± 0.06616,,,,,,,,,,,,,,,,,,,,
,O=[N+](C1=CC=C(N2CCN(C(CN3N=NC(COC4=CC=C(Cl)C=C4)=C3)=O)CC2)C=C1)[O-],7w R=Cl R1=NO2,45.12,45.12,,,,22.56,22.56,,,,14.41392 ± 0.48577,,,,,,,,,,,,,,,,,,,,
,O=[N+](C1=CC=C(N2CCN(C(CN3N=NC(COC4=CC=C(Br)C=C4)=C3)=O)CC2)C=C1)[O-],7x R=Br R1=NO2,20.62,20.62,,,,10.31,10.31,,,,2.20098 ± 0.30854,,,,,,,,,,,,,,,,,,,,
1025,,,S.aureus,S. pyogenes,,,,,K. pneumoniae,P. aeruginosa,,,MCF-7,HeLa,,,,,," Organic Communications, 2016, 9(2): 32.",,,,,,,,,,,,," Organic Communications, 2016, 9(2): 32."
,O=C1SC2=CC(Br)=CC=C2N1CC3=CN(C4=CC=CC=C4C)N=N3,,200,200,,,,,200,200,,,69.09±2.540,42.64±2.139,,,,,,,,,,,,,,,,,,,
,O=C1SC2=CC(Br)=CC=C2N1CC3=CN(C4=CC(C)=CC(C)=C4)N=N3,,100,100,,,,,200,200,,,23.56±0.677,28.70±1.815,,,,,,,,,,,,,,,,,,,
,O=C1SC2=CC(Br)=CC=C2N1CC3=CN(C4=CC=CC(Cl)=C4)N=N3,,25,50,,,,,50,25,,,>200,>200,,,,,,,,,,,,,,,,,,,
,O=C1SC2=CC(Br)=CC=C2N1CC3=CN(C4=CC(Cl)=CC(Cl)=C4)N=N3,,25,25,,,,,50,25,,,97.55±2.060,>200,,,,,,,,,,,,,,,,,,,
,O=C1SC2=CC(Br)=CC=C2N1CC3=CN(C4=CC=C(OC)C=C4)N=N3,,200,200,,,,,200,100,,,17.54±1.189,12.15±0.563,,,,,,,,,,,,,,,,,,,
,O=C1SC2=CC(Br)=CC=C2N1CC3=CN(C4=CC(C(F)(F)F)=CC=C4)N=N3,,100,100,,,,,50,100,,,13.04±0.454,44.30±1.910,,,,,,,,,,,,,,,,,,,
,O=C1SC2=CC(Br)=CC=C2N1CC3=CN(C4=CC=C(CCCC)C=C4)N=N3,,100,200,,,,,200,50,,,78.43±2.888,>200,,,,,,,,,,,,,,,,,,,
,O=C1SC2=CC(Br)=CC=C2N1CC3=CN(C4=CC=CC([N+]([O-])=O)=C4)N=N3,,100,100,,,,,100,200,,,>200,>200,,,,,,,,,,,,,,,,,,,
,O=C1SC2=CC(Br)=CC=C2N1CC3=CN(C4=CC(OC)=C(Cl)C(OC)=C4)N=N3,,200,200,,,,,200,200,,,43.73±2.157,35.61±2.600,,,,,,,,,,,,,,,,,,,
,O=C1SC2=CC(Br)=CC=C2N1CC3=CN(C4=CC=C(Br)C=C4)N=N3,,50,50,,,,,50,50,,,31.50±1.957,49.44±1.930,,,,,,,,,,,,,,,,,,,
1028,,,,,,,,E. coli MRA11,E. coli MRC17,E. coli MRAE33,,,S.pnewmoniae,E.fecalis,E.coli,K.pneumoniae,,,,"ACS omega, 2018, 3(6): 6912-6930.",,,,,,P.aeruginosa,S.enterica,,,,,,"ACS omega, 2018, 3(6): 6912-6930."
,O=C(O)C1=CC=C(N2N=NC(COC3=CC(C(C)C)=CC=C3C)=C2)C=C1,,,,,,,1024,1024,1024,,,"
  62.53±3.32","
36.66±1.48","
15.28±3.65","
261.22±4.10",,,,,,,,多的IC50,,"
134.68±5.32","
402.22±1.97",,,,,,
,O=C(O)C1=CC=C(N2N=NC(COC(C3=O)=CC(C4=C3C=CC=C4)=O)=C2)C=C1,,,,,,,1024,1024,1024,,,"
39.33±2.72","
61.09±4.39","
22.57±1.90",267.1±5.74,,,,,,,,,,"
 348.08±3.95","
251.19±5.76",,,,,,
1035,,,, MRSA, VRE,,,, P. aeruginosa, K. pneumoniae, E. aerogenes, A. baumannii, P. falciparum,,,,,,,"Archiv der Pharmazie, 2024, 357(4): 2300673.",,,,,,,,,,,,,"Archiv der Pharmazie, 2024, 357(4): 2300673."
,O=C(/C(S1)=C\C(C2=CC=CC=C23)=CN3CC4=CN(N=N4)C5=CC=CC=C5)NC1=O,,,49.98,24.99,,,,24.99,49.98,24.99,10.1,10.04,,,,,,,,,,,,,,,,,,,,
,O=C(/C(S1)=C\C(C2=CC=CC=C23)=CN3CC4=CN(N=N4)C5=C(Cl)C=CC=C5)NC1=O,,,91.92,45.96,,,,22.98,45.96,45.96,22.98,32.18,,,,,,,,,,,,,,,,,,,,
,O=C(/C(S1)=C\C(C2=CC=CC=C23)=CN3CC4=CN(N=N4)C5=CC(Cl)=CC=C5)NC1=O,,,45.96,45.96,,,,22.98,22.98,45.96,46.28,11.36,,,,,,,,,,,,,,,,,,,,
,O=C(/C(S1)=C\C(C2=CC=CC=C23)=CN3CC4=CN(N=N4)C5=CC=C(Cl)C=C5)NC1=O,,,45.96,22.98,,,,22.98,22.98,45.96,9.28,8.48,,,,,,,,,,,,,,,,,,,,
,O=C(/C(S1)=C\C(C2=CC=CC=C23)=CN3CC4=CN(N=N4)C5=C([N+]([O-])=O)C=CC=C5)NC1=O,,,90.52,22.63,,,,45.26,8.98,22.63,45.26,7.91,,,,,,,,,,,,,,,,,,,,
,O=C(/C(S1)=C\C(C2=CC=CC=C23)=CN3CC4=CN(N=N4)C5=CC([N+]([O-])=O)=CC=C5)NC1=O,,,45.26,45.26,,,,22.63,45.26,22.63,22.63,9.73,,,,,,,,,,,,,,,,,,,,
,O=C(/C(S1)=C\C(C2=CC=CC=C23)=CN3CC4=CN(N=N4)C5=CC=C([N+]([O-])=O)C=C5)NC1=O,,,22.63,22.63,,,,22.63,45.26,22.63,8.98,6.57,,,,,,,,,,,,,,,,,,,,
,O=C(/C(S1)=C\C(C2=CC=CC=C23)=CN3CC4=CN(N=N4)C5=C(C)C=CC=C5)NC1=O,,,97.12,48.56,,,,48.56,24.28,24.28,24.28,9.79,,,,,,,,,,,,,,,,,,,,
,O=C(/C(S1)=C\C(C2=CC=CC=C23)=CN3CC4=CN(N=N4)C5=C(C)C=CC(C)=C5)NC1=O,,,93.8,46.9,,,,46.9,23.45,46.9,46.9,7.98,,,,,,,,,,,,,,,,,,,,
,O=C(/C(S1)=C\C(C2=CC=CC=C23)=CN3CC4=CN(N=N4)C5=CC(C)=C(C)C=C5)NC1=O,,,46.9,23.45,,,,9.38,23.45,46.9,23.45,8.73,,,,,,,,,,,,,,,,,,,,
,O=C(/C(S1)=C\C(C2=CC=CC=C23)=CN3CC4=CN(N=N4)C5=CC=C(F)C=C5)NC1=O,,,47.68,23.84,,,,9.53,47.68,23.84,23.84,7.62,,,,,,,,,,,,,,,,,,,,
,O=C(/C(S1)=C\C(C2=CC=CC=C23)=CN3CC4=CN(N=N4)C5=CC(C(F)(F)F)=CC=C5)NC1=O,,,85.2,21.3,,,,21.3,8.52,21.3,8.52,9.76,,,,,,,,,,,,,,,,,,,,
,O=C(/C(S1)=C\C(C2=CC=CC=C23)=CN3CC4=CN(N=N4)CC5=CC=CC=C5)NC1=O,,,96.96,48.44,,,,24.22,48.44,48.44,9.69,10.15,,,,,,,,,,,,,,,,,,,,
,O=C(/C(S1)=C\C(C2=CC=CC=C23)=CN3CC4=CN(N=N4)CC(OCC)=O)NC1=O,,,24.28,24.28,,,,48.56,24.28,24.28,24.28,9.79,,,,,,,,,,,,,,,,,,,,
,O=C(/C(S1)=C\C(C2=CC=CC=C23)=CN3CC4=CN(N=N4)C5=C(F)C=C(F)C(F)=C5)NC1=O,,,44.46,22.23,,,,44.46,22.23,44.46,44.46,8.48,,,,,,,,,,,,,,,,,,,,
,O=C(N1)/C(SC1=O)=C\C2=CN(CC3=CN(C4=C(C=C(C=C4Br)Br)Br)N=N3)C5=CC=CC=C25,,,31.68,31.68,,,,6.56,31.68,63.36,31.68,5.34,,,,,,,,,,,,,,,,,,,,
,O=C(/C(S1)=C\C(C2=CC=CC=C23)=CN3CC4=CN(N=N4)C5=C(C)C=CC([N+]([O-])=O)=C5)NC1=O,,,87.52,21.88,,,,21.88,21.88,21.88,21.88,7.86,,,,,,,,,,,,,,,,,,,,
1045,,,S.aureus,Bacillus Subtilis,,,, E. coli,,,,,DPPH,NO,,,,,,"RSC Advances, 2014, 4(12): 5915-5926.",,,,,,,,,,,,,"RSC Advances, 2014, 4(12): 5915-5926."
,O=C1C(/N=N/C2=CC=C(C=C2)OCC3=CN(N=N3)C4=CC=C(C=C4)OC)=C(C(C)=CO1)O,4a 4 - MeOC₆H₄,32,32,,,,128,,,,,301.81,443.39,,,,,,,,,,,,,,,,,,,
,O=C1C(/N=N/C2=CC=C(C=C2)OCC3=CN(N=N3)C4=CC=CC=C4)=C(C(C)=CO1)O,4b C₆H₅,32,32,,,,128,,,,,708.73,397.47,,,,,,,,,,,,,,,,,,,
,O=C1C(/N=N/C2=CC=C(C=C2)OCC3=CN(N=N3)C4=CC(OC)=CC=C4)=C(C(C)=CO1)O,4c 3 - MeOC₆H₄,32,32,,,,128,,,,,250.41,325.65,,,,,,,,,,,,,,,,,,,
,O=C1C(N=NC2=CC=C(OCC3=CN(C4=CC=C(F)C=C4)N=N3)C=C2)=C(O)C(C)=CO1,4d 4 - FC₆H₄,256,128,,,,nt,,,,,576.82,527.03,,,,,,,,,,,,,,,,,,,
,O=C1C(/N=N/C2=CC=C(OCC3=CN(C4=C5C=CC=CC5=CC=C4)N=N3)C=C2)=C(O)C(C)=CO1,4e Naphthyl,128,128,,,,256,,,,,999.89,377.73,,,,,,,,,,,,,,,,,,,
,O=C1C(/N=N/C2=CC=C(OCC3=CN(C4=CC=C(Br)C=C4)N=N3)C=C2)=C(O)C(C)=CO1,4f 4 - BrC₆H₄,128,128,,,,nt,,,,,1799.84,306.09,,,,,,,,,,,,,,,,,,,
,,,,,,,,,,,,,,,,,,,,,,,,,,,,,,,,,
,OC1=C(/N=N/C2=CC=C(OCC3=CN(C4=CC=C(OC)C=C4)N=N3)C=C2)C=C(OCO5)C5=C1,6a 4 - MeOC₆H₄,32,16,,,,128,,,,,148.45,490.14,,,,,,,,,,,,,,,,,,,
,OC1=C(/N=N/C2=CC=C(OCC3=CN(C4=CC=CC=C4)N=N3)C=C2)C=C(OCO5)C5=C1,6b C₆H₅,64,32,,,,256,,,,,42.51,367.64,,,,,,,,,,,,,,,,,,,
,OC1=C(C=C2OCOC2=C1)/N=N/C3=CC=C(C=C3)OCC4=CN(N=N4)C5=CC=C(C=C5)OC,6c 4 - MeOC₆H₄,128,128,,,,256,,,,,147.26,171.48,,,,,,,,,,,,,,,,,,,
,OC1=C(/N=N/C2=CC=C(OCC3=CN(C4=CC=C(F)C=C4)N=N3)C=C2)C=C(OCO5)C5=C1,6d 4 - FC₆H₄,256,128,,,,nt,,,,,130.87,207.67,,,,,,,,,,,,,,,,,,,
,OC1=C(/N=N/C2=CC=C(OCC3=CN(C4=C5C=CC=CC5=CC=C4)N=N3)C=C2)C=C(OCO6)C6=C1,6e Naphthyl,256,128,,,,nt,,,,,86.07,523.33,,,,,,,,,,,,,,,,,,,
,OC1=C(/N=N/C2=CC=C(OCC3=CN(C4=CC=C([N+]([O-])=O)C=C4)N=N3)C=C2)C=C(OCO5)C5=C1,6f 4 - NO₂C₆H₄,256,256,,,,nt,,,,,166.03,429.37,,,,,,,,,,,,,,,,,,,
,OC1=C(/N=N/C2=CC=C(OCC3=CN(C4=CC(Cl)=C(F)C=C4)N=N3)C=C2)C=C(OCO5)C5=C1,6g 4 - F - 3 - ClC₆H₃,256,128,,,,nt,,,,,329.07,667.67,,,,,,,,,,,,,,,,,,,
,OC1=C(/N=N/C2=CC=C(OCC3=CN(C4=CC=C(Br)C=C4)N=N3)C=C2)C=C(OCO5)C5=C1,6h 4 - BrC₆H₄,256,128,,,,nt,,,,,220.37,144.24,,,,,,,,,,,,,,,,,,,
,OC1=C(C=C2OCOC2=C1)/N=N/C3=CC=C(C=C3)OCC4=CN(N=N4)C5=CC(OC)=CC=C5,6i 3 - MeOC₆H₄,128,64,,,,256,,,,,123.37,272.67,,,,,,,,,,,,,,,,,,,
1050,,,S.aureus,Bacillus Subtilis,,,, E. coli,P. aeruginosa,,,,DPPH method,,,,,,,RSC advances 6.64 (2016): 59375-59388.,,,,,,,,,,,,,RSC advances 6.64 (2016): 59375-59388.
,CC(N(N=N1)C2=C(C(C(F)(F)F)=CC(Cl)=C2Cl)C)=C1C3=NN(C4=CC=CC=C4)C=C3C([H])=O,"5a = R1 = R2 = Cl, Ar = Phenyl",23 ± 0.5,22 ± 0.5,,,,25 ± 0.6,24 ± 0.6,,,,16.36 ± 1.633,,,,,,,,,,,,,,,,,,,,
,[H]C(C1=CN(N=C1C2=C(N(N=N2)C3=C(C(C(F)(F)F)=CC(Cl)=C3Cl)C)C)C4=CC=C(C=C4)Cl)=O,"5b = R1 = R2 = Cl, Ar = 4 - Cl - phenyl",25 ± 0.3,23 ± 0.4,,,,27 ± 0.5,26 ± 0.4,,,,30.41 ± 1.241,,,,,,,,,,,,,,,,,,,,
,[H]C(C1=CN(N=C1C2=C(N(N=N2)C3=C(C(C(F)(F)F)=CC(Cl)=C3Cl)C)C)C4=C(C=C(C=C4)[N+]([O-])=O)[N+]([O-])=O)=O,"5c = R1 = R2 = Cl, Ar = 2,4 - Dinitro phenyl",12 ± 0.1,10 ± 0.2,,,,13 ± 0.2,11 ± 0.2,,,,255.13 ± 3.697,,,,,,,,,,,,,,,,,,,,
,[H]C(C1=CN(N=C1C2=C(N(N=N2)C3=C(C(C(F)(F)F)=CC(Cl)=C3Cl)C)C)C4=C(C=C(C=C4Cl)Cl)Cl)=O,"5d = R1 = R2 = Cl, Ar = 2,4,6 - Trichloro phenyl",10 ± 0.2,11 ± 0.1,,,,14 ± 0.2,12 ± 0.3,,,,72.13 ± 1.189,,,,,,,,,,,,,,,,,,,,
,ClC1=C(C=C(C(C)=C1N2N=NC(C3=NN(C4=NN=CC5=C4C=CC=C5)C=C3C([H])=O)=C2C)C(F)(F)F)Cl,"5e = R1 = R2 = Cl, Ar = Phthalazinyl",11 ± 0.2,11 ± 0.4,,,,10 ± 0.3,13 ± 0.4,,,,15.33 ± 1.727,,,,,,,,,,,,,,,,,,,,
,[H]C(C1=CN(N=C1C2=C(N(N=N2)C3=C(C(C(F)(F)F)=CC(Cl)=C3Cl)C)C)N4CC=CC5=CC=CC(C(F)(F)F)=C54)=O,"5f = R1 = R2 = Cl, Ar = 8 - CF₃ - quiny",26 ± 0.6,23 ± 0.6,,,,30 ± 0.6,24 ± 0.5,,,,43.76 ± 1.898,,,,,,,,,,,,,,,,,,,,
,[H]C(C1=CN(N=C1C2=C(N(N=N2)C3=C(C(C(F)(F)F)=CC(Cl)=C3Cl)C)C)C4=CC=C(C=C4)[N+]([O-])=O)=O,"5g = R1 = R2 = Cl, Ar = 4 - Nitro phenyl",25 ± 0.6,25 ± 0.5,,,,33 ± 0.7,25 ± 0.6,,,,32.34 ± 1.731,,,,,,,,,,,,,,,,,,,,
,[H]C1=C(C(N2N=NC(C3=NN(C=C3C([H])=O)C4=CC=CC=C4)=C2C)=C(C(C(F)(F)F)=C1)C)[H],"5h = R1 = R2 = H, Ar = Phenyl",15 ± 0.4,15 ± 0.6,,,,13 ± 0.3,12 ± 0.2,,,,18.23 ± 1.629,,,,,,,,,,,,,,,,,,,,
,[H]C1=C(C(N2N=NC(C3=NN(C=C3C([H])=O)C4=C(C=C(C=C4)[N+]([O-])=O)[N+]([O-])=O)=C2C)=C(C(C(F)(F)F)=C1)C)[H],"5j = R1 = R2 = H, Ar = 2,4 - Dinitro phenyl",28 ± 0.6,26 ± 0.5,,,,35 ± 0.6,27 ± 0.6,,,,42.51 ± 1.536,,,,,,,,,,,,,,,,,,,,
,[H]C1=C(C(N2N=NC(C3=NN(C4=NN=CC5=C4C=CC=C5)C=C3C([H])=O)=C2C)=C(C(C(F)(F)F)=C1)C)[H],"5l = R1 = R2 = H, Ar = Phthalazinyl",14 ± 0.2,15 ± 0.3,,,,12 ± 0.4,12 ± 0.3,,,,14.48 ± 1.629,,,,,,,,,,,,,,,,,,,,
,[H]C1=C(C(N2N=NC(C3=NN(C=C3C([H])=O)N4CC=CC5=CC=CC(C(F)(F)F)=C54)=C2C)=C(C(C(F)(F)F)=C1)C)[H],"5m = R1 = R2 = H, Ar = 8 - CF₃ - quiny",12 ± 0.3,13 ± 0.5,,,,15 ± 0.4,14 ± 0.4,,,,34.91 ± 1.629,,,,,,,,,,,,,,,,,,,,
,[H]C1=C(C(N2N=NC(C3=NN(C=C3C([H])=O)C4=CC=C(C=C4)[N+]([O-])=O)=C2C)=C(C(C(F)(F)F)=C1)C)[H],"5n = R1 = R2 = H, Ar = 4 - Nitro phenyl",26 ± 0.7,27 ± 0.7,,,,37 ± 0.8,25 ± 0.5,,,,42.48 ± 1.532,,,,,,,,,,,,,,,,,,,,
1052,,,,,,,, E. coli,,,,,,,,,,,,"New Journal of Chemistry, 2019, 43(20): 7663-7673.",,,,,,,,,,,,,"New Journal of Chemistry, 2019, 43(20): 7663-7673."
,[H]C1=C([H])C([H])=C(N2C=C(COC3=CC=C(C4=NC5=CC=CC=C5S4)C=C3)N=N2)C=C1,"5a R1=H,R2=H,R3=H",,,,,,7.99,,,,,57.4,,,,,,,,,,,,,,,,,,,,
,[H]C1=C(Cl)C([H])=C(N2C=C(COC3=CC=C(C4=NC5=CC=CC=C5S4)C=C3)N=N2)C=C1,"5c R1=H,R2=Cl,R3=H",,,,,,8.44,,,,,12.39,,,,,,,,,,,,,,,,,,,,
,[H]C1=C(Cl)C=CC(N2C=C(COC3=CC=C(C4=NC5=CC=CC=C5S4)C=C3)N=N2)=C1[H],"5d R1=H,R2=H,R3=Cl",,,,,,8.11,,,,,120.7,,,,,,,,,,,,,,,,,,,,
,[H]C1=C(C(Br)=C(C=C1)N2C=C(N=N2)COC3=CC=C(C=C3)C4=NC5=CC=CC=C5S4)[H],"5e R1=Br,R2=H,R3=H",,,,,,8.06,,,,,10.14,,,,,,,,,,,,,,,,,,,,
,[H]C1=C(C([H])=C(C=C1)N2C=C(N=N2)COC3=CC=C(C=C3)C4=NC5=CC=CC=C5S4)Br,"5f R1=H,R2=Br,R3=H",,,,,,8.54,,,,,27.78,,,,,,,,,,,,,,,,,,,,
,,,,,,,,,,,,,,,,,,,,,,,,,,,,,,,,,
,[H]C1=C([H])C([H])=C(CN2C=C(COC3=CC=C(C4=NC5=CC=CC=C5S4)C=C3)N=N2)C=C1,"5k R1=H,R2=H,R3=H",,,,,,9.4,,,,,20.51,,,,,,,,,,,,,,,,,,,,
,[H]C1=C(Cl)C([H])=C(CN2C=C(COC3=CC=C(C4=NC5=CC=CC=C5S4)C=C3)N=N2)C=C1,"5n R1=H,R2=Cl,R3=H",,,,,,8.02,,,,,12.59,,,,,,,,,,,,,,,,,,,,
,BrC1=C(C([H])=C(C=C1)CN2C=C(N=N2)COC3=CC=C(C=C3)C4=NC5=CC=CC=C5S4)[H],"5o R1=H,R2=H,R3=Br",,,,,,9.25,,,,,10.14,,,,,,,,,,,,,,,,,,,,
,,,,,,,,,,,,,,,,,,,,,,,,,,,,,,,,,
,[H]C1=C(Cl)C([H])=C(NC(=O)CN2C=C(COC3=CC=C(C4=NC5=CC=CC=C5S4)C=C3)N=N2)C=C1,"5q R1=H,R2=Cl,R3=H",,,,,,10.62,,,,,12,,,,,,,,,,,,,,,,,,,,
1075,,,S. aureus ,B. cereus ,,,,E. coli ,P. aeruginosa ,,,,MCF - 7,HepG2,WI - 38,,,,,"Natural Product Research, 2023, 37(16): 2662-2671.",,,,,,,,,,,,," Natural Product Research, 2023, 37(16): 2662-2671."
,,,>1600,1600,,,,800,1600,,,,17.38,21.29,,,,,,,,,,,,,,,,,,,
,,,1600,800,,,,1600,1600,,,,12.24,15.08,,,,,,,,,,,,,,,,,,,
,,,1600,>1600,,,,800,400,,,,12.01,15.9,4.23,,,,,,,,,,,,,,,,,,
,,,,,,,,,,,,,,,,,,,,,,,,,,,,,,,,,
,,,800,50,,,,400,200,,,,10.93,14.65,5.47,,,,,,,,,,,,,,,,,,
,,,800,200,,,,800,400,,,,11.88,16.09,5.76,,,,,,,,,,,,,,,,,,
,,,1600,100,,,,800,400,,,,12.03,16.13,5.12,,,,,,,,,,,,,,,,,,
1166,,,S. aureus ,,,,,E. coli ,,,,,HeLa,CoLo205,MCF - 7,,,,,"Journal of Inorganic Biochemistry, 2005, 99(8): 1646-1652",,,,,,,,,,,,,"Journal of Inorganic Biochemistry, 2005, 99(8): 1646-1652"
,,C27H21N3O2Sn,0.10±0.03,,,,,29.26±0.53,,,,,0.00447±0.00084,0.03908±0.00046,0.0850±0.0063,,,,,,,,,,,,,,,,,,
,,C27H39N3O2Sn,0.25±0.02,,,,,13.50±0.44,,,,,0.1867±0.0385,0.4243±0.0627,0.2380±0.0062,,,,,,,,,,,,,,,,,,
,,C39H45N3O2Sn,2.82±0.09,,,,,16.34±0.37,,,,,1.3902±0.0687,1.1378±0.2184,0.5324±0.0947,,,,,,,,,,,,,,,,,,
1175,,,S.aureus,E.faecalis,,,,E.coli,P.aeruginosa,S.boydii,K pneumoniae,,,,,,,,,"European journal of medicinal chemistry, 2016, 113: 34-49.",,,,,,,,,,,,,"European journal of medicinal chemistry, 2016, 113: 34-49."
,COC1=CC(O)=C(C(OC)=C1)C(/C=C/C2=CC=C(C(OC)=C2)OCC3=CN(N=N3)C4=CC=C(C=C4Cl)F)=O,,6.25,6.25,,,,12.5,12.5,12.5,25,,6.27±0.433,,,,,,,,,,,,,,,,,,,,
,COC1=CC(OC)=C(C(=O)/C=C/C2=CC=C(OCC3=CN(C4=CC=C(F)C(Cl)=C4)N=N3)C(OC)=C2)C(O)=C1,,>100,50,,,,50,100,25,>100,,2.74±0.317,,,,,,,,,,,,,,,,,,,,
,COC1=CC(OC)=C(C(=O)/C=C/C2=CC=C(OCC3=CN(C4=CC=C(F)C=C4F)N=N3)C(OC)=C2)C(O)=C1,,12.5,12.5,,,,6.25,12.5,6.25,12.5,,3.58±0.395,,,,,,,,,,,,,,,,,,,,
,COC1=CC(O)=C(C(OC)=C1)C(/C=C/C2=CC=C(C(OC)=C2)OCC3=CN(N=N3)C4=CC=CC=C4Cl)=O,,12.5,6.25,,,,6.25,12.5,6.25,100,,6.78±0.459,,,,,,,,,,,,,,,,,,,,
,COC1=CC(O)=C(C(OC)=C1)C(/C=C/C2=CC=C(C(OC)=C2)OCC3=CN(N=N3)C4=CC=C(C=C4)Cl)=O,,>100,>100,,,,>100,>100,>100,,,5.08±0.428,,,,,,,,,,,,,,,,,,,,
,COC1=CC(O)=C(C(OC)=C1)C(/C=C/C2=CC=C(C(OCC3=CN(N=N3)C4=CC=C(C=C4Cl)F)=C2)OC)=O,,100,>100,,,,>100,>100,>100,>100,,4.92±0.384,,,,,,,,,,,,,,,,,,,,
,COC1=CC(O)=C(C(OC)=C1)C(/C=C/C2=CC=C(C(OCC3=CN(N=N3)C4=CC=C(C(Cl)=C4)F)=C2)OC)=O,,>100,100,,,,100,>100,>100,>100,,7.52±0.439,,,,,,,,,,,,,,,,,,,,
,COC1=CC(OC)=C(C(=O)/C=C/C2=CC=C(OC)C(OCC3=CN(C4=CC=C(F)C=C4F)N=N3)=C2)C(O)=C1,,100,25,,,,50,>100,12.5,>100,,9.54±0.498,,,,,,,,,,,,,,,,,,,,
,COC1=CC(OC)=C(C(O)=C1)C(/C=C/C2=CC=C(C(OCC3=CN(N=N3)C4=CC=CC=C4Cl)=C2)OC)=O,,25,25,,,,50,100,12.5,>100,,8.03±0.561,,,,,,,,,,,,,,,,,,,,
,COC1=CC(OC)=C(C(=O)/C=C/C2=CC=C(OC)C(OCC3=CN(C4=CC=C(Cl)C=C4)N=N3)=C2)C(O)=C1,,>100,100,,,,100,>100,>100,>100,,11.02±0.526,,,,,,,,,,,,,,,,,,,,
,COC1=CC(OC)=C2C(=O)C=C(C3=CC=C(OCC4=CN(C5=CC=C(F)C=C5Cl)N=N4)C(OC)=C3)OC2=C1,,50,>100,,,,50,>100,50,>100,,3.85±0.306,,,,,,,,,,,,,,,,,,,,
,COC1=CC(OC)=C2C(=O)C=C(C3=CC=C(OCC4=CN(C5=CC=C(F)C(Cl)=C5)N=N4)C(OC)=C3)OC2=C1,,>100,>100,,,,>100,>100,>100,>100,,4.48±0.366,,,,,,,,,,,,,,,,,,,,
,COC1=CC(OC)=C2C(=O)C=C(C3=CC=C(OCC4=CN(C5=CC=C(F)C=C5F)N=N4)C(OC)=C3)OC2=C1,,>100,>100,,,,>100,>100,>100,>100,,4.79±0.302,,,,,,,,,,,,,,,,,,,,
,COC1=CC(OC)=C2C(C=C(OC2=C1)C3=CC=C(C(OC)=C3)OCC4=CN(N=N4)C5=CC=CC=C5Cl)=O,,50,50,,,,100,50,>100,100,,12.07±0.416,,,,,,,,,,,,,,,,,,,,
,COC1=CC(OC)=C2C(C=C(OC2=C1)C3=CC=C(C(OC)=C3)OCC4=CN(N=N4)C5=CC=C(C=C5)Cl)=O,,>100,100,,,,>100,>100,>100,>100,,5.19±0.338,,,,,,,,,,,,,,,,,,,,
1180,,,S.aureus,,,,,,,,,,,,,,,,,"European Journal of Medicinal Chemistry, 2018, 157: 1056-1067.",,,,,,,,,,,,,"European Journal of Medicinal Chemistry, 2018, 157: 1056-1067."
,,7a R`=3-Cl,0.5,,,,,,,,,,,,,,,,CC50值：40,,,,,,,,,,,,,40,
,,7b R`=4Cl,0.5,,,,,,,,,,,,,,,,20,,,,,,,,,,,,,20,
,,7c R`=3-CH3,0.5,,,,,,,,,,,,,,,,20,,,,,,,,,,,,,20,
,,,,,,,,,,,,,,,,,,,,,,,,,,,,,,,,,
,,9a R`=H,0.5,,,,,,,,,,,,,,,,20,,,,,,,,,,,,,20,
2975,,,,B.subtilis,,,,E.coli,,,,,IC50,,,,,,,"Molecules, 2023, 28(16): 6007.",,,,,,,,,,,,,"Molecules, 2023, 28(16): 6007."
,[H]C1=C(C=C(C=C1)N2C(SCC(NC3=CC=CC=C3)=O)=NN=C2C4=CC5=CC(Br)=CC=C5O4)[H],10a R1=R2=R3=H,,Nd,,,,1.80±0.25,,,,,0.446 ± 0.254,,,,,,,,,,,,,,,,,,,,
,[H]C1=C([H])C=C(N2C(SCC(=O)NC3=CC(C)=C(C)C=C3)=NN=C2C2=CC3=CC(Br)=CC=C3O2)C=C1,"10b R1=R2=H,R3=3,4-CH3",,1.25±0.60,,,,3.8±2.1,,,,,0.803 ± 0.535,,,,,,,,,,,,,,,,,,,,
,[H]C1=C(C=C(C=C1)N2C(SCC(NC3=CC=C(C=C3)[N+]([O-])=O)=O)=NN=C2C4=CC5=CC(Br)=CC=C5O4)[H],"10c R1=R2=H,R3=4-NO2",,nd,,,,2.5±0.70,,,,,1.26 ± 0.966,,,,,,,,,,,,,,,,,,,,
,COC1=CC(NC(=O)CSC2=NN=C(C3=CC4=CC(Br)=CC=C4O3)N2C2=CC(Cl)=C(Cl)C=C2)=C(OC)C=C1,"10d R1=R2=Cl,R3=2,5-OCH3",,9.25±1.25,,,,16±1.00,,,,,0.349 ± 0.635,,,,,,,,,,,,,,,,,,,,
,ClC1=C(C=C(C=C1)NC(CSC2=NN=C(N2C3=CC(Cl)=C(C=C3)Cl)C4=CC5=CC(Br)=CC=C5O4)=O)Cl,"10e R1=R2=Cl,R3=3,4-Cl",,14±1.80,,,,2.5±1.40,,,,,1.27 ± 0.161,,,,,,,,,,,,,,,,,,,,
1265,,,,MicrococcusluteusMTCC2470.,StaphylococcusaureusMTCC96., StaphylococcusaureusMLS-16MTCC2940.,BacillussubtilisMTCC121.,,EscherichiacoliMTCC739.,PseudomonasaeruginosaMTCC2453., KlebsiellaplanticolaMTCC530.,,A549,MCF7,DU145,HeLa,,,,Bioorganic & Medicinal Chemistry Letters 24 (2014) 2905–2908,,,"Micrococcus luteus
  MTCC   2470","StaphylococCus aureus
   MTCC   96","Staphylococcus aureus MLS16
    MTCC   2940","Klebsiellaplanticola
  MTCC   530","Pseudomonasaeruginosa
   MTCC 2453",,,,,,
,NC1=NC(OCC2=CN(C3=NNC4=NC(C(F)(F)F)=CC=C43)N=N2)=CC(C(F)(F)F)=N1,"7, H",,7.8,15.6,15.6,15.6,,7.8,7.8,15.6,,10.146±0.062,-,12.8605±0.2136,-,,,,,,,7.8±0.11,7.8±0.22,7.8±0.21,7.8±0.34,3.9±0.26,,,,,,
,NC1=NC(OCC2=CN(N=N2)C3=NN(C4=NC(C(F)(F)F)=CC=C34)CC)=CC(C(F)(F)F)=N1,"9a, CH₂CH₂—",,>250,>250,>250,>250,,>250,>250,>250,,12.0142±0.104,-,13.1021±0.12298,-,,,,,,,,,,,,,,,,,
,NC1=NC(OCC2=CN(N=N2)C3=NN(C4=NC(C(F)(F)F)=CC=C34)COC(CC)=O)=CC(C(F)(F)F)=N1,"9b, CH₃CH₂OC(O)CH₂—",,>250,15.6,7.8,15.6,,15.6,15.6,7.8,,8.6553±0.085,6.5844±0.11682,9.6642±0.12213,5.2038±0.13806,,,,,,,7.8±0.22,3.9±0.19,7.8±0.32,3.9±0.15,15.6±0.31,,,,,,
,NC1=NC(OCC2=CN(N=N2)C3=NN(C4=NC(C(F)(F)F)=CC=C34)CC=C)=CC(C(F)(F)F)=N1,"9c, CH₂=CH-CH₂—",,7.8,>250,>250,>250,,>250,>250,>250,,-,9.409±0.1164,0,8.924±0.11155,,,,,,,,,,,,,,,,,
,NC1=NC(OCC2=CN(N=N2)C3=NN(C4=NC(C(F)(F)F)=CC=C34)CC#C)=CC(C(F)(F)F)=N1,"9d, HC≡C-CH₂—",,>250,>250,>250,>250,,>250,>250,>250,,1.9803±0.058,-,2.2701±0.08694,-,,,,,,,,,,,,,,,,,
,NC1=NC(OCC2=CN(N=N2)C3=NN(C4=NC(C(F)(F)F)=CC=C34)CCCCCCCC)=CC(C(F)(F)F)=N1,"9e, CH₂(CH₂)₆CH₂—",,>250,>250,>250,>250,,>250,>250,>250,,3.1749±0.123,13.7579±0.08912,3.5091±0.11697,12.6439±0.06127,,,,,,,,,,,,,,,,,
,NC1=NC(OCC2=CN(N=N2)C3=NN(C4=NC(C(F)(F)F)=CC=C34)CCCCCCC)=CC(C(F)(F)F)=N1,"9f, CH₂(CH₂)₅CH₂—",,15.6,7.8,7.8,15.6,,7.8,7.8,7.8,,2.457±0.181,21.762±0.18135,3.393±0.0819,20.0655±0.1872,,,,,,,3.9±0.14,7.8±0.36,3.9±0.18,3.9±0.24,3.9±0.21,,,,,,
,NC1=NC(OCC2=CN(N=N2)C3=NN(C4=NC(C(F)(F)F)=CC=C34)CCC(F)(C(F)(C(F)(C(F)(C(F)(C(F)(C(F)(C(F)(F)F)F)F)F)F)F)F)F)=CC(C(F)(F)F)=N1,"9g, CF₃(CF₂)₇CH₂CH₂—",,>250,>250,>250,>250,,>250,>250,>250,,30.0267±0.223,-,33.5907±0.23166,-,,,,,,,,,,,,,,,,,
