SMILES,Structure,Species,MIC
[NH3+]CCNC(C1=CN(C2=CC(C(C)(C)C)=CC(C(C)(C)C)=C2)N=N1)=O,,S.aureus,16
[NH3+]CCNC(C(N=N1)=CN1C2=CC=C(OCCCCCCC)C=C2)=O,,S.aureus,4
NC(NCCNC(C(N=N1)=CN1C2=CC(C(C)(C)C)=CC(C(C)(C)C)=C2)=O)=[NH2+],,S.aureus,8
NC(NCCNC(C(N=N1)=CN1C2=CC=C(OCCCCCCC)C=C2)=O)=[NH2+],,S.aureus,4
NC(NCCNC(C(N=N1)=CN1C2=CC=C(C=C2)OCC3=CC(C(C)(C)C)=CC(C(C)(C)C)=C3)=O)=[NH2+],,S.aureus,8
C/C(C(N=N1)=CN1CC2=CC(C(C)(C)C)=CC(C(C)(C)C)=C2)=N/NC(N)=[NH2+],,S.aureus,4
C/C(C(N=N1)=CN1C2=CC(C(C)(C)C)=CC(C(C)(C)C)=C2)=N\NC(N)=[NH2+],,S.aureus,4
O=C(N(C1=C2C=CC=C1)CC3=CN(N=N3)C4=CC=CC=C4)OC2=O,"4a, C₆H₅",S.aureus,80
O=C(N(C1=C2C=CC=C1)CC3=CN(N=N3)C4=CC=C(C)C=C4)OC2=O,"4b, 4-MeC₆H₄",S.aureus,76.82
O=C(OC1=O)N(CC2=CN(C3=CC=C(C=C3)OC)N=N2)C4=C1C=CC=C4,"4c, 4-OMeC₆H₄",S.aureus,301
O=C(OC1=O)N(CC2=CN(C3=C(Cl)C=CC=C3)N=N2)C4=C1C=CC=C4,"4d, 2-CIC₆H₄",S.aureus,74.865
O=C(N(C1=C2C=CC=C1)CC3=CN(N=N3)C4=CC(Cl)=CC=C4)OC2=O,"4e, 3-CIC₆H₄",S.aureus,149.73
O=C(N(C1=C2C=CC=C1)CC3=CN(N=N3)C4=CC(Cl)=C(Cl)C=C4Cl)OC2=O,"4f, 2,4,5-Cl₃C₆H₄",S.aureus,124.555
O=C(OC1=O)N(CC2=CN(C3=CC=C(C(Cl)=C3)Cl)N=N2)C4=C1C=CC=C4,"4g, 3,4-Cl₂C₆H₄",S.aureus,137.55
O=C(N(C1=C2C=CC=C1)CC3=CN(N=N3)C4=CC=CC([N+]([O-])=O)=C4)OC2=O,"4h, 3-NO₂C₆H₄",S.aureus,146
O=C(OC1=O)N(CC2=CN(C3=CC=C([N+]([O-])=O)C=C3)N=N2)C4=C1C=CC=C4,"4i, 4-NO₂C₆H₄",S.aureus,146
O=C(NC1=O)C2=C(C=CC=C2)N1CC3=CN=NN3C4=CC=CC=C4,"5a, C₆Hs",S.aureus,163.2
O=C(N(C1=C2C=CC=C1)CC3=CN=NN3C4=CC=C(C)C=C4)NC2=O,"5b, 4-MeC₆H₄",S.aureus,156.98
O=C(NC1=O)N(CC2=CN(C3=CC=C(C=C3)OC)N=N2)C4=C1C=CC=C4,"5c, 4-OMeC₆H₄",S.aureus,150.5
O=C(N(C1=C2C=CC=C1)CC3=CN(N=N3)C4=C(C=CC=C4)Cl)NC2=O,"5d, 2-CIC₆H₄",S.aureus,149.73
O=C(N(C1=C2C=CC=C1)CC3=CN(N=N3)C4=CC(Cl)=CC=C4)NC2=O,"5e, 3-CIC₆H₄",S.aureus,149.73
O=C(N(C1=C2C=CC=C1)CC3=CN(N=N3)C4=CC(Cl)=C(Cl)C=C4Cl)NC2=O,"5f, 2,4,5-Cl₃C₆H₄",S.aureus,249.11
O=C(N(C1=C2C=CC=C1)CC3=CN(N=N3)C4=CC=C(Cl)C=C4)NC2=O,"5j, 4-CIC₆H₄",S.aureus,181.23
CC(NC1=CC=CC(OCC2=CN(CC3=CC=CC=C3)N=N2)=C1)=O,7a -C₆H₅(苯基),S.aureus,50
CC(NC1=CC=CC(OCC2=CN(CC3=CC=CC=C3F)N=N2)=C1)=O,7b -C₆H₄-2-F (邻氟苯基),S.aureus,999.42
CC(NC1=CC=CC(OCC2=CN(CC3=CC=CC(F)=C3)N=N2)=C1)=O,7c -C₆H₄-3-F (间氟苯基),S.aureus,999.42
CC(NC1=CC=CC(OCC2=CN(CC3=CC=C(F)C=C3)N=N2)=C1)=O,7d -C₆H₄-4-F (对氟苯基),S.aureus,999.42
CC(NC1=CC=CC(OCC2=CN(CC3=CC=C(Cl)C=C3Cl)N=N2)=C1)=O,"7h -C₆H₃ - 2,4 - Cl₂（2,4 - 二氯苯基）",S.aureus,997.63
CC(NC1=CC=CC(OCC2=CN(CC3=CC=C(Cl)C(Cl)=C3)N=N2)=C1)=O,"7i -C₆H₃ - 3,4 - Cl₂（3,4 - 二氯苯基）",S.aureus,997.63
CCOC1=CC=C2N3C(SC2=C1)=NC(C4=CC=CC=C4)=C3CO(C5=CN(CC6=CC=CC(F)=C6)N=N5)C,5n，R1=-OEt，R2=H，R3=F，R4=H,S.aureus,128
O=P(O)(C[C@H](C(OCC)=O)OCC1=CN(CCCCCCCCCCCC)N=N1)OCCCNCC(C=C2)=CC=C2C3=CC=CC=C3,,S.aureus,4.221
O=C(OCC)[C@H](OCC1=CN(CCCCCCCCCCCC)N=N1)CP(OCCCNCC2=CC=C3C=CC=CC3=C2)(O)=O,,S.aureus,4.0572
O=P(O)(C[C@H](C(OCC)=O)OCC1=CN(CCCCCCCCCCCC)N=N1)OCCCN(C)CC(C=C2)=CC=C2C3=CC=CC=C3,8，R=Et，Y=Me,S.aureus,4.3092
O=P(O)(C[C@H](C(OCC)=O)OCC1=CN(CCCCCCCCCCCC)N=N1)OCCCN(CC2=CC=C(C3=CC=CC=C3)C=C2)CC(C=C4)=CC=C4C5=CC=CC=C5,9，R=Et，Y=BiPh-4-CH2,S.aureus,374.8
O=P(O)(C[C@H](C(OCC)=O)OCC1=CN(CCCCCCCCCCCC)N=N1)OCCCNCC(C=C2)=CC=C2C3=CC=CC=C3,,S.aureus,4.0572
O=C(OCC1=CN(CC2=CC=CC=C2)N=N1)/C=C/C3=COC4=C(C=C(C)C=C4)C3=O,,S.aureus,99.89712
O=C(OCC1=CN(CC2=CC=CC=C2F)N=N1)/C=C/C3=COC4=C(C=C(C)C=C4)C3=O,,S.aureus,499.51085
O=C(OCC1=CN(CC2=CC=CC(F)=C2)N=N1)/C=C/C3=COC4=C(C=C(C)C=C4)C3=O,,S.aureus,499.51085
CC1=CC=C2OC=C(/C=C/C(=O)OCC3=CN(C4=CC=C(F)C=C4)N=N3)C(=O)C2=C1,,S.aureus,499.51085
O=C(OCC1=CN(CC2=CC=CC(Cl)=C2)N=N1)/C=C/C3=COC4=C(C=C(C)C=C4)C3=O,,S.aureus,99.916765
O=C(OCC1=CN(CC2=CC=C(Cl)C=C2)N=N1)/C=C/C3=COC4=C(C=C(C)C=C4)C3=O,,S.aureus,99.916765
O=C(OCC1=CN(CC2=CC=CC=C2C)N=N1)/C=C/C3=COC4=C(C=C(C)C=C4)C3=O,,S.aureus,998.9382
O=C(OCC1=CN(CC2=CC=CC(C)=C2)N=N1)/C=C/C3=COC4=C(C=C(C)C=C4)C3=O,,S.aureus,499.4691
O=C(OCC1=CN(CC2=CC=C(C)C=C2)N=N1)/C=C/C3=COC4=C(C=C(C)C=C4)C3=O,,S.aureus,499.4691
O=C(OCC1=CN(CC2=CC=C(Cl)C=C2Cl)N=N1)/C=C/C3=COC4=C(C=C(C)C=C4)C3=O,,S.aureus,49.9657
ClC1=NC2=CC=C(OC)C=C2C=C1COCC3=CN(CC(C4=CC=C(F)C=C4)=O)N=N3,,S.aureus,12.5
ClC1=NC2=CC=C(OC)C=C2C=C1C(NCC3=CN(CC(C4=CC=C(OC)C=C4)=O)N=N3)=O,,S.aureus,6.25
ClC1=NC2=CC=C(OC)C=C2C=C1C(NCC3=CN(CC(C4=CC=C(F)C=C4)=O)N=N3)=O,,S.aureus,6.25
ClC1=NC2=CC=C(OC)C=C2C=C1C(NCC3=CN(CC(C4=CC=C([N+]([O-])=O)C=C4)=O)N=N3)=O,,S.aureus,6.25
ClC1=NC2=CC=C(OC)C=C2C=C1C(NCC3=CN(CC(C4=CC=CC=C4)=O)N=N3)=O,,S.aureus,12.5
ClC1=NC2=CC=C(OC)C=C2C=C1C(NCC3=CN(C4=CC=C(OC)C=C4)N=N3)=O,,S.aureus,6.25
ClC1=NC2=CC=C(OC)C=C2C=C1C(NCC3=CN(C4=CC=CC=C4)N=N3)=O,,S.aureus,6.25
ClC1=NC2=CC=C(OC)C=C2C=C1C(NCC3=CN(C4=CC=C(C#N)C=C4)N=N3)=O,,S.aureus,6.25
C1(C2=CN(CC3=CN(C4=CC=CC=C4)N=N3)C5=C2C=CC=C5)=NC6=CC=CC=C6N1,4a Ar=phenyl（苯基）,S.aureus,25
ClC1=CC=CC=C1N2N=NC(CN3C=C(C4=NC5=CC=CC=C5N4)C6=C3C=CC=C6)=C2,4b Ar=2 - chlorophenyl（2 - 氯苯基）,S.aureus,6.25
ClC1=CC=C(N2N=NC(CN3C=C(C4=NC5=CC=CC=C5N4)C6=C3C=CC=C6)=C2)C=C1,4c Ar=4 - chlorophenyl（4 - 氯苯基）,S.aureus,3.125
CC1=CC(N2N=NC(CN3C=C(C4=NC5=CC=CC=C5N4)C6=C3C=CC=C6)=C2)=CC=C1,4d Ar=3 - methylphenyl（3 - 甲基苯基）,S.aureus,25
CC1=CC=C(N2N=NC(CN3C=C(C4=NC5=CC=CC=C5N4)C6=C3C=CC=C6)=C2)C=C1,4e Ar=4 - methylphenyl（4 - 甲基苯基）,S.aureus,50
COC1=CC=CC=C1N2N=NC(CN3C=C(C4=NC5=CC=CC=C5N4)C6=C3C=CC=C6)=C2,4f Ar=2 - methoxyphenyl（2 - 甲氧基苯基）,S.aureus,50
COC1=CC=C(N2N=NC(CN3C=C(C4=NC5=CC=CC=C5N4)C6=C3C=CC=C6)=C2)C=C1,4g Ar=4 - methoxyphenyl（4 - 甲氧基苯基）,S.aureus,12.5
O=[N+](C1=CC=CC=C1N2N=NC(CN3C=C(C4=NC5=CC=CC=C5N4)C6=C3C=CC=C6)=C2)[O-],4h Ar=2 - nitrophenyl（2 - 硝基苯基）,S.aureus,3.125
FC(C1=CC(N2N=NC(CN3C=C(C4=NC5=CC=CC=C5N4)C6=C3C=CC=C6)=C2)=CC=C1)(F)F,4i Ar=3 - (trifluoromethyl) phenyl（3 - 三氟甲基苯基）,S.aureus,25
C1(C2=CN(CC3=CN(CC4=CC=CC=C4)N=N3)C5=C2C=CC=C5)=NC6=CC=CC=C6N1,4j Ar=benzyl（苄基）,S.aureus,12.5
O=C1C2=CC=CC3=CC=CC(=C32)C(=O)N1CCCN1C=C(CSC(=S)N(N2CCCC2)N2CCCC2)N=N1,5a：NR1R2 = pyrrolidinyl,S.aureus,63.705
O=C1C2=CC=CC3=CC=CC(=C32)C(=O)N1CCCN1C=C(CSC(=S)N(N2CCCCC2)N2CCCCC2)N=N1,5b：NR1R2 = piperidinyl,S.aureus,63.707
CN1CCN(N(C(=S)SCC2=CN(CCCN3C(=O)C4=CC=CC5=CC=CC(=C54)C3=O)N=N2)N2CCN(C)CC2)CC1,5d：NR1R2 = 4-methylpiperazin-1-yl,S.aureus,127.946
CN(C)CCN1C(=O)C2=CC=CC3=C(N4C=C(CSC(=S)N(N5CCCC5)N5CCCC5)N=N4)C=CC(=C23)C1=O,7a：NR1R2 = pyrrolidinyl,S.aureus,31.9124
CN(C)CCN1C(=O)C2=CC=CC3=C(N4C=C(CSC(=S)N(C5CCCCC5)N5CCCCC5)N=N4)C=CC(=C23)C1=O,7b：NR1R2 = piperidinyl,S.aureus,16.002
CN(C)CCN1C(=O)C2=CC=C(N3C=C(CSC(=S)N(C4CCOCC4)N4CCOCC4)N=N3)C3=CC=CC(=C23)C1=O,7c：NR1R2 = morpholinyl,S.aureus,15.963
CN(C)CCN1C(=O)C2=CC=CC3=C(N4C=C(CSC(=S)N(C5CCN(C)CC5)N5CCN(C)CC5)N=N4)C=CC(=C23)C1=O,7d：NR1R2 = 4-methylpiperazin-1-yl,S.aureus,63.928
S=C1NN=C(C2=CC=CS2)N1C3=CC=C(F)C=C3,5a X=H，Y=4-F，R=None,S.aureus,4
S=C1NN=C(C2=CC=C(Br)S2)N1C3=CC=C(Br)C=C3,5e X=Br，Y=4-Br，R=None,S.aureus,3.2
S=C1N(CN2CCOCC2)N=C(C3=CC=CS3)N1C4=CC=C(F)C=C4,6b X=H，Y=O，R=None,S.aureus,3.8
S=C1N(CN2CCSCC2)N=C(C3=CC=CS3)N1C4=CC=C(F)C=C4,6c X=H，Y=S，R=None,S.aureus,5
S=C1N(CN2CCOCC2)N=C(C3=CC=CS3)N1C4=CC=C(F)C=C4Br,6d X=Br，Y=O，R=None,S.aureus,2
S=C1N(CN2CCSCC2)N=C(C3=CC=CS3)N1C4=CC=C(F)C=C4Br,6e X=Br，Y=S，R=None,S.aureus,4.8
S=C1N(CN2CCN(C)CC2)N=C(C3=CC=CS3)N1C4=CC=C(F)C=C4,7a X=H，Y=None，R=CH₃,S.aureus,3.2
FC1=CC(Br)=C(N2C(N(CN3CCN(C4=CC=CC=C4OC)CC3)N=C2C5=CC=CS5)=S)C=C1,7d X=Br，Y=None，R=2-CH₃OC₆H₄,S.aureus,2.1
S=C1N(CN2CC3=C(C=CC=C3)CC2)N=C(C4=CC=CS4)N1C5=CC=C(F)C=C5,9 X=None，Y=None，R=None,S.aureus,18
S=C1N(N)C(C2=CC=CC=C2)=NN1,,S.aureus,4302
S=C1N(/N=C/C2=CC=CC=C2)C(C3=CC=CC=C3)=NN1,,S.aureus,2176
C[o]C1=CC=C(/C=N/N(C(C2=CC=CC=C2)=NN3)C3=S)C=C1,,S.aureus,1389
O=[N+]([O-])C1=CC=C(/C=N/N2C(=S)NN=C2C2=CC=CC=C2)C=C1,,S.aureus,977
S=C1N(C(C2=CC=CC=C2)=NN1)/N=C/C3=CC=CO3,,S.aureus,1757
S=C1N(C(C2=CC=CC=C2)=NN1)/N=C/C3=CC=C[s]3,,S.aureus,1425
C#CCSC1N(C(C2=CC=CC=C2)=NN1)/N=C/C3=CC=CC=C3,,S.aureus,1555
C#CCSC1N(C(C2=CC=CC=C2)=NN1)/N=C/C3=CC=C(OC)C=C3,,S.aureus,1039
C#CCSC1N(C(C2=CC=CC=C2)=NN1)/N=C/C3=CC=C([N+]([O-])=O)C=C3,,S.aureus,848
C#CCSC1N(C(C2=CC=CC=C2)=NN1)/N=C/C3=CC=CO3,,S.aureus,1518
C#CCSC1N(C(C2=CC=CC=C2)=NN1)/N=C/C3=CC=C[s]3,,S.aureus,1279
O=[N+](C(C=C1)=CC=C1N2N=NC(CSC3N(C(C4=CC=CC=C4)=NN3)/N=C/C5=CC=CC=C5)=C2)[O-],,S.aureus,539
O=[N+](C1=CC=CC(N2N=NC(CSC3N(C(C4=CC=CC=C4)=NN3)/N=C/C5=CC=CC=C5)=C2)=C1)[O-],,S.aureus,648
COC(C=C1)=CC=C1/C=N/N2C(SCC3=CN(C4=CC=C([N+]([O-])=O)C=C4)N=N3)NN=C2C5=CC=CC=C5,,S.aureus,371
COC(C=C1)=CC=C1/C=N/N2C(SCC3=CN(C4=CC([N+]([O-])=O)=CC=C4)N=N3)NN=C2C5=CC=CC=C5,,S.aureus,658
O=[N+](C(C=C1)=CC=C1/C=N/N2C(SCC3=CN(C4=CC=C([N+]([O-])=O)C=C4)N=N3)NN=C2C5=CC=CC=C5)[O-],,S.aureus,555
O=[N+](C(C=C1)=CC=C1/C=N/N2C(SCC3=CN(C4=CC([N+]([O-])=O)=CC=C4)N=N3)NN=C2C5=CC=CC=C5)[O-],,S.aureus,569
O=[N+](C(C=C1)=CC=C1N2N=NC(CSC3N(C(C4=CC=CC=C4)=NN3)/N=C/C5=CC=CO5)=C2)[O-],,S.aureus,662
O=[N+](C1=CC=CC(N2N=NC(CSC3N(C(C4=CC=CC=C4)=NN3)/N=C/C5=CC=CO5)=C2)=C1)[O-],,S.aureus,991
O=[N+](C(C=C1)=CC=C1N2N=NC(CSC3N(C(C4=CC=CC=C4)=NN3)/N=C/C5=CC=CS5)=C2)[O-],,S.aureus,598
O=[N+](C1=CC=CC(N2N=NC(CSC3N(C(C4=CC=CC=C4)=NN3)/N=C/C5=CC=CS5)=C2)=C1)[O-],,S.aureus,635
S=C1NN=C(C2CC2)N1C1=CC=C(Cl)C=C1,,S.aureus,125
S=C1NN=C(C2CCCCC2)N1C1=CC=C(Cl)C=C1,,S.aureus,62.5
S=C1N(CN2CCCC2)N=C(C3CC3)N1C4=CC=C(Cl)C=C4,,S.aureus,500
S=C1N(CN2CCCCC2)N=C(C3CC3)N1C4=CC=C(Cl)C=C4,,S.aureus,500
S=C1N(CN2CCN(C3=CC=CC=C3)CC2)N=C(C4CC4)N1C5=CC=C(Cl)C=C5,,S.aureus,500
S=C1N(CN2CCCC2)N=C(C3CCCC3)N1C4=CC=C(Cl)C=C4Cl,,S.aureus,500
S=C1N(CN2CCCCC2)N=C(C3CCCC3)N1C4=CC=C(Cl)C=C4Cl,,S.aureus,500
S=C1N(CN2CCN(CCO)CC2)N=C(C3CCCC3)N1C4=CC=C(Cl)C=C4Cl,,S.aureus,1000
S=C1N(CN2CCNCC2)N=C(C3CCCCC3)N1C4=CC=C(Cl)C=C4,,S.aureus,125
S=C1N(CN2CCCC2)N=C(C2=CC=CN=C2)N1C1=CC=CC=C1,,S.aureus,500
S=C1N(CN2CCCCC2)N=C(C3=CC=CN=C3)N1C4=CC=CC=C4,,S.aureus,500
S=C1N(CN2CCN(C3=CC=CC=C3)CC2)N=C(C4=CC=CN=C4)N1C5=CC=CC=C5,,S.aureus,500
O=C(OC)C1=CC(C2=C1C=CC=C2)CCCC(N3/N=C/C4=CC=CC(O)=C4)=NN=C3C5=CC=CC6=CC=CC=C65,8a 3-HO-C6H4,S.aureus,128
O=C(OC)C1=CC(C2=C1C=CC=C2)CCCC(N3/N=C/C4=CC=C(Br)C=C4)=NN=C3C5=CC=CC6=CC=CC=C65,8b 4-Br-C6H4,S.aureus,8
O=C(C1=CC(CCCC2=NN=C(C3=CC=CC4=CC=CC=C43)N2/N=C/C5=CC=C(C=C5)[N+]([O-])=O)C6=C1C=CC=C6)OC,8c 4-NO2-C6H4,S.aureus,8
O=C(C1=CC(CCCC2=NN=C(C3=CC=CC4=CC=CC=C43)N2/N=C/C5=CC=C(C=C5)O)C6=C1C=CC=C6)OC,8d 4-HO-C6H4,S.aureus,128
O=C(OC)C1=CC(C2=C1C=CC=C2)CCCC(N3/N=C/C4=CC=C(F)C=C4)=NN=C3C5=CC=CC6=CC=CC=C65,8e 4-F-C6H4,S.aureus,8
O=C(OC)C1=CC(C2=C1C=CC=C2)CCCC(N3/N=C/C4=CC=CC=C4Cl)=NN=C3C5=CC=CC6=CC=CC=C65,8f 2-Cl-C6H4,S.aureus,8
O=C(OC)C1=CC(C2=C1C=CC=C2)CCCC(N3/N=C/C4=CC=CO4)=NN=C3C5=CC=CC6=CC=CC=C65,8g 2-furyl,S.aureus,64
O=C(OC)C1=CC(C2=C1C=CC=C2)CCCC(N3/N=C/C4=CC=C(Cl)C=C4)=NN=C3C5=CC=CC6=CC=CC=C65,8h 4-Cl-C6H4,S.aureus,16
O=C(C1=CC(CCCC2=NN=C(C3=CC=CC4=CC=CC=C43)N2/N=C/C5=CC=C(C=C5)OC)C6=C1C=CC=C6)OC,8i 4-CH3O-C6H4,S.aureus,64
O=C(OC)C1=CC(C2=C1C=CC=C2)CCCC(N3/N=C/C4=CC=CC=C4O)=NN=C3C5=CC=CC6=CC=CC=C65,8j 2-HO-C6H4,S.aureus,128
O=C(OC)C1=CC(C2=C1C=CC=C2)CCCC(N3/N=C/C4=CC=CC(F)=C4)=NN=C3C5=CC=CC6=CC=CC=C65,8k 3-F-C6H4,S.aureus,4
O=C(OC)C1=CC(C2=C1C=CC=C2)CCCC(N3/N=C/C4=CC=CC=C4)=NN=C3C5=CC=CC6=CC=CC=C65,8l pheny,S.aureus,128
CCN1C(SCC2=CC(=O)OC3=C(C)C=C(C)C=C23)=NN=C1C1=CC=CS1,,S.aureus,2.5
O=[N+]([O-])C1=CC=C(CN2C=C(N=N2)COC3=CC4=C(C(C)=C3)C=CC(O4)=O)C=C1[H],"4a,R1 = H,R2 = NO2",S.aureus,8
[H]C1=CC=C(C=C1[N+]([O-])=O)CN2C=C(N=N2)COC3=CC4=C(C(C)=C3)C=CC(O4)=O,"4b,R1 = NO2,R2= H",S.aureus,8
ClC1=CC=C(CN2C=C(N=N2)COC3=CC4=C(C(C)=C3)C=CC(O4)=O)C=C1[H],"4c,R1= H,R2= Cl",S.aureus,8
[H]C1=CC=C(CN2C=C(N=N2)COC3=CC4=C(C(C)=C3)C=CC(O4)=O)C=C1Cl,"4d,R1 = Cl,R2 = H",S.aureus,16
BrC1=CC=C(CN2C=C(N=N2)COC3=CC4=C(C(C)=C3)C=CC(O4)=O)C=C1[H],"4e,R1 = H,R2= Br",S.aureus,16
[H]C1=CC=C(C=C1[H])CN2C=C(N=N2)COC3=CC4=C(C(C)=C3)C=CC(O4)=O,"4f,R1= H,R2= H",S.aureus,8
[H]C1=CC(CN2C=C(N=N2)COC(C(C=CC=C3)=C3O4)=CC4=O)=CC=C1[N+]([O-])=O,"4g,R1= H,R2= NO2",S.aureus,8
O=C1OC2=C(C=CC=C2)C(OCC(N=N3)=CN3CC4=CC=C([H])C([N+]([O-])=O)=C4)=C1,"4h,R1= NO2,R2= H",S.aureus,8
O=C1OC2=C(C=CC=C2)C(OCC(N=N3)=CN3CC4=CC=C(Cl)C([H])=C4)=C1,"4i,R1= H,R2= Cl",S.aureus,16
O=C1OC2=C(C=CC=C2)C(OCC(N=N3)=CN3CC4=CC=C([H])C(Cl)=C4)=C1,"4j,R1 = Cl,R2 = H",S.aureus,8
O=C1OC2=C(C=CC=C2)C(OCC(N=N3)=CN3CC4=CC=C(Br)C([H])=C4)=C1,"4k,R1= H,R2= Br",S.aureus,16
CC(C(CC[C@@](C)(CCC[C@H](C)CCC[C@H](C)CCCC(C)C)O1)=C1C(C)=C2C)=C2OCC3=CN(N=N3)C4=CC=CC=C4,,S.aureus,200
CC(C(CC[C@@](C)(CCC[C@H](C)CCC[C@H](C)CCCC(C)C)O1)=C1C(C)=C2C)=C2OCC3=CN(N=N3)C4=CC=C([N+]([O-])=O)C=C4,,S.aureus,200
CC(C(CC[C@@](C)(CCC[C@H](C)CCC[C@H](C)CCCC(C)C)O1)=C1C(C)=C2C)=C2OCC3=CN(N=N3)C4=CC=C(OC)C=C4,,S.aureus,600
CC(C(CC[C@@](C)(CCC[C@H](C)CCC[C@H](C)CCCC(C)C)O1)=C1C(C)=C2C)=C2OCC3=CN(N=N3)C4=CC(O)=CC=C4,,S.aureus,170
CC(C(CC[C@@](C)(CCC[C@H](C)CCC[C@H](C)CCCC(C)C)O1)=C1C(C)=C2C)=C2OCC3=CN(N=N3)C4=C(C=CC=C5)C5=CC=C4,,S.aureus,250
CC(C(CC[C@@](C)(CCC[C@H](C)CCC[C@H](C)CCCC(C)C)O1)=C1C(C)=C2C)=C2OCC3=CN(N=N3)C4=CC(SC=N5)=C5C=C4,,S.aureus,650
CC(C(CC[C@@](C)(CCC[C@H](C)CCC[C@H](C)CCCC(C)C)O1)=C1C(C)=C2C)=C2OCC3=CN(N=N3)C4=CN=C(C=CC=C5)C5=C4,,S.aureus,240
CC(C(CC[C@@](C)(CCC[C@H](C)CCC[C@H](C)CCCC(C)C)O1)=C1C(C)=C2C)=C2OCC3=CN(C4=NNC=C4)N=N3,,S.aureus,190
NN1C(SCCSC2=NN=C(C3=CC=CC=C3)O2)=NN=C1C1=CNC2=CC=CC=C21,10a，R1=H,S.aureus,64
CC1=CC=CC(C2=NN=C(SCCSC3=NN=C(C4=CNC5=CC=CC=C54)N3N)O2)=C1,10c，R1=3-CH3,S.aureus,64
CC1=CC=C(C2=NN=C(SCCSC3=NN=C(C4=CNC5=CC=CC=C54)N3N)O2)C=C1,10d，R1=4-CH3,S.aureus,16
NN1C(C2=CNC3=CC=CC=C32)=NN=C1SCCSC(O4)=NN=C4C5=C(OC)C=CC=C5,10e，R1=2-OCH3,S.aureus,32
NN1C(SCCSC2=NN=C(O2)C3=CC=CC(OC)=C3)=NN=C1C4=CNC5=CC=CC=C45,10f，R1=4-OCH3,S.aureus,8
CCOC1=CC=CC=C1C1=NN=C(SCCSC2=NN=C(C3=CNC4=CC=CC=C43)N2N)O1,10g，R1=2-OCH2CH3,S.aureus,64
NN1C(SCCSC2=NN=C(C3=CC=C(F)C=C3)O2)=NN=C1C1=CNC2=CC=CC=C21,10h，R1=4-F,S.aureus,32
NN1C(SCCSC2=NN=C(C3=CC=C(Cl)C=C3)O2)=NN=C1C1=CNC2=CC=CC=C21,10i，R1=4-Cl,S.aureus,64
CC1=CC=C(C2=NN=C(SCCSC3=NN=C(C4=CNC5=CC=CC=C54)N3N)O2)C(C)=C1,10k，R1=2，4-CH3,S.aureus,128
NC1=CC=C(C2=NN=C(SCCSC3=NN=C(C4=CNC5=CC=CC=C54)N3N)O2)C=C1,10l，R1=4-NH2,S.aureus,2
NN1C(C2=CNC3=CC=CC=C23)=NN=C1SCCSC4=NN=C(C5=C(C=CC=C6)C6=CC=C5)O4,10m，R1=NA,S.aureus,64
SC1=NN=C(N1/N=C/C2=CC=C(Br)C=C2)C3=NC=CN=C3,H1，R3=Br,S.aureus,50
SC1=NN=C(N1/N=C/C2=CC=C(Cl)C=C2)C3=NC=CN=C3,H4，R3=Cl,S.aureus,50
SC1=NN=C(N1/N=C/C2=CC=C(C)C=C2)C3=NC=CN=C3,H5，R3=CH3,S.aureus,25
SC1=NN=C(N1/N=C/C2=CC=C(Cl)C=C2Cl)C3=NC=CN=C3,H9，R1=Cl，R3=Cl,S.aureus,50
SC1=NN=C(N1/N=C/C2=CC=C(OC)C(OC)=C2)C3=NC=CN=C3,H10，R2=OCH3，R3=OCH3,S.aureus,12.5
SC1=NN=C(N1/N=C/C2=CC(OC)=C(OC)C=C2OC)C3=NC=CN=C3,H11，R1=OCH3，R3=OCH3，R4=OCH3,S.aureus,25
SC1=NN=C(N1/N=C/C2=CC(OC)=C(OC)C(OC)=C2)C3=NC=CN=C3,H12，R2=OCH3，R3=OCH3，R4=OCH3,S.aureus,12.5
SC1=NN=C(N1/N=C/C2=CC=CC=C2OC)C3=NC=CN=C3,H13，R1=OCH3,S.aureus,25
SC1=NN=C(N1/N=C/C2=CC=CC=C2O)C3=NC=CN=C3,H16，R1=OH,S.aureus,50
SC1=NN=C(N1/N=C/C2=CC=C(O)C=C2)C3=NC=CN=C3,H17，R3=OH,S.aureus,1.56
SC1=NN=C(N1/N=C/C2=CC=C(O)C(O)=C2)C3=NC=CN=C3,H19，R2=OH，R3=OH,S.aureus,25
SC1=NN=C(N1/N=C/C=C/C2=CC=CC=C2)C3=NC=CN=C3,,S.aureus,50
C=C(CNN1C(=O)CSC1C1=CC=C(Br)C=C1)NN1C(C2=CC=NC=C2)=NNC1S,,S.aureus,25
O=C(CNN1C(=O)CSC1C1=CC=C(F)C=C1)NN1C(C2=CC=NC=C2)=NNC1S,,S.aureus,3.125
O=C(CNN1C(=O)CS[C@H]1C1=CC=C(F)C=C1)NN1C(C2=CC=C(Cl)C=C2)=NN[C@@H]1S,,S.aureus,6.25
C[C@@H]1SC(C2=CC=C(Br)C=C2)C(NCC(=O)NN2C(C3=CC=C(Cl)C=C3)=NN[C@@H]2S)C1=O,,S.aureus,12.5
O=C(CNN1C(=O)CSC1C1=CC=CC=C1Cl)NN1C(C2=CC=NC=C2)=NNC1S,,S.aureus,12.5
O=C(O)C1=CN(C2CC2)C2=CC(N3CCNCC3)=C(F)C=C2C1=O,,S.aureus,3.125
O=C(CNN1C(=O)CSC1C1=C(Cl)C=CC=C1)NN1C(C2=CC=C([N+](=O)[O-])C=C2)=NN[C@@H]1S,,S.aureus,6.25
O=C1C(C(O)=O)=CN(C2=NC(N3C/C(C(C3)CN)=N\OC)=C(C=C12)F)C4CC4,,S.aureus,12.5
S[C@@H]1N(NC(CNN2C(SCC2=O)C3=C(Cl)C=CC=C3)=O)C(C4=CC=C(Cl)C=C4)=NN1,,S.aureus,25
C[C@H]1COC2=C3C(=CC(F)=C2N2CCN(C)CC2)C(=O)C(C(=O)O)=CN31,,S.aureus,12.5
CC1=NC=C([N+](=O)[O-])N1CCSC1=NN=C(C2=CC=NC=C2)N1C,,S.aureus,738
CC1=NC=C([N+](=O)[O-])N1CCSC1=NN=C(C2=CC=CN=C2)N1C1=CC=CC=C1,,S.aureus,1569
COC1=CC=C(N2C(SCCN3C([N+](=O)[O-])=CN=C3C)=NN=C2C2=CC=NC=C2)C=C1,,S.aureus,188
CC1=NC=C([N+](=O)[O-])N1CCSC1=NN=C(C2=CN=CC=C2)N1C1=C2C=CC=CC2=CC=C1,,S.aureus,250
[H]C1=C([H])C([H])=C([H])C(/C=N\N2C(S)=NN=C2CCCCCCCCCCCCCCC)=C1,T1,S.aureus,50
[H]C1=C(C=O)C([H])=C([H])C(/C=N\N2C(S)=NN=C2CCCCCCCCCCCCCCC)=C1,T2，R4=CHO,S.aureus,25
[H]C1=C(C)C([H])=C([H])C(/C=N\N2C(S)=NN=C2CCCCCCCCCCCCCCC)=C1,T3，R4=CH3,S.aureus,25
[H]C1=C(OC)C(OC)=C([H])C(/C=N\N2C(S)=NN=C2CCCCCCCCCCCCCCC)=C1,T4，R3，R4=OCH3,S.aureus,25
[H]C1=C(OC)C(OC)=C(OC)C=C1/C=N\N1C(S)=NN=C1CCCCCCCCCCCCCCC,T5，R3，R4，R5=OCH3,S.aureus,12.5
[H]C1=C(OC)C(O)=C([H])C(/C=N\N2C(S)=NN=C2CCCCCCCCCCCCCCC)=C1,T6，R3=OH，R4=OCH3,S.aureus,50
[H]C1=C([H])C([H])=C(O)C(/C=N\N2C(S)=NN=C2CCCCCCCCCCCCCCC)=C1,T7，R2=OH,S.aureus,50
[H]C1=C(O)C([H])=C([H])C(/C=N\N2C(S)=NN=C2CCCCCCCCCCCCCCC)=C1,T8，R4=OH,S.aureus,50
[H]C1=C(N(C)C)C([H])=C([H])C(/C=N\N2C(S)=NN=C2CCCCCCCCCCCCCCC)=C1,T9，R4=N(CH3)2,S.aureus,25
[H]C1=CC([H])=C(Cl)C(/C=N\N2C(S)=NN=C2CCCCCCCCCCCCCCC)=C1,T10，R2=Cl,S.aureus,25
[H]C1=C(Cl)C([H])=C([H])C(/C=N\N2C(S)=NN=C2CCCCCCCCCCCCCCC)=C1,T11，R4=Cl,S.aureus,25
[H]C1=C(Cl)C([H])=C(Cl)C(/C=N\N2C(S)=NN=C2CCCCCCCCCCCCCCC)=C1,T12，R2，R4=Cl,S.aureus,50
[H]C1=C([H])C(Br)=C([H])C(/C=N\N2C(S)=NN=C2CCCCCCCCCCCCCCC)=C1,T13，R3=Br,S.aureus,50
[H]C1=C(Br)C([H])=C([H])C(/C=N\N2C(S)=NN=C2CCCCCCCCCCCCCCC)=C1,T14，R4=Br,S.aureus,25
[H]C1=C([H])C([H])=C([N+](=O)[O-])C(/C=N\N2C(S)=NN=C2CCCCCCCCCCCCCCC)=C1,T15，R2=NO2,S.aureus,25
[H]C1=C([H])C([N+](=O)[O-])=C([H])C(/C=N\N2C(S)=NN=C2CCCCCCCCCCCCCCC)=C1,T16，R3=NO2,S.aureus,50
[H]C1=C([N+](=O)[O-])C([H])=C([H])C(/C=N\N2C(S)=NN=C2CCCCCCCCCCCCCCC)=C1,"T17, R1=H,R2=4-NO2",S.aureus,25
CCCCCCCCCCCCCCCC1=NN=C(S)N1/N=C/C1=CC=C(OC2=CC=CC=C2)C=C1,T18，R1=C12H10O,S.aureus,50
CCCCCCCCCCCCCCCC1=NN=C(S)N1/N=C/C1=CC=C2CC=CCC2=C1,T19，R1=C10H10,S.aureus,50
CCCCCCCCCCCCCCCC1=NN=C(S)N1/N=C/C1=CC=C(O)C=C1,T20，R1=C6H6O,S.aureus,25
[H]C1=CC(/C=N/N2C(=S)N([H])N=C2CC2=C(C)N([H])C3=CC=C(F)C=C32)=C([H])C([H])=C1[H],"6a，R1=H, R2=H, R3 =H, R4=H",S.aureus,250
[H]C1=CC(/C=N/N2C(=S)N([H])N=C2CC2=C(C)N([H])C3=CC=C(F)C=C32)=C(O)C([H])=C1[H],"6b，R1=OH, R2=H, R3=H, R4=H",S.aureus,250
[H]C1=CC(/C=N/N2C(=S)N([H])N=C2CC2=C(C)N([H])C3=CC=C(F)C=C32)=C([H])C(O)=C1[H],"6c，R1=H, R2=OH, R3 =H, R4=H",S.aureus,250
[H]C1=CC(/C=N/N2C(=S)N([H])N=C2CC2=C(C)N([H])C3=CC=C(F)C=C32)=C(OC)C([H])=C1[H],"6d，R1=OCH3, R2=H, R3 =H, R4=H",S.aureus,250
[H]C1=CC(/C=N/N2C(=S)N([H])N=C2CC2=C(C)N([H])C3=CC=C(F)C=C32)=C([H])C([H])=C1OC,"6e，R1=H, R2=H, R3 =OCH3, R4=H",S.aureus,250
[H]C1=CC(/C=N/N2C(=S)N([H])N=C2CC2=C(C)N([H])C3=CC=C(F)C=C32)=C([H])C([H])=C1Cl,"6f，R1=H, R2=H, R3 =Cl, R4=H",S.aureus,250
[H]C1=CC(/C=N/N2C(=S)N([H])N=C2CC2=C(C)N([H])C3=CC=C(F)C=C32)=C([H])C([H])=C1F,"6g，R1=H, R2=H, R3 =F, R4=H",S.aureus,250
[H]C1=CC(/C=N/N2C(=S)N([H])N=C2CC2=C(C)N([H])C3=CC=C(F)C=C32)=C([H])C([H])=C1C,"6h，R1=H, R2=H, R3 =CH3, R4=H",S.aureus,250
[H]C1=C([H])C(O)=C(/C=N/N2C(=S)N([H])N=C2CC2=C(C)N([H])C3=CC=C(F)C=C32)C=C1Cl,"6i，R1=OH, R2=H, R3 =H, R4=Cl",S.aureus,125
[H]C1=C([H])C(O)=C(/C=N/N2C(=S)N([H])N=C2CC2=C(C)N([H])C3=CC=C(F)C=C32)C=C1OC,"6j，R1=OH, R2=H, R3 =H, R4=OCH3",S.aureus,125
[H]N1N=C(CC2=C(C)N([H])C3=CC=C(F)C=C32)N(/N=C/C2=CC(OC)=C(O)C=C2)C1=S,"6k， R1=H, R2=OCH3, R3 =OH, R4=H",S.aureus,250
[H]N1N=C(CC2=C(C)N([H])C3=CC=C(F)C=C32)N(/N=C/C2=CC(OC=O)=C(OC=O)C=C2)C1=S,"6l，R1=H, R2,R3=OCH2O, R4=H",S.aureus,250
SC1=NN=C(C2=CC=C(N)C=C2)N1N,S1,S.aureus,250
SC1=NN=C(C2=CC=C(N)C=C2)O1,S2,S.aureus,62.5
SC1=NN=C(C2=CC=C(N=CC3=CC=CS3)C=C2)N1N=CC4=CC=CS4,SS1,S.aureus,250
OC1=CC=C(C=NC2=CC=C(C3=NN=C(S)N3N=CC4=CC=C(O)C=C4)C=C2)C=C1,SS2,S.aureus,250
O=[N+](C1=CC(C=NC2=CC=C(C3=NN=C(S)N3N=CC4=CC=CC([N+]([O-])=O)=C4)C=C2)=CC=C1)[O-],SS3,S.aureus,125
SC1=NN=C(C2=CC=C(N=CC3=CC=C(Cl)C=C3)C=C2)N1N=CC4=CC=C(Cl)C=C4,SS4,S.aureus,250
SC1=NN=C(C2=CC=C(N=CC3=CC=C(OC)C=C3)C=C2)N1N=CC4=CC=C(OC)C=C4,SS5,S.aureus,250
SC1=NN=C(C2=CC=C(N=CC3=CC=CS3)C=C2)O1,SS6,S.aureus,200
OC1=CC=C(C=NC2=CC=C(C3=NN=C(S)O3)C=C2)C=C1,SS7,S.aureus,200
SC1=NN=C(C2=CC=C(N=CC3=CC=CC([N+]([O-])=O)=C3)C=C2)O1,SS8,S.aureus,125
SC1=NN=C(C2=CC=C(N=CC3=CC=C(Cl)C=C3)C=C2)O1,SS9,S.aureus,250
SC1=NN=C(C2=CC=C(N=CC3=CC=C(OC)C=C3)C=C2)O1,SS10,S.aureus,250
ClC1=CC=C(C2=NN=C(C3=CC=CN=C3)O2)C=C1,,S.aureus,500
FC1=CC=C2N=C(NN3C(C4=CC=CN=C4)=NN=C3C5=CC=C(Cl)C=C5)SC2=C1,9a，R1=6-F,S.aureus,200
BrC1=CC=C2N=C(NN3C(C4=CC=CN=C4)=NN=C3C5=CC=C(Cl)C=C5)SC2=C1,"9b，R1=6-Br,",S.aureus,100
O=[N+](C1=CC=C2N=C(NN3C(C4=CC=CN=C4)=NN=C3C5=CC=C(Cl)C=C5)SC2=C1)[O-],9c，R1=6-NO2,S.aureus,500
CC1=CC=C2N=C(NN3C(C4=CC=CN=C4)=NN=C3C5=CC=C(Cl)C=C5)SC2=C1,9d，R1=6-CH3,S.aureus,1000
COC1=CC=C2N=C(NN3C(C4=CC=CN=C4)=NN=C3C5=CC=C(Cl)C=C5)SC2=C1,9e，R1=6-OCH3,S.aureus,250
ClC1=CC=C2N=C(NN3C(C4=CC=CN=C4)=NN=C3C5=CC=C(Cl)C=C5)SC2=C1,9f，R1=6-Cl,S.aureus,100
CC1=C2N=C(NN3C(C4=CC=CN=C4)=NN=C3C5=CC=C(Cl)C=C5)SC2=CC=C1,9g，R1=4-CH3,S.aureus,200
O=[N+](C1=C2N=C(NN3C(C4=CC=CN=C4)=NN=C3C5=CC=C(Cl)C=C5)SC2=CC=C1)[O-],9h，R1=4-NO2,S.aureus,100
ClC1=C(Cl)C=C2N=C(NN3C(C4=CC=CN=C4)=NN=C3C5=CC=C(Cl)C=C5)SC2=C1,"9i，R1=5-Cl,6-Cl",S.aureus,250
ClC1=C2N=C(NN3C(C4=CC=CN=C4)=NN=C3C5=CC=C(Cl)C=C5)SC2=CC=C1,9j，R1=4-Cl,S.aureus,200
O=C(O[C@H]1[C@](OC[C@H]2O)([H])[C@]2([H])OC1)CCCCCCCCC(O)CN3N=NC(C4=CC=CC=C4)=C3,6a,S.aureus,15.6
O=C(O[C@H]1[C@](OC[C@H]2O)([H])[C@]2([H])OC1)CCCCCCCCC(O)CN3N=NC(C4=CC=CC(O)=C4)=C3,6b,S.aureus,15.6
O=C1C=C(CN2N=NC(C(C)(C)C)=C2)C3=C(O1)C=C(O)C=C3,,S.aureus,256
O=C1C=C(C2=C(C=C(C=C2)O)O1)CN3N=NC(CCCCCCCC)=C3,,S.aureus,256
O=C1C=C(CN2N=NC(C3=CC=C(Br)C=C3)=C2)C4=C(O1)C=C(O)C=C4,,S.aureus,256
O=C1C=C(CN2N=NC(C3=CC=C(CCCC)C=C3)=C2)C4=C(O1)C=C(O)C=C4,,S.aureus,256
O=C1C=C(CN2N=NC(C3=CC=C(CCCCC)C=C3)=C2)C4=C(O1)C=C(O)C=C4,,S.aureus,256
O=C1C=C(CN2N=NC(C3=CC=C(CCCCCC)C=C3)=C2)C4=C(O1)C=C(O)C=C4,,S.aureus,256
O=C1C=C(CN2N=NC(C3=CC=C(C4CCC(CCC)CC4)C=C3)=C2)C5=C(O1)C=C(O)C=C5,,S.aureus,256
O=C1C=C(CN2N=NC(CNS(=O)(C3=CC=C(C)C=C3)=O)=C2)C4=C(O1)C=C(O)C=C4,,S.aureus,256
O=C1C=C(CN2N=NC(CNS(=O)(C3=CC=C(F)C=C3)=O)=C2)C4=C(O1)C=C(O)C=C4,,S.aureus,256
O=C1C=C(CN2N=NC(CNS(=O)(C3=C(Cl)C=C(F)C=C3)=O)=C2)C4=C(O1)C=C(O)C=C4,,S.aureus,256
O=C1C=C(CN2N=NC(CNS(=O)(C3=CC=C([N+]([O-])=O)C=C3)=O)=C2)C4=C(O1)C=C(O)C=C4,,S.aureus,256
O=C1C=C(CN2N=NC(CSC(N3CCOCC3)=S)=C2)C4=C(O1)C=C(O)C=C4,,S.aureus,256
O=C1C=C(CN2N=NC(CSC(N3CCNCC3)=S)=C2)C4=C(O1)C=C(O)C=C4,,S.aureus,256
CN(C1=C(SC2=C3)C=CC=C1)C2=CC=C3COC4=CN(N=N4)CC5=CC=C(C=C5)C,,S.aureus,50
CN(C1=C(SC2=C3)C=CC=C1)C2=CC=C3COC4=CN(N=N4)CC5=CC=C(C=C5)[N+]([O-])=O,,S.aureus,25
CN1C2=C(C=CC=C2)SC3=CC(COCC4=CN(CC5=CC=CC=C5F)N=N4)=CC=C13,,S.aureus,25
CN1C2=C(SC3=CC(COCC4=CN(N=N4)CC5=CC=C(O)C=C5)=CC=C13)C=CC=C2,,S.aureus,50
N#CC1=CC=C(CN2N=NC(COCC3=CC=C4N(C)C5=C(C=CC=C5)SC4=C3)=C2)C=C1,,S.aureus,12.5
CN1C2=C(C=CC=C2)SC3=CC(COCC4=CN(CC5=CC=C(OC)C=C5)N=N4)=CC=C13,,S.aureus,50
CN1C2=C(C=CC=C2)SC3=CC(COCC4=CN(CC5=CC=C(F)C=C5)N=N4)=CC=C13,,S.aureus,25
CN(C1=C(SC2=C3)C=CC=C1)C2=CC=C3/C=N/OC4=C(NN=N4)CC5=CC=C(C=C5)C,,S.aureus,25
CN(C1=C(SC2=C3)C=CC=C1)C2=CC=C3/C=N/OC4=C(NN=N4)CC5=CC=C(C=C5)[N+]([O-])=O,,S.aureus,25
CN(C(/C=C\C)=CSC1=C2)C1=CC=C2/C=N/OC3=C(NN=N3)CC4=CC=CC=C4F,,S.aureus,12.5
CN(C1=C(SC2=C3)C=CC=C1)C2=CC=C3/C=N/OC4=CN(N=N4)CC5=CC=C(O)C=C5,,S.aureus,50
N#CC1=CC=C(CN2N=NC(CO/N=C/C3=CC=C4N(C)C5=C(C=CC=C5)SC4=C3)=C2)C=C1,,S.aureus,12.5
COC1=CC=C(C=C1)CC2=C(CO/N=C/C3=CC=C4N(C)C5=C(C=CC=C5)SC4=C3)N=NN2,,S.aureus,50
FC1=CC=C(C=C1)CC2=C(CO/N=C/C3=CC=C4N(C)C5=C(C=CC=C5)SC4=C3)N=NN2,,S.aureus,12.5
CC1=CC=C(C=C1)CN2N=NC(CN3C4=C(C=CC=C4)SC5=CC=CC=C35)=C2,,S.aureus,50
O=[N+](C1=CC=C(C=C1)CN2N=NC(CN3C4=C(C=CC=C4)SC5=CC=CC=C35)=C2)[O-],,S.aureus,50
FC1=CC=CC=C1CN2N=NC(CN3C4=C(C=CC=C4)SC5=CC=CC=C35)=C2,,S.aureus,12.5
OC(C=C1)=CC=C1CN(N=N2)C=C2CN3C4=CC=CC=C4SC5=C3C=CC=C5,,S.aureus,50
N#CC1=CC=C(CN2N=NC(CN3C4=C(C=CC=C4)SC5=CC=CC=C35)=C2)C=C1,,S.aureus,6.25
COC1=CC=C(C=C1)CN2N=NC(CN3C4=C(C=CC=C4)SC5=CC=CC=C35)=C2,,S.aureus,25
FC1=CC=C(C=C1)CN2N=NC(CN3C4=C(C=CC=C4)SC5=CC=CC=C35)=C2,,S.aureus,12.5
O=C(N/N=C/C1=CC=C2N(CC3=CN(CC4=CC=C(C#N)C=C4)N=N3)C5=C(C=CC=C5)SC2=C1)C6=CN=CC=C6,,S.aureus,12.5
O=C(C1=NC=CN=C1)N/N=C/C2=CC=C3N(CC4=CN(CC5=CC=C(C#N)C=C5)N=N4)C6=C(C=CC=C6)SC3=C2,,S.aureus,50
O=C(N/N=C/C1=CC=C2N(CC3=CN(CC4=CC=C(C#N)C=C4)N=N3)C5=C(C=CC=C5)SC2=C1)C6=CC=NC=C6,,S.aureus,12.5
O=C(N/N=C/C1=CC=C2N(CC3=CN(CC4=CC=C(C#N)C=C4)N=N3)C5=C(C=CC(C(F)(F)F)=C5)SC2=C1)C6=CN=CC=C6,,S.aureus,50
O=C(C1=NC=CN=C1)N/N=C/C2=CC=C3N(CC4=CN(CC5=CC=C(C#N)C=C5)N=N4)C6=C(C=CC(C(F)(F)F)=C6)SC3=C2,,S.aureus,50
O=C(N/N=C/C1=CC=C2N(CC3=CN(CC4=CC=C(C#N)C=C4)N=N3)C5=C(C=CC(C(F)(F)F)=C5)SC2=C1)C6=CC=NC=C6,,S.aureus,50
O=C(N/N=C/C1=CC=C2N(CC3=CN(CC4=CC=C(C#N)C=C4)N=N3)C5=C(C=CC=C5)SC2=C1)C6=CC=C([N+]([O-])=O)C=C6,,S.aureus,25
O=C(N/N=C/C1=CC=C2N(CC3=CN(CC4=CC=C(C#N)C=C4)N=N3)C5=C(C=CC=C5)SC2=C1)C6=CC=CC=C6,,S.aureus,12.5
O=C(N/N=C/C1=CC=C2N(CC3=CN(CC4=CC=C(C#N)C=C4)N=N3)C5=C(C=CC=C5)SC2=C1)C6=CC=C(F)C=C6,,S.aureus,6.25
O=C(N/N=C/C1=CC=C2N(CC3=CN(CC4=CC=C(C#N)C=C4)N=N3)C5=C(C=CC=C5)SC2=C1)C6=CC=C(C)C=C6,,S.aureus,25
O=C(N/N=C/C1=CC=C2N(CC3=CN(CC4=CC=C(C#N)C=C4)N=N3)C5=C(C=CC(C(F)(F)F)=C5)SC2=C1)C6=CC=C([N+]([O-])=O)C=C6,,S.aureus,25
O=C(N/N=C/C1=CC=C2N(CC3=CN(CC4=CC=C(C#N)C=C4)N=N3)C5=C(C=CC(C(F)(F)F)=C5)SC2=C1)C6=CC=CC=C6,,S.aureus,50
O=C(N/N=C/C1=CC=C2N(CC3=CN(CC4=CC=C(C#N)C=C4)N=N3)C5=C(C=CC(C(F)(F)F)=C5)SC2=C1)C6=CC=C(F)C=C6,,S.aureus,6.25
O=C(N/N=C/C1=CC=C2N(CC3=CN(CC4=CC=C(C#N)C=C4)N=N3)C5=C(C=CC(C(F)(F)F)=C5)SC2=C1)C6=CC=C(C)C=C6,,S.aureus,25
O=C1N(C2=CC=CC(OCC3=CN(C4=CC=C(Cl)C=C4)N=N3)=C2)C(C)=NC5=C1C=CC=C5,,S.aureus,64
O=C1N(C(C)=NC2=C1C=CC=C2)C3=CC=CC(OC4=CN(N=N4)C5=CC=C(C(Cl)=C5)F)=C3,,S.aureus,64
O=C1N(C2=CC=CC(OCC3=CN(C4=CC=CC(C)=C4)N=N3)=C2)C(C)=NC5=C1C=CC=C5,,S.aureus,64
O=C1N(C2=CC=CC(OCC3=CN(C4=CC=CC(O)=C4)N=N3)=C2)C(C)=NC5=C1C=CC=C5,,S.aureus,64
O=C1N(C2=CC=CC(OCC3=CN(C4=CC=C(O)C=C4)N=N3)=C2)C(C)=NC5=C1C=CC=C5,,S.aureus,64
O=C1N(C2=CC=CC(OCC3=CN(C4=CC=C(OC)C=C4)N=N3)=C2)C(C)=NC5=C1C=CC=C5,,S.aureus,64
O=C1N(C2=CC=CC(OCC3=CN(C4=CC=CC(C(O)=O)=C4)N=N3)=C2)C(C)=NC5=C1C=CC=C5,,S.aureus,64
O=C1N(C2=CC=CC(OCC3=CN(C4=CC=C(C(O)=O)C=C4)N=N3)=C2)C(C)=NC5=C1C=CC=C5,,S.aureus,64
O=C1N(C2=CC=CC(OCC3=CN(C4=CC([N+]([O-])=O)=C(C)C=C4)N=N3)=C2)C(C)=NC5=C1C=CC=C5,,S.aureus,64
O=C1N(C(C)=NC2=C1C=CC=C2)C3=CC=CC(OCC4=CN(N=N4)C5=C(C=C(C=C5)[N+]([O-])=O)C)=C3,,S.aureus,64
O=C1N(C2=CC=CC(OCC3=CN(C4=CC(C)=C(C)C(C)=C4)N=N3)=C2)C(C)=NC5=C1C=CC=C5,,S.aureus,64
O=C1N(C2=CC=CC(OCC3=CN(C4=CC(OC)=C(OC)C(OC)=C4)N=N3)=C2)C(C)=NC5=C1C=CC=C5,,S.aureus,64
O=C1N(C2=CC=CC(OCC3=CN(C4=CC(Cl)=CC=C4)N=N3)=C2)C(C)=NC5=C1C=CC=C5C,,S.aureus,64
N#CC1=CC=C(C=C1)/C=C/C(N2C3=CC=CC(OC4=CN(N=N4)C5=CC=CC(Cl)=C5)=C3)=NC6=C(C2=O)C=CC=C6,,S.aureus,0.5
N#CC1=CC=C(C=C1)/C=C/C(N2C3=CC=CC(OC4=CN(N=N4)C5=CC=C(C=C5)Cl)=C3)=NC6=C(C2=O)C=CC=C6,,S.aureus,0.5
N#CC1=CC=C(C=C1)/C=C/C(N2C3=CC=CC(OC4=CN(N=N4)C5=CC=CC(C)=C5)=C3)=NC6=C(C2=O)C=CC=C6,,S.aureus,0.5
N#CC1=CC=C(C=C1)/C=C/C(N2C3=CC=CC(OC4=CN(N=N4)C5=CC=CC(Cl)=C5)=C3)=NC6=C(C2=O)C=CC=C6C,,S.aureus,64
N#CC1=CC=C(C=C1)/C=C/C(N2C3=CC=CC(OC4=CN(N=N4)C5=CC=CC(C(O)=O)=C5)=C3)=NC6=C(C2=O)C=CC=C6,,S.aureus,4
N#CC1=CC=C(C=C1)/C=C/C(N2C3=CC=CC(OC4=CN(N=N4)C5=CC=C(C=C5)OC)=C3)=NC6=C(C2=O)C=CC=C6,,S.aureus,4
N#CC1=CC=C(C=C1)/C=C/C(N2C3=CC=CC(OC4=CN(N=N4)C5=CC=CC(F)=C5)=C3)=NC6=C(C2=O)C=CC=C6,,S.aureus,0.5
N#CC1=CC=C(C=C1)/C=C/C(N2C3=CC=CC(OC4=CN(N=N4)C5=CC=C(C=C5)C(F)(F)F)=C3)=NC6=C(C2=O)C=CC=C6,,S.aureus,4
ClC1=CC=C(C=C1)/C=C/C(N2C3=CC=CC(OC4=CN(N=N4)C5=CC=CC(F)=C5)=C3)=NC6=C(C2=O)C=CC=C6,,S.aureus,4
N#CC1=CC=C(/C=C/C(N2C3=CC=CC(OCC4=CN(CC5=CC=CC=C5)N=N4)=C3)=NC6=C(C=CC=C6)C2=O)C=C1,,S.aureus,0.5
N#CC1=CC=C(/C=C/C(N2C3=CC=CC(OCC4=CN(CC5=CC=C(Br)C=C5)N=N4)=C3)=NC6=C(C=CC=C6)C2=O)C=C1,,S.aureus,16
N#CC1=CC=C(/C=C/C(N2C3=CC=CC(OCC4=CN(CC5=CC(Br)=CC=C5)N=N4)=C3)=NC6=C(C=CC=C6)C2=O)C=C1,,S.aureus,0.5
N#CC1=CC=C(/C=C/C(N2C3=CC=CC(OCC4=CN(CC5=CC=C(OC)C=C5)N=N4)=C3)=NC6=C(C=CC=C6)C2=O)C=C1,,S.aureus,0.5
N#CC1=CC=C(/C=C/C(N2C3=CC=CC(OCC4=CN(CC5=CC=C([N+]([O-])=O)C=C5)N=N4)=C3)=NC6=C(C=CC=C6)C2=O)C=C1,,S.aureus,2
N#CC1=CC=C(C=C1)/C=C/C(N2C3=CC=C(C=C3)OC4=CN(N=N4)CC5=CC=C(C=C5)Br)=NC6=C(C2=O)C=CC=C6,,S.aureus,64
O=C1N(C2=CC=CC(N3N=NC(C4=CC=CC=C4)=C3)=C2)C(C)=NC5=C1C=CC=C5,,S.aureus,64
O=C1N(C2=CC=CC(N3N=NC(C4=CC=CC=C4)=C3)=C2)C(/C=C/C5=CC=C(Cl)C=C5)=NC6=C1C=CC=C6,,S.aureus,64
O=C1N(C2=CC=CC(N3N=NC(C4=CC=CC=C4)=C3)=C2)C(/C=C/C5=CC=C(C#N)C=C5)=NC6=C1C=CC=C6,,S.aureus,64
O=C1N(C2=CC=CC(N3N=NC(COC4=CC=C(C(C)(C)CC)C=C4)=C3)=C2)C(C)=NC5=C1C=CC=C5,,S.aureus,64
O=C1N(C2=CC=CC(N3N=NC(COC4=CC(C)=CC=C4C)=C3)=C2)C(C)=NC5=C1C=CC=C5,,S.aureus,64
C=C1N(C2=CC(N(N=N3)C=C3COC4=CC=C(C(C)(C)CC)C=C4)=CC=C2)C(/C=C/C5=CC=C(C#N)C=C5)=NC6=CC=CC=C61,,S.aureus,64
O=C(N1CCC2=C1C=CC=C2)CN(N=N3)C=C3CN4C5=CC=CC=C5N=C4,"5a R1=H ，R2=H ，R3=H ,R4=H ",S.aureus,12.544
O=C(N1CCC2=C1C=CC=C2)CN(N=N3)C=C3CN4C5=CC(C)=C(C)C=C5N=C4,"5b R1=H ，R2=CH3 ，R3=H ,R4=H ",S.aureus,25.1199
O=C(N1CCC2=C1C=CC=C2)CN(N=N3)C=C3CN4C5=CC=CC=C5N=C4C,"5c R1=CH3 ，R2=H ，R3=H ,R4=H ",S.aureus,24.95281
O=C(N1CCC2=C1C=CC=C2)CN(N=N3)C=C3CN4C5=CC=CC=C5N=C4SC,"5d R1=SCH3 ，R2=H ，R3=H ,R4=H ",S.aureus,25.079
O=C(N1CCC2=C1C=CC=C2)CN(N=N3)C=C3CN4C5=CC=CC=C5N=C4C6=CC=CC=C6,"5e R1=C6H5 ，R2=H ，R3=H ,R4=H ",S.aureus,12.6005
O=C(N1CCC2=C1C=CC=C2)CN(N=N3)C=C3CN4C5=CC=CC=C5N=C4C#CC#CC#[NH4],"5f R1=C5H4N ，R2=H ，R3=H ,R4= H",S.aureus,12.62921
O=C(N1C(C)CC2=C1C=CC=C2)CN(N=N3)C=C3CN4C5=CC=CC=C5N=C4,"5g R1=H ，R2=H ，R3=CH3 ,R4=H ",S.aureus,12.66262
O=C(N1C(C)CC2=C1C=CC=C2)CN(N=N3)C=C3CN4C5=CC(C)=C(C)C=C5N=C4.C,"5h R1=H ，R2=CH3 ，R3=CH3 ,R4=H ",S.aureus,12.41519
O=C(N1C(C)CC2=C1C=CC=C2)CN(N=N3)C=C3CN4C5=CC=CC=C5N=C4C,"5i R1=CH3 ，R2=H ，R3=CH3 ,R4=H ",S.aureus,25.1199
O=C(N1C(C)CC2=C1C=CC=C2)CN(N=N3)C=C3CN4C5=CC=CC=C5N=C4SC,"5j R1=SCH3 ，R2=H ，R3=CH3 ,R4=H ",S.aureus,25.1118
O=C(N1C(C)CC2=C1C=CC=C2)CN(N=N3)C=C3CN4C5=CC=CC=C5N=C4C6=CC=CC=C6,"5k R1=C6H5 ，R2=H ，R3=CH3 ,R4=H ",S.aureus,25.11768
O=C(N1C(C)CC2=C1C=CC=C2)CN(N=N3)C=C3CN4C5=CC=CC=C5N=C4C#CC#CC#[NH4],"5l R1=C5H4N ，R2=H ，R3=CH3 ,R4=H ",S.aureus,12.58656
O=C(N1CCC2=C1C=C([N+]([O-])=O)C=C2)CN(N=N3)C=C3CN4C5=CC=CC=C5N=C4,"5m R1=H ，R2=H ，R3=H ,R4=NO2 ",S.aureus,12.5054
O=C(N1CCC2=C1C=C([N+]([O-])=O)C=C2)CN(N=N3)C=C3CN4C5=CC(C)=C(C)C=C5N=C4,"5n R1=H ，R2=CH3 ，R3=H ,R4=NO2 ",S.aureus,12.51234
O=C(N1CCC2=C1C=C([N+]([O-])=O)C=C2)CN(N=N3)C=C3CN4C5=CC=CC=C5N=C4C,"5o R1=CH3 ，R2=H ，R3=H ,R4=NO2 ",S.aureus,25.0458
O=C(N1CCC2=C1C=C([N+]([O-])=O)C=C2)CN(N=N3)C=C3CN4C5=CC=CC=C5N=C4SC,"5p R1=SCH3 ，R2=H ，R3=H ,R4=NO2 ",S.aureus,13.0355
O=C(N1CCC2=C1C=C([N+]([O-])=O)C=C2)CN(N=N3)C=C3CN4C5=CC=CC=C5N=C4C6=CC=CC=C6,"5q R1=C6H5 ，R2=H ，R3=H ,R4=NO2 ",S.aureus,12.467
O=C(N1CCC2=C1C=C([N+]([O-])=O)C=C2)CN(N=N3)C=C3CN4C5=CC=CC=C5N=C4C#CC#CC#[NH4],"5r R1=C5H4N ，R2=H ，R3=H ,R4=NO2 ",S.aureus,6.24637
[H]C1=CC=C2C(N(CC3=CN(CC4=CC=C([N+]([O-])=O)C=C4)N=N3)C(C=CC=C5)=C5S2)=C,"11b, R1=H,R2=4-NO2",S.aureus,50
[H]C1=CC=C2C(N(CC3=CN(CC4=CC=CC=C4F)N=N3)C(C=CC=C5)=C5S2)=C1,"11c, R1=H,R2=2-F",S.aureus,12.5
[H]C1=CC=C2C(N(CC3=CN(CC4=CC=C(O)C=C4)N=N3)C(C=CC=C5)=C5S2)=C1,"11d, R1=H,R2=4-OH",S.aureus,50
[H]C1=CC=C2C(N(CC3=CN(CC4=CC=C(C#N)C=C4)N=N3)C(C=CC=C5)=C5S2)=C1,"11e, R1=H,R2=4-CN",S.aureus,6.25
[H]C1=CC=C2C(N(CC3=CN(CC4=CC=C(OC)C=C4)N=N3)C(C=CC=C5)=C5S2)=C1,"11f, R1=H,R2=4-OMe",S.aureus,25
[H]C1=CC=C2C(N(CC3=CN(CC4=CC=C(F)C=C4)N=N3)C(C=CC=C5)=C5S2)=C1,"11g, R1=H,R2=4-F",S.aureus,12.5
FC(C1=CC=C2C(N(CC3=CN(CC4=CC=C(C#N)C=C4)N=N3)C(C=CC=C5)=C5S2)=C1)(F)F,"11h, R1=CF3,R2=4-CN",S.aureus,12.5
[H]C1=CC=C2C(N(CC3NNN(C4=CC=C(C#N)C=C4)C3)C(C=CC(/C=N/NC(C5=CC=NC=N5)=O)=C6)=C6S2)=C1,"14b, R1=H,R2=4-CN 苯甲基，X=N,Y=CH,Z=N",S.aureus,50
[H]C1=CC=C2C(N(CC3NNN(C4=CC=C(C#N)C=C4)C3)C(C=CC(/C=N/NC(C5=CC=CN=C5)=O)=C6)=C6S2)=C1,"14c, R1=H,R2=4-CN 苯甲基，X=CH,Y=N,Z=CH",S.aureus,12.5
O=C(C1=CC=NC=C1)N/N=C/C2=CC3=C(C=C2)N(CC4NNN(C5=CC=C(C#N)C=C5)C4)C6=CC(C(F)(F)F)=CC=C6S3,"14d, R1=CF3,R2=4-CN 苯甲基，X=N,Y=CH,Z=CH",S.aureus,50
O=C(C1=CC=NC=N1)N/N=C/C2=CC3=C(C=C2)N(CC4NNN(C5=CC=C(C#N)C=C5)C4)C6=CC(C(F)(F)F)=CC=C6S3,"14e, R1=CF3,R2=4-CN 苯甲基，X=N,Y=CH,Z=N",S.aureus,50
O=C(C1=CC=CN=C1)N/N=C/C2=CC3=C(C=C2)N(CC4NNN(C5=CC=C(C#N)C=C5)C4)C6=CC(C(F)(F)F)=CC=C6S3,"14f, R1=CF3,R2=4-CN 苯甲基，X=CH,Y=N,Z=CH",S.aureus,50
[H]C1=CC=C2C(N(CC3NNN(C4=CC=C(C#N)C=C4)C3)C(C=CC(/C=N/NC(C5=CC=C([N+]([O-])=O)C=C5)=O)=C6)=C6S2)=C1,"14g, R1=H,R2=4-CN 苯甲基，R3=NO2",S.aureus,25
[H]C1=CC=C2C(N(CC3NNN(C4=CC=C(C#N)C=C4)C3)C(C=CC(/C=N/NC(C5=CC=C([H])C=C5)=O)=C6)=C6S2)=C1,"14h, R1=H,R2=4-CN 苯甲基，R3=H",S.aureus,12.5
[H]C1=CC=C2C(N(CC3NNN(C4=CC=C(C#N)C=C4)C3)C(C=CC(/C=N/NC(C5=CC=C(F)C=C5)=O)=C6)=C6S2)=C1,"14i, R1=H,R2=4-CN 苯甲基，R3=F",S.aureus,6.25
[H]C1=CC=C2C(N(CC3NNN(C4=CC=C(C#N)C=C4)C3)C(C=CC(/C=N/NC(C5=CC=C(C)C=C5)=O)=C6)=C6S2)=C1,"14j, R1=H,R2=4-CN 苯甲基，R3=CH3",S.aureus,25
O=C(C1=CC=C([N+]([O-])=O)C=C1)N/N=C/C2=CC3=C(C=C2)N(CC4NNN(C5=CC=C(C#N)C=C5)C4)C6=CC(C(F)(F)F)=CC=C6S3,"14k, R1=CF3,R2=4-CN 苯甲基，R3=NO2",S.aureus,25
O=C(C1=CC=C([H])C=C1)N/N=C/C2=CC3=C(C=C2)N(CC4NNN(C5=CC=C(C#N)C=C5)C4)C6=CC(C(F)(F)F)=CC=C6S3,"14l, R1=CF3,R2=4-CN 苯甲基，R3=H",S.aureus,50
O=C(C1=CC=C(F)C=C1)N/N=C/C2=CC3=C(C=C2)N(CC4NNN(C5=CC=C(C#N)C=C5)C4)C6=CC(C(F)(F)F)=CC=C6S3,"14m, R1=CF3,R2=4-CN 苯甲基，R3=F",S.aureus,6.25
O=C(C1=CC=C(C)C=C1)N/N=C/C2=CC3=C(C=C2)N(CC4NNN(C5=CC=C(C#N)C=C5)C4)C6=CC(C(F)(F)F)=CC=C6S3,"14n, R1=CF3,R2=4-CN 苯甲基，R3=CH3",S.aureus,25
O=C(NCC[NH3+])C(N=N1)=CN1C2=CC(C(C)(C)C)=CC(C(C)(C)C)=C2,,S.aureus,16
O=C(NCC[NH3+])C(N=N1)=CN1C2=CC=C(OCCCCCCC)C=C2,,S.aureus,4
O=C(NCCNC(N)=[NH2+])C1=CN(C2=CC(C(C)(C)C)=CC(C(C)(C)C)=C2)N=N1,,S.aureus,8
O=C(NCCNC(N)=[NH2+])C1=CN(C2=CC=C(OCCCCCCC)C=C2)N=N1,,S.aureus,4
O=C(NCCNC(N)=[NH2+])C1=CN(C(C=C2)=CC=C2OCC3=CC(C(C)(C)C)=CC(C(C)(C)C)=C3)N=N1,,S.aureus,8
C/C(C1=CN(CC2=CC(C(C)(C)C)=CC(C(C)(C)C)=C2)N=N1)=N\NC(N)=[NH2+],,S.aureus,4
C/C(C1=CN(C2=CC(C(C)(C)C)=CC(C(C)(C)C)=C2)N=N1)=N\NC(N)=[NH2+],,S.aureus,4
FC(C=C(N1N=NC(COC2=CC=CC=C2)=C1)C=C3)=C3N4CCOCC4,,S.aureus,25
FC(C=C(N1N=NC(COC2=CC=CC(Cl)=C2)=C1)C=C3)=C3N4CCOCC4,,S.aureus,25
FC(C=C(N1N=NC(COC2=CC(Cl)=CC(Cl)=C2)=C1)C=C3)=C3N4CCOCC4,,S.aureus,6.25
FC(C=C(N1N=NC(COC2=CC=C(Br)C=C2)=C1)C=C3)=C3N4CCOCC4,,S.aureus,25
FC(C=C(N1N=NC(COC2=CC=CC=C2F)=C1)C=C3)=C3N4CCOCC4,,S.aureus,12.5
FC(C=C(N1N=NC(COC2=CC=C(F)C=C2)=C1)C=C3)=C3N4CCOCC4,,S.aureus,3.12
FC(C=C(N1N=NC(COC2=CC=CC(C(F)(F)F)=C2)=C1)C=C3)=C3N4CCOCC4,,S.aureus,12.5
FC(C=C(N1N=NC(COC2=CC=CC([N+]([O-])=O)=C2)=C1)C=C3)=C3N4CCOCC4,,S.aureus,50
FC(C=C(N1N=NC(COC2=CC=CC3=C2C=CC=C3)=C1)C=C4)=C4N5CCOCC5,,S.aureus,50
FC(C=C(N1N=NC(CN2C(CSC3=C2C=CC=C3)=O)=C1)C=C4)=C4N5CCOCC5,,S.aureus,6.25
FC(C=C(N1N=NC(CN2CCS(C3=C2C=CC=C3)(=O)=O)=C1)C=C4)=C4N5CCOCC5,,S.aureus,1.56
FC(C=C(N1N=NC(CN2C(C=CC=C3)=C3SC4=C2C=CC=C4)=C1)C=C5)=C5N6CCOCC6,,S.aureus,12.5
FC(C=C(N1N=NC(CSC2=NC(C=CC=C3)=C3S2)=C1)C=C4)=C4N5CCOCC5,,S.aureus,50
FC(C=C(N1N=NC(COC(C2=CC(C=CC=C3)=C3N2)=O)=C1)C=C4)=C4N5CCOCC5,,S.aureus,25
FC(C=C(N1N=NC(COC2=CC=CC3=C2N=CC=C3)=C1)C=C4)=C4N5CCOCC5,,S.aureus,50
FC(C=C(N1N=NC(CN2C(COC3=C2C=CC(Br)=C3)=O)=C1)C=C4)=C4N5CCOCC5,,S.aureus,25
FC(C=C(N1N=NC(COC2=CC=C(C(C)=CC(O3)=O)C3=C2)=C1)C=C4)=C4N5CCOCC5,,S.aureus,25
FC(C=C(N1N=NC(COC2=CC(OC3=C2C=CC=C3)=O)=C1)C=C4)=C4N5CCOCC5,,S.aureus,50
FC(C=C(N1N=NC(CSC2=NC(C=CC=C3)=C3O2)=C1)C=C4)=C4N5CCOCC5,,S.aureus,25
O=C1C=C(OCC2=CN(C3=CC=CC=C3OC)N=N2)C4=C(O1)C=CC=C4,,S.aureus,200
O=C1C=C(OCC2=CN(C3=CC=C(F)C=C3)N=N2)C4=C(O1)C=CC=C4,,S.aureus,1600
O=C1C=C(NCC2=CN(C3=CC=CC([N+]([O-])=O)=C3)N=N2)C4=C(O1)C=CC=C4,,S.aureus,100
O=C(N1CCN(C2=CC=CC=C2)CC1)CN3N=NC(COC4=CC=CC=C4)=C3,7a R=H，R1=H,S.aureus,49.99
CC1=CC=C(OCC2=CN(CC(N3CCN(C4=CC=CC=C4)CC3)=O)N=N2)C=C1,7b R=CH3  R1=H,S.aureus,50.13
CCC1=CC=C(OCC2=CN(CC(N3CCN(C4=CC=CC=C4)CC3)=O)N=N2)C=C1,7c R=C2H5 R1=H,S.aureus,49.99
O=C(N1CCN(C2=CC=CC=C2)CC1)CN3N=NC(COC4=CC=C(C5=CC=CC=C5)C=C4)=C3,7d R=C6H5 R1=H,S.aureus,24.99
O=C(N1CCN(C2=CC=CC=C2)CC1)CN3N=NC(COC4=C5C=CC=CC5=CC=C4)=C3,7e R1=H,S.aureus,24.99
FC1=CC=C(OCC2=CN(CC(N3CCN(C4=CC=CC=C4)CC3)=O)N=N2)C=C1,7f R=F R1=H,S.aureus,49.99
ClC1=CC=C(OCC2=CN(CC(N3CCN(C4=CC=CC=C4)CC3)=O)N=N2)C=C1,7g R=Cl R1=H,S.aureus,49.99
BrC1=CC=C(OCC2=CN(CC(N3CCN(C4=CC=CC=C4)CC3)=O)N=N2)C=C1,7h R=Br R1=H,S.aureus,49.99
CC1=CC=C(N2CCN(C(CN3N=NC(COC4=CC=CC=C4)=C3)=O)CC2)C=C1,7i R=H R1=CH3,S.aureus,50.13
CC1=CC=C(OCC2=CN(CC(N3CCN(C4=CC=C(C)C=C4)CC3)=O)N=N2)C=C1,7j R=CH3  R1=CH3,S.aureus,49.99
CC1=CC=C(N2CCN(C(CN3N=NC(COC4=CC=C(CC)C=C4)=C3)=O)CC2)C=C1,7k R=C2H5 R1=CH3,S.aureus,48.87
CC1=CC=C(N2CCN(C(CN3N=NC(COC4=CC=C(C5=CC=CC=C5)C=C4)=C3)=O)CC2)C=C1,7l R=C6H5 R1=CH3,S.aureus,48.43
CC1=CC=C(C=C1)N2CCN(CC2)C(CN3N=NC(COC4=C5C=CC=CC5=CC=C4)=C3)=O,7m R1-CH3,S.aureus,48.04
CC1=CC=C(N2CCN(C(CN3N=NC(COC4=CC=C(F)C=C4)=C3)=O)CC2)C=C1,7n R=F R1=CH3,S.aureus,24.85
CC1=CC=C(N2CCN(C(CN3N=NC(COC4=CC=C(Cl)C=C4)=C3)=O)CC2)C=C1,7o R=Cl R1=CH3,S.aureus,48.98
CC1=CC=C(N2CCN(C(CN3N=NC(COC4=CC=C(Br)C=C4)=C3)=O)CC2)C=C1,7p R=Br R1=CH3,S.aureus,22.3
O=[N+](C1=CC=C(N2CCN(C(CN3N=NC(COC4=CC=CC=C4)=C3)=O)CC2)C=C1)[O-],7q R=H R1=NO2,S.aureus,49.53
CC1=CC=C(OCC2=CN(CC(N3CCN(C4=CC=C([N+]([O-])=O)C=C4)CC3)=O)N=N2)C=C1,7r R=CH3 R1=NO2,S.aureus,23.59
O=[N+](C1=CC=C(N2CCN(C(CN3N=NC(COC4=CC=C(CC)C=C4)=C3)=O)CC2)C=C1)[O-],7s R=C2H5 R1=NO2,S.aureus,45.86
O=[N+](C1=CC=C(N2CCN(C(CN3N=NC(COC4=CC=C(C5=CC=CC=C5)C=C4)=C3)=O)CC2)C=C1)[O-],7t R=C6H5 R1=NO2,S.aureus,40.53
O=[N+](C1=CC=C(N2CCN(C(CN3N=NC(COC4=C5C=CC=CC5=CC=C4)=C3)=O)CC2)C=C1)[O-],7u R1=NO2,S.aureus,43.36
O=[N+](C1=CC=C(N2CCN(C(CN3N=NC(COC4=CC=C(F)C=C4)=C3)=O)CC2)C=C1)[O-],7v R=F R1=NO2,S.aureus,23.38
O=[N+](C1=CC=C(N2CCN(C(CN3N=NC(COC4=CC=C(Cl)C=C4)=C3)=O)CC2)C=C1)[O-],7w R=Cl R1=NO2,S.aureus,45.12
O=[N+](C1=CC=C(N2CCN(C(CN3N=NC(COC4=CC=C(Br)C=C4)=C3)=O)CC2)C=C1)[O-],7x R=Br R1=NO2,S.aureus,20.62
O=C1SC2=CC(Br)=CC=C2N1CC3=CN(C4=CC=CC=C4C)N=N3,,S.aureus,200
O=C1SC2=CC(Br)=CC=C2N1CC3=CN(C4=CC(C)=CC(C)=C4)N=N3,,S.aureus,100
O=C1SC2=CC(Br)=CC=C2N1CC3=CN(C4=CC=CC(Cl)=C4)N=N3,,S.aureus,25
O=C1SC2=CC(Br)=CC=C2N1CC3=CN(C4=CC(Cl)=CC(Cl)=C4)N=N3,,S.aureus,25
O=C1SC2=CC(Br)=CC=C2N1CC3=CN(C4=CC=C(OC)C=C4)N=N3,,S.aureus,200
O=C1SC2=CC(Br)=CC=C2N1CC3=CN(C4=CC(C(F)(F)F)=CC=C4)N=N3,,S.aureus,100
O=C1SC2=CC(Br)=CC=C2N1CC3=CN(C4=CC=C(CCCC)C=C4)N=N3,,S.aureus,100
O=C1SC2=CC(Br)=CC=C2N1CC3=CN(C4=CC=CC([N+]([O-])=O)=C4)N=N3,,S.aureus,100
O=C1SC2=CC(Br)=CC=C2N1CC3=CN(C4=CC(OC)=C(Cl)C(OC)=C4)N=N3,,S.aureus,200
O=C1SC2=CC(Br)=CC=C2N1CC3=CN(C4=CC=C(Br)C=C4)N=N3,,S.aureus,50
O=C1C(/N=N/C2=CC=C(C=C2)OCC3=CN(N=N3)C4=CC=C(C=C4)OC)=C(C(C)=CO1)O,4a 4 - MeOC₆H₄,S.aureus,32
O=C1C(/N=N/C2=CC=C(C=C2)OCC3=CN(N=N3)C4=CC=CC=C4)=C(C(C)=CO1)O,4b C₆H₅,S.aureus,32
O=C1C(/N=N/C2=CC=C(C=C2)OCC3=CN(N=N3)C4=CC(OC)=CC=C4)=C(C(C)=CO1)O,4c 3 - MeOC₆H₄,S.aureus,32
O=C1C(N=NC2=CC=C(OCC3=CN(C4=CC=C(F)C=C4)N=N3)C=C2)=C(O)C(C)=CO1,4d 4 - FC₆H₄,S.aureus,256
O=C1C(/N=N/C2=CC=C(OCC3=CN(C4=C5C=CC=CC5=CC=C4)N=N3)C=C2)=C(O)C(C)=CO1,4e Naphthyl,S.aureus,128
O=C1C(/N=N/C2=CC=C(OCC3=CN(C4=CC=C(Br)C=C4)N=N3)C=C2)=C(O)C(C)=CO1,4f 4 - BrC₆H₄,S.aureus,128
OC1=C(/N=N/C2=CC=C(OCC3=CN(C4=CC=C(OC)C=C4)N=N3)C=C2)C=C(OCO5)C5=C1,6a 4 - MeOC₆H₄,S.aureus,32
OC1=C(/N=N/C2=CC=C(OCC3=CN(C4=CC=CC=C4)N=N3)C=C2)C=C(OCO5)C5=C1,6b C₆H₅,S.aureus,64
OC1=C(C=C2OCOC2=C1)/N=N/C3=CC=C(C=C3)OCC4=CN(N=N4)C5=CC=C(C=C5)OC,6c 4 - MeOC₆H₄,S.aureus,128
OC1=C(/N=N/C2=CC=C(OCC3=CN(C4=CC=C(F)C=C4)N=N3)C=C2)C=C(OCO5)C5=C1,6d 4 - FC₆H₄,S.aureus,256
OC1=C(/N=N/C2=CC=C(OCC3=CN(C4=C5C=CC=CC5=CC=C4)N=N3)C=C2)C=C(OCO6)C6=C1,6e Naphthyl,S.aureus,256
OC1=C(/N=N/C2=CC=C(OCC3=CN(C4=CC=C([N+]([O-])=O)C=C4)N=N3)C=C2)C=C(OCO5)C5=C1,6f 4 - NO₂C₆H₄,S.aureus,256
OC1=C(/N=N/C2=CC=C(OCC3=CN(C4=CC(Cl)=C(F)C=C4)N=N3)C=C2)C=C(OCO5)C5=C1,6g 4 - F - 3 - ClC₆H₃,S.aureus,256
OC1=C(/N=N/C2=CC=C(OCC3=CN(C4=CC=C(Br)C=C4)N=N3)C=C2)C=C(OCO5)C5=C1,6h 4 - BrC₆H₄,S.aureus,256
OC1=C(C=C2OCOC2=C1)/N=N/C3=CC=C(C=C3)OCC4=CN(N=N4)C5=CC(OC)=CC=C5,6i 3 - MeOC₆H₄,S.aureus,128
CC(N(N=N1)C2=C(C(C(F)(F)F)=CC(Cl)=C2Cl)C)=C1C3=NN(C4=CC=CC=C4)C=C3C([H])=O,"5a = R1 = R2 = Cl, Ar = Phenyl",S.aureus,23
[H]C(C1=CN(N=C1C2=C(N(N=N2)C3=C(C(C(F)(F)F)=CC(Cl)=C3Cl)C)C)C4=CC=C(C=C4)Cl)=O,"5b = R1 = R2 = Cl, Ar = 4 - Cl - phenyl",S.aureus,25
[H]C(C1=CN(N=C1C2=C(N(N=N2)C3=C(C(C(F)(F)F)=CC(Cl)=C3Cl)C)C)C4=C(C=C(C=C4)[N+]([O-])=O)[N+]([O-])=O)=O,"5c = R1 = R2 = Cl, Ar = 2,4 - Dinitro phenyl",S.aureus,12
[H]C(C1=CN(N=C1C2=C(N(N=N2)C3=C(C(C(F)(F)F)=CC(Cl)=C3Cl)C)C)C4=C(C=C(C=C4Cl)Cl)Cl)=O,"5d = R1 = R2 = Cl, Ar = 2,4,6 - Trichloro phenyl",S.aureus,10
ClC1=C(C=C(C(C)=C1N2N=NC(C3=NN(C4=NN=CC5=C4C=CC=C5)C=C3C([H])=O)=C2C)C(F)(F)F)Cl,"5e = R1 = R2 = Cl, Ar = Phthalazinyl",S.aureus,11
[H]C(C1=CN(N=C1C2=C(N(N=N2)C3=C(C(C(F)(F)F)=CC(Cl)=C3Cl)C)C)N4CC=CC5=CC=CC(C(F)(F)F)=C54)=O,"5f = R1 = R2 = Cl, Ar = 8 - CF₃ - quiny",S.aureus,26
[H]C(C1=CN(N=C1C2=C(N(N=N2)C3=C(C(C(F)(F)F)=CC(Cl)=C3Cl)C)C)C4=CC=C(C=C4)[N+]([O-])=O)=O,"5g = R1 = R2 = Cl, Ar = 4 - Nitro phenyl",S.aureus,25
[H]C1=C(C(N2N=NC(C3=NN(C=C3C([H])=O)C4=CC=CC=C4)=C2C)=C(C(C(F)(F)F)=C1)C)[H],"5h = R1 = R2 = H, Ar = Phenyl",S.aureus,15
[H]C1=C(C(N2N=NC(C3=NN(C=C3C([H])=O)C4=C(C=C(C=C4)[N+]([O-])=O)[N+]([O-])=O)=C2C)=C(C(C(F)(F)F)=C1)C)[H],"5j = R1 = R2 = H, Ar = 2,4 - Dinitro phenyl",S.aureus,28
[H]C1=C(C(N2N=NC(C3=NN(C4=NN=CC5=C4C=CC=C5)C=C3C([H])=O)=C2C)=C(C(C(F)(F)F)=C1)C)[H],"5l = R1 = R2 = H, Ar = Phthalazinyl",S.aureus,14
[H]C1=C(C(N2N=NC(C3=NN(C=C3C([H])=O)N4CC=CC5=CC=CC(C(F)(F)F)=C54)=C2C)=C(C(C(F)(F)F)=C1)C)[H],"5m = R1 = R2 = H, Ar = 8 - CF₃ - quiny",S.aureus,12
[H]C1=C(C(N2N=NC(C3=NN(C=C3C([H])=O)C4=CC=C(C=C4)[N+]([O-])=O)=C2C)=C(C(C(F)(F)F)=C1)C)[H],"5n = R1 = R2 = H, Ar = 4 - Nitro phenyl",S.aureus,26
COC1=CC(O)=C(C(OC)=C1)C(/C=C/C2=CC=C(C(OC)=C2)OCC3=CN(N=N3)C4=CC=C(C=C4Cl)F)=O,,S.aureus,6.25
COC1=CC(OC)=C(C(=O)/C=C/C2=CC=C(OCC3=CN(C4=CC=C(F)C(Cl)=C4)N=N3)C(OC)=C2)C(O)=C1,,S.aureus,100
COC1=CC(OC)=C(C(=O)/C=C/C2=CC=C(OCC3=CN(C4=CC=C(F)C=C4F)N=N3)C(OC)=C2)C(O)=C1,,S.aureus,12.5
COC1=CC(O)=C(C(OC)=C1)C(/C=C/C2=CC=C(C(OC)=C2)OCC3=CN(N=N3)C4=CC=CC=C4Cl)=O,,S.aureus,12.5
COC1=CC(O)=C(C(OC)=C1)C(/C=C/C2=CC=C(C(OC)=C2)OCC3=CN(N=N3)C4=CC=C(C=C4)Cl)=O,,S.aureus,100
COC1=CC(O)=C(C(OC)=C1)C(/C=C/C2=CC=C(C(OCC3=CN(N=N3)C4=CC=C(C=C4Cl)F)=C2)OC)=O,,S.aureus,100
COC1=CC(O)=C(C(OC)=C1)C(/C=C/C2=CC=C(C(OCC3=CN(N=N3)C4=CC=C(C(Cl)=C4)F)=C2)OC)=O,,S.aureus,100
COC1=CC(OC)=C(C(=O)/C=C/C2=CC=C(OC)C(OCC3=CN(C4=CC=C(F)C=C4F)N=N3)=C2)C(O)=C1,,S.aureus,100
COC1=CC(OC)=C(C(O)=C1)C(/C=C/C2=CC=C(C(OCC3=CN(N=N3)C4=CC=CC=C4Cl)=C2)OC)=O,,S.aureus,25
COC1=CC(OC)=C(C(=O)/C=C/C2=CC=C(OC)C(OCC3=CN(C4=CC=C(Cl)C=C4)N=N3)=C2)C(O)=C1,,S.aureus,100
COC1=CC(OC)=C2C(=O)C=C(C3=CC=C(OCC4=CN(C5=CC=C(F)C=C5Cl)N=N4)C(OC)=C3)OC2=C1,,S.aureus,50
COC1=CC(OC)=C2C(=O)C=C(C3=CC=C(OCC4=CN(C5=CC=C(F)C(Cl)=C5)N=N4)C(OC)=C3)OC2=C1,,S.aureus,100
COC1=CC(OC)=C2C(=O)C=C(C3=CC=C(OCC4=CN(C5=CC=C(F)C=C5F)N=N4)C(OC)=C3)OC2=C1,,S.aureus,100
COC1=CC(OC)=C2C(C=C(OC2=C1)C3=CC=C(C(OC)=C3)OCC4=CN(N=N4)C5=CC=CC=C5Cl)=O,,S.aureus,50
COC1=CC(OC)=C2C(C=C(OC2=C1)C3=CC=C(C(OC)=C3)OCC4=CN(N=N4)C5=CC=C(C=C5)Cl)=O,,S.aureus,100
O=C(N(C1=C2C=CC=C1)CC3=CN(N=N3)C4=CC=CC=C4)OC2=O,"4a, C₆H₅",B.subtilis,163.2
O=C(N(C1=C2C=CC=C1)CC3=CN(N=N3)C4=CC=C(C)C=C4)OC2=O,"4b, 4-MeC₆H₄",B.subtilis,156.98
O=C(OC1=O)N(CC2=CN(C3=CC=C(C=C3)OC)N=N2)C4=C1C=CC=C4,"4c, 4-OMeC₆H₄",B.subtilis,301
O=C(OC1=O)N(CC2=CN(C3=C(Cl)C=CC=C3)N=N2)C4=C1C=CC=C4,"4d, 2-CIC₆H₄",B.subtilis,307.02
O=C(N(C1=C2C=CC=C1)CC3=CN(N=N3)C4=CC(Cl)=CC=C4)OC2=O,"4e, 3-CIC₆H₄",B.subtilis,299.46
O=C(N(C1=C2C=CC=C1)CC3=CN(N=N3)C4=CC(Cl)=C(Cl)C=C4Cl)OC2=O,"4f, 2,4,5-Cl₃C₆H₄",B.subtilis,249.11
O=C(OC1=O)N(CC2=CN(C3=CC=C(C(Cl)=C3)Cl)N=N2)C4=C1C=CC=C4,"4g, 3,4-Cl₂C₆H₄",B.subtilis,279.03
O=C(N(C1=C2C=CC=C1)CC3=CN(N=N3)C4=CC=CC([N+]([O-])=O)=C4)OC2=O,"4h, 3-NO₂C₆H₄",B.subtilis,292
O=C(OC1=O)N(CC2=CN(C3=CC=C([N+]([O-])=O)C=C3)N=N2)C4=C1C=CC=C4,"4i, 4-NO₂C₆H₄",B.subtilis,73
O=C(NC1=O)C2=C(C=CC=C2)N1CC3=CN=NN3C4=CC=CC=C4,"5a, C₆Hs",B.subtilis,329.6
O=C(N(C1=C2C=CC=C1)CC3=CN=NN3C4=CC=C(C)C=C4)NC2=O,"5b, 4-MeC₆H₄",B.subtilis,313.96
O=C(NC1=O)N(CC2=CN(C3=CC=C(C=C3)OC)N=N2)C4=C1C=CC=C4,"5c, 4-OMeC₆H₄",B.subtilis,301
O=C(N(C1=C2C=CC=C1)CC3=CN(N=N3)C4=C(C=CC=C4)Cl)NC2=O,"5d, 2-CIC₆H₄",B.subtilis,299.46
O=C(N(C1=C2C=CC=C1)CC3=CN(N=N3)C4=CC(Cl)=CC=C4)NC2=O,"5e, 3-CIC₆H₄",B.subtilis,299.46
O=C(N(C1=C2C=CC=C1)CC3=CN(N=N3)C4=CC(Cl)=C(Cl)C=C4Cl)NC2=O,"5f, 2,4,5-Cl₃C₆H₄",B.subtilis,249.11
O=C(N(C1=C2C=CC=C1)CC3=CN(N=N3)C4=CC=C(Cl)C=C4)NC2=O,"5j, 4-CIC₆H₄",B.subtilis,362.46
CCOC1=CC=C2N3C(SC2=C1)=NC(C4=CC=CC=C4)=C3CO(C5=CN(CC6=CC=CC(F)=C6)N=N5)C,5n，R1=-OEt，R2=H，R3=F，R4=H,B.subtilis,128
ClC1=NC2=CC=C(OC)C=C2C=C1COCC3=CN(CC(C4=CC=C(F)C=C4)=O)N=N3,,B.subtilis,6.25
ClC1=NC2=CC=C(OC)C=C2C=C1C(NCC3=CN(CC(C4=CC=C(OC)C=C4)=O)N=N3)=O,,B.subtilis,1.6
ClC1=NC2=CC=C(OC)C=C2C=C1C(NCC3=CN(CC(C4=CC=C(F)C=C4)=O)N=N3)=O,,B.subtilis,1.6
ClC1=NC2=CC=C(OC)C=C2C=C1C(NCC3=CN(CC(C4=CC=C([N+]([O-])=O)C=C4)=O)N=N3)=O,,B.subtilis,6.25
ClC1=NC2=CC=C(OC)C=C2C=C1C(NCC3=CN(CC(C4=CC=CC=C4)=O)N=N3)=O,,B.subtilis,6.25
ClC1=NC2=CC=C(OC)C=C2C=C1C(NCC3=CN(C4=CC=C(OC)C=C4)N=N3)=O,,B.subtilis,1.6
ClC1=NC2=CC=C(OC)C=C2C=C1C(NCC3=CN(C4=CC=CC=C4)N=N3)=O,,B.subtilis,1.6
ClC1=NC2=CC=C(OC)C=C2C=C1C(NCC3=CN(C4=CC=C(C#N)C=C4)N=N3)=O,,B.subtilis,1.6
C1(C2=CN(CC3=CN(C4=CC=CC=C4)N=N3)C5=C2C=CC=C5)=NC6=CC=CC=C6N1,4a Ar=phenyl（苯基）,B.subtilis,25
ClC1=CC=CC=C1N2N=NC(CN3C=C(C4=NC5=CC=CC=C5N4)C6=C3C=CC=C6)=C2,4b Ar=2 - chlorophenyl（2 - 氯苯基）,B.subtilis,3.125
ClC1=CC=C(N2N=NC(CN3C=C(C4=NC5=CC=CC=C5N4)C6=C3C=CC=C6)=C2)C=C1,4c Ar=4 - chlorophenyl（4 - 氯苯基）,B.subtilis,6.25
CC1=CC(N2N=NC(CN3C=C(C4=NC5=CC=CC=C5N4)C6=C3C=CC=C6)=C2)=CC=C1,4d Ar=3 - methylphenyl（3 - 甲基苯基）,B.subtilis,50
CC1=CC=C(N2N=NC(CN3C=C(C4=NC5=CC=CC=C5N4)C6=C3C=CC=C6)=C2)C=C1,4e Ar=4 - methylphenyl（4 - 甲基苯基）,B.subtilis,25
COC1=CC=CC=C1N2N=NC(CN3C=C(C4=NC5=CC=CC=C5N4)C6=C3C=CC=C6)=C2,4f Ar=2 - methoxyphenyl（2 - 甲氧基苯基）,B.subtilis,50
COC1=CC=C(N2N=NC(CN3C=C(C4=NC5=CC=CC=C5N4)C6=C3C=CC=C6)=C2)C=C1,4g Ar=4 - methoxyphenyl（4 - 甲氧基苯基）,B.subtilis,12.5
O=[N+](C1=CC=CC=C1N2N=NC(CN3C=C(C4=NC5=CC=CC=C5N4)C6=C3C=CC=C6)=C2)[O-],4h Ar=2 - nitrophenyl（2 - 硝基苯基）,B.subtilis,3.125
FC(C1=CC(N2N=NC(CN3C=C(C4=NC5=CC=CC=C5N4)C6=C3C=CC=C6)=C2)=CC=C1)(F)F,4i Ar=3 - (trifluoromethyl) phenyl（3 - 三氟甲基苯基）,B.subtilis,50
C1(C2=CN(CC3=CN(CC4=CC=CC=C4)N=N3)C5=C2C=CC=C5)=NC6=CC=CC=C6N1,4j Ar=benzyl（苄基）,B.subtilis,12.5
CN1CCN(N(C(=S)SCC2=CN(CCCN3C(=O)C4=CC=CC5=CC=CC(=C54)C3=O)N=N2)N2CCN(C)CC2)CC1,5d：NR1R2 = 4-methylpiperazin-1-yl,B.subtilis,319.618
CN(C)CCN1C(=O)C2=CC=CC3=C(N4C=C(CSC(=S)N(N5CCCC5)N5CCCC5)N=N4)C=CC(=C23)C1=O,7a：NR1R2 = pyrrolidinyl,B.subtilis,15.9562
CN(C)CCN1C(=O)C2=CC=CC3=C(N4C=C(CSC(=S)N(C5CCCCC5)N5CCCCC5)N=N4)C=CC(=C23)C1=O,7b：NR1R2 = piperidinyl,B.subtilis,31.9532
CN(C)CCN1C(=O)C2=CC=C(N3C=C(CSC(=S)N(C4CCOCC4)N4CCOCC4)N=N3)C3=CC=CC(=C23)C1=O,7c：NR1R2 = morpholinyl,B.subtilis,8.007
CN(C)CCN1C(=O)C2=CC=CC3=C(N4C=C(CSC(=S)N(C5CCN(C)CC5)N5CCN(C)CC5)N=N4)C=CC(=C23)C1=O,7d：NR1R2 = 4-methylpiperazin-1-yl,B.subtilis,3.9824
CN(C)CCN1C(=O)C2=CC=C(N3C=C(CSC(=S)N(C4CCN(C5=CC=CC=C5)CC4)N4CCN(C5=CC=CC=C5)CC4)N=N3)C3=CC=CC(=C23)C1=O,7e：NR1R2 = 4-phenylpiperazin-1-yl,B.subtilis,63.874
S=C1NN=C(C2=CC=CS2)N1C3=CC=C(F)C=C3,5a X=H，Y=4-F，R=None,B.subtilis,1
S=C1NN=C(C2=CC=C(Br)S2)N1C3=CC=C(Br)C=C3,5e X=Br，Y=4-Br，R=None,B.subtilis,3.5
S=C1N(CN2CCOCC2)N=C(C3=CC=CS3)N1C4=CC=C(F)C=C4,6b X=H，Y=O，R=None,B.subtilis,1.2
S=C1N(CN2CCOCC2)N=C(C3=CC=CS3)N1C4=CC=C(F)C=C4Br,6d X=Br，Y=O，R=None,B.subtilis,3.4
S=C1N(CN2CCSCC2)N=C(C3=CC=CS3)N1C4=CC=C(F)C=C4Br,6e X=Br，Y=S，R=None,B.subtilis,3.4
S=C1N(CN2CCN(C)CC2)N=C(C3=CC=CS3)N1C4=CC=C(F)C=C4,7a X=H，Y=None，R=CH₃,B.subtilis,4.2
S=C1N(CN2CCN(C3=CC=CC=C3)CC2)N=C(C4=CC=CS4)N1C5=CC=C(F)C=C5Br,7c X=Br，Y=None，R=C₆H₅,B.subtilis,18.5
FC1=CC(Br)=C(N2C(N(CN3CCN(C4=CC=CC=C4OC)CC3)N=C2C5=CC=CS5)=S)C=C1,7d X=Br，Y=None，R=2-CH₃OC₆H₄,B.subtilis,1
S=C1N(CN2CCC(C3=CC=CC=C3)CC2)N=C(C4=CC=CS4)N1C5=CC=C(F)C=C5,8 X=None，Y=None，R=None,B.subtilis,18.2
S=C1N(CN2CC3=C(C=CC=C3)CC2)N=C(C4=CC=CS4)N1C5=CC=C(F)C=C5,9 X=None，Y=None，R=None,B.subtilis,8.2
S=C1N(CN(C)C2=CC=CC=C2)N=C(C3=CC=CS3)N1C4=CC=C(F)C=C4,10a X=None，Y=None，R=CH₃,B.subtilis,12.4
S=C1NN=C(C2CC2)N1C1=CC=C(Cl)C=C1,,B.subtilis,62.5
S=C1NN=C(C2CCCCC2)N1C1=CC=C(Cl)C=C1,,B.subtilis,125
S=C1N(CN2CCCC2)N=C(C3CC3)N1C4=CC=C(Cl)C=C4,,B.subtilis,250
S=C1N(CN2CCCCC2)N=C(C3CC3)N1C4=CC=C(Cl)C=C4,,B.subtilis,250
S=C1N(CN2CCN(C3=CC=CC=C3)CC2)N=C(C4CC4)N1C5=CC=C(Cl)C=C5,,B.subtilis,500
S=C1N(CN2CCCC2)N=C(C3CCCC3)N1C4=CC=C(Cl)C=C4Cl,,B.subtilis,500
S=C1N(CN2CCCCC2)N=C(C3CCCC3)N1C4=CC=C(Cl)C=C4Cl,,B.subtilis,500
S=C1N(CN2CCN(CCO)CC2)N=C(C3CCCC3)N1C4=CC=C(Cl)C=C4Cl,,B.subtilis,1000
S=C1N(CN2CCN(C3=CC=CC=C3)CC2)N=C(C4CCCC4)N1C5=CC=C(Cl)C=C5Cl,,B.subtilis,500
S=C1N(CN2CCNCC2)N=C(C3CCCCC3)N1C4=CC=C(Cl)C=C4,,B.subtilis,125
S=C1N(CN2CCCC2)N=C(C2=CC=CN=C2)N1C1=CC=CC=C1,,B.subtilis,500
S=C1N(CN2CCCCC2)N=C(C3=CC=CN=C3)N1C4=CC=CC=C4,,B.subtilis,500
S=C1N(CN2CCN(C3=CC=CC=C3)CC2)N=C(C4=CC=CN=C4)N1C5=CC=CC=C5,,B.subtilis,500
O=C(OC)C1=CC(C2=C1C=CC=C2)CCCC(N3/N=C/C4=CC=CC(O)=C4)=NN=C3C5=CC=CC6=CC=CC=C65,8a 3-HO-C6H4,B.subtilis,128
O=C(OC)C1=CC(C2=C1C=CC=C2)CCCC(N3/N=C/C4=CC=C(Br)C=C4)=NN=C3C5=CC=CC6=CC=CC=C65,8b 4-Br-C6H4,B.subtilis,16
O=C(C1=CC(CCCC2=NN=C(C3=CC=CC4=CC=CC=C43)N2/N=C/C5=CC=C(C=C5)[N+]([O-])=O)C6=C1C=CC=C6)OC,8c 4-NO2-C6H4,B.subtilis,8
O=C(C1=CC(CCCC2=NN=C(C3=CC=CC4=CC=CC=C43)N2/N=C/C5=CC=C(C=C5)O)C6=C1C=CC=C6)OC,8d 4-HO-C6H4,B.subtilis,128
O=C(OC)C1=CC(C2=C1C=CC=C2)CCCC(N3/N=C/C4=CC=C(F)C=C4)=NN=C3C5=CC=CC6=CC=CC=C65,8e 4-F-C6H4,B.subtilis,8
O=C(OC)C1=CC(C2=C1C=CC=C2)CCCC(N3/N=C/C4=CC=CC=C4Cl)=NN=C3C5=CC=CC6=CC=CC=C65,8f 2-Cl-C6H4,B.subtilis,8
O=C(OC)C1=CC(C2=C1C=CC=C2)CCCC(N3/N=C/C4=CC=CO4)=NN=C3C5=CC=CC6=CC=CC=C65,8g 2-furyl,B.subtilis,128
O=C(OC)C1=CC(C2=C1C=CC=C2)CCCC(N3/N=C/C4=CC=C(Cl)C=C4)=NN=C3C5=CC=CC6=CC=CC=C65,8h 4-Cl-C6H4,B.subtilis,8
O=C(C1=CC(CCCC2=NN=C(C3=CC=CC4=CC=CC=C43)N2/N=C/C5=CC=C(C=C5)OC)C6=C1C=CC=C6)OC,8i 4-CH3O-C6H4,B.subtilis,128
O=C(OC)C1=CC(C2=C1C=CC=C2)CCCC(N3/N=C/C4=CC=CC=C4O)=NN=C3C5=CC=CC6=CC=CC=C65,8j 2-HO-C6H4,B.subtilis,128
O=C(OC)C1=CC(C2=C1C=CC=C2)CCCC(N3/N=C/C4=CC=CC(F)=C4)=NN=C3C5=CC=CC6=CC=CC=C65,8k 3-F-C6H4,B.subtilis,8
O=C(OC)C1=CC(C2=C1C=CC=C2)CCCC(N3/N=C/C4=CC=CC=C4)=NN=C3C5=CC=CC6=CC=CC=C65,8l pheny,B.subtilis,128
CCN1C(SCC2=CC(=O)OC3=C(C)C=C(C)C=C23)=NN=C1C1=CC=CS1,,B.subtilis,2.5
O=[N+]([O-])C1=CC=C(CN2C=C(N=N2)COC3=CC4=C(C(C)=C3)C=CC(O4)=O)C=C1[H],"4a,R1 = H,R2 = NO2",B.subtilis,4
[H]C1=CC=C(C=C1[N+]([O-])=O)CN2C=C(N=N2)COC3=CC4=C(C(C)=C3)C=CC(O4)=O,"4b,R1 = NO2,R2= H",B.subtilis,16
ClC1=CC=C(CN2C=C(N=N2)COC3=CC4=C(C(C)=C3)C=CC(O4)=O)C=C1[H],"4c,R1= H,R2= Cl",B.subtilis,32
[H]C1=CC=C(CN2C=C(N=N2)COC3=CC4=C(C(C)=C3)C=CC(O4)=O)C=C1Cl,"4d,R1 = Cl,R2 = H",B.subtilis,16
BrC1=CC=C(CN2C=C(N=N2)COC3=CC4=C(C(C)=C3)C=CC(O4)=O)C=C1[H],"4e,R1 = H,R2= Br",B.subtilis,16
[H]C1=CC=C(C=C1[H])CN2C=C(N=N2)COC3=CC4=C(C(C)=C3)C=CC(O4)=O,"4f,R1= H,R2= H",B.subtilis,4
[H]C1=CC(CN2C=C(N=N2)COC(C(C=CC=C3)=C3O4)=CC4=O)=CC=C1[N+]([O-])=O,"4g,R1= H,R2= NO2",B.subtilis,4
O=C1OC2=C(C=CC=C2)C(OCC(N=N3)=CN3CC4=CC=C([H])C([N+]([O-])=O)=C4)=C1,"4h,R1= NO2,R2= H",B.subtilis,4
O=C1OC2=C(C=CC=C2)C(OCC(N=N3)=CN3CC4=CC=C(Cl)C([H])=C4)=C1,"4i,R1= H,R2= Cl",B.subtilis,4
O=C1OC2=C(C=CC=C2)C(OCC(N=N3)=CN3CC4=CC=C([H])C(Cl)=C4)=C1,"4j,R1 = Cl,R2 = H",B.subtilis,4
O=C1OC2=C(C=CC=C2)C(OCC(N=N3)=CN3CC4=CC=C(Br)C([H])=C4)=C1,"4k,R1= H,R2= Br",B.subtilis,4
CC(C(CC[C@@](C)(CCC[C@H](C)CCC[C@H](C)CCCC(C)C)O1)=C1C(C)=C2C)=C2OCC3=CN(N=N3)C4=CC=CC=C4,,B.subtilis,150
CC(C(CC[C@@](C)(CCC[C@H](C)CCC[C@H](C)CCCC(C)C)O1)=C1C(C)=C2C)=C2OCC3=CN(N=N3)C4=CC=C([N+]([O-])=O)C=C4,,B.subtilis,250
CC(C(CC[C@@](C)(CCC[C@H](C)CCC[C@H](C)CCCC(C)C)O1)=C1C(C)=C2C)=C2OCC3=CN(N=N3)C4=CC=C(OC)C=C4,,B.subtilis,200
CC(C(CC[C@@](C)(CCC[C@H](C)CCC[C@H](C)CCCC(C)C)O1)=C1C(C)=C2C)=C2OCC3=CN(N=N3)C4=CC(O)=CC=C4,,B.subtilis,300
CC(C(CC[C@@](C)(CCC[C@H](C)CCC[C@H](C)CCCC(C)C)O1)=C1C(C)=C2C)=C2OCC3=CN(N=N3)C4=C(C=CC=C5)C5=CC=C4,,B.subtilis,210
CC(C(CC[C@@](C)(CCC[C@H](C)CCC[C@H](C)CCCC(C)C)O1)=C1C(C)=C2C)=C2OCC3=CN(N=N3)C4=CC(SC=N5)=C5C=C4,,B.subtilis,350
CC(C(CC[C@@](C)(CCC[C@H](C)CCC[C@H](C)CCCC(C)C)O1)=C1C(C)=C2C)=C2OCC3=CN(N=N3)C4=CN=C(C=CC=C5)C5=C4,,B.subtilis,370
CC(C(CC[C@@](C)(CCC[C@H](C)CCC[C@H](C)CCCC(C)C)O1)=C1C(C)=C2C)=C2OCC3=CN(C4=NNC=C4)N=N3,,B.subtilis,310
CC1=CC=C(C2=NN=C(SCCSC3=NN=C(C4=CNC5=CC=CC=C54)N3N)O2)C=C1,10d，R1=4-CH3,B.subtilis,128
NN1C(SCCSC2=NN=C(O2)C3=CC=CC(OC)=C3)=NN=C1C4=CNC5=CC=CC=C45,10f，R1=4-OCH3,B.subtilis,32
CCOC1=CC=CC=C1C1=NN=C(SCCSC2=NN=C(C3=CNC4=CC=CC=C43)N2N)O1,10g，R1=2-OCH2CH3,B.subtilis,128
NN1C(SCCSC2=NN=C(C3=CC=C(F)C=C3)O2)=NN=C1C1=CNC2=CC=CC=C21,10h，R1=4-F,B.subtilis,16
NC1=CC=C(C2=NN=C(SCCSC3=NN=C(C4=CNC5=CC=CC=C54)N3N)O2)C=C1,10l，R1=4-NH2,B.subtilis,8
SC1=NN=C(N1/N=C/C2=CC=C(Br)C=C2)C3=NC=CN=C3,H1，R3=Br,B.subtilis,25
SC1=NN=C(N1/N=C/C2=CC=C(C)C=C2)C3=NC=CN=C3,H5，R3=CH3,B.subtilis,25
SC1=NN=C(N1/N=C/C2=CC=C(OC)C(OC)=C2)C3=NC=CN=C3,H10，R2=OCH3，R3=OCH3,B.subtilis,25
SC1=NN=C(N1/N=C/C2=CC(OC)=C(OC)C=C2OC)C3=NC=CN=C3,H11，R1=OCH3，R3=OCH3，R4=OCH3,B.subtilis,3.13
SC1=NN=C(N1/N=C/C2=CC(OC)=C(OC)C(OC)=C2)C3=NC=CN=C3,H12，R2=OCH3，R3=OCH3，R4=OCH3,B.subtilis,6.25
SC1=NN=C(N1/N=C/C2=CC=CC=C2OC)C3=NC=CN=C3,H13，R1=OCH3,B.subtilis,25
SC1=NN=C(N1/N=C/C2=CC=CC=C2O)C3=NC=CN=C3,H16，R1=OH,B.subtilis,25
SC1=NN=C(N1/N=C/C2=CC=C(O)C=C2)C3=NC=CN=C3,H17，R3=OH,B.subtilis,0.78
SC1=NN=C(N1/N=C/C2=CC=CC(O)=C2)C3=NC=CN=C3,H18，R2=OH,B.subtilis,50
SC1=NN=C(N1/N=C/C2=CC=C(O)C(O)=C2)C3=NC=CN=C3,H19，R2=OH，R3=OH,B.subtilis,25
SC1=NN=C(N1/N=C/C=C/C2=CC=CC=C2)C3=NC=CN=C3,,B.subtilis,25
C=C(CNN1C(=O)CSC1C1=CC=C(Br)C=C1)NN1C(C2=CC=NC=C2)=NNC1S,,B.subtilis,25
O=C(CNN1C(=O)CSC1C1=CC=C(F)C=C1)NN1C(C2=CC=NC=C2)=NNC1S,,B.subtilis,6.25
O=C(CNN1C(=O)CS[C@H]1C1=CC=C(F)C=C1)NN1C(C2=CC=C(Cl)C=C2)=NN[C@@H]1S,,B.subtilis,6.25
C[C@@H]1SC(C2=CC=C(Br)C=C2)C(NCC(=O)NN2C(C3=CC=C(Cl)C=C3)=NN[C@@H]2S)C1=O,,B.subtilis,12.5
O=C(CNN1C(=O)CSC1C1=CC=CC=C1Cl)NN1C(C2=CC=NC=C2)=NNC1S,,B.subtilis,12.5
O=C(O)C1=CN(C2CC2)C2=CC(N3CCNCC3)=C(F)C=C2C1=O,,B.subtilis,6.25
O=C(CNN1C(=O)CSC1C1=C(Cl)C=CC=C1)NN1C(C2=CC=C([N+](=O)[O-])C=C2)=NN[C@@H]1S,,B.subtilis,6.25
O=C1C(C(O)=O)=CN(C2=NC(N3C/C(C(C3)CN)=N\OC)=C(C=C12)F)C4CC4,,B.subtilis,25
S[C@@H]1N(NC(CNN2C(SCC2=O)C3=C(Cl)C=CC=C3)=O)C(C4=CC=C(Cl)C=C4)=NN1,,B.subtilis,25
C[C@H]1COC2=C3C(=CC(F)=C2N2CCN(C)CC2)C(=O)C(C(=O)O)=CN31,,B.subtilis,12.5
CC1=NC=C([N+](=O)[O-])N1CCSC1=NN=C(C2=CC=NC=C2)N1C,,B.subtilis,26.5
CC1=NC=C([N+](=O)[O-])N1CCN1N=C(C2=CC=NC=C2)N(C)C1=S,,B.subtilis,34.3
CC1=NC=C([N+](=O)[O-])N1CCSC1=NN=C(C2=CC=CN=C2)N1C1=CC=CC=C1,,B.subtilis,62.4
CC1=NC=C([N+](=O)[O-])N1CCN1N=C(C2=CC=CN=C2)N(C2=CC=CC=C2)C1=S,,B.subtilis,17.7
COC1=CC=C(N2C(SCCN3C([N+](=O)[O-])=CN=C3C)=NN=C2C2=CC=NC=C2)C=C1,,B.subtilis,7.5
CC1=NC=C([N+](=O)[O-])N1CCSC1=NN=C(C2=CN=CC=C2)N1C1=C2C=CC=CC2=CC=C1,,B.subtilis,7.7
[H]C1=CC(/C=N/N2C(=S)N([H])N=C2CC2=C(C)N([H])C3=CC=C(F)C=C32)=C([H])C([H])=C1[H],"6a，R1=H, R2=H, R3 =H, R4=H",B.subtilis,125
[H]C1=CC(/C=N/N2C(=S)N([H])N=C2CC2=C(C)N([H])C3=CC=C(F)C=C32)=C(O)C([H])=C1[H],"6b，R1=OH, R2=H, R3=H, R4=H",B.subtilis,125
[H]C1=CC(/C=N/N2C(=S)N([H])N=C2CC2=C(C)N([H])C3=CC=C(F)C=C32)=C([H])C(O)=C1[H],"6c，R1=H, R2=OH, R3 =H, R4=H",B.subtilis,125
[H]C1=CC(/C=N/N2C(=S)N([H])N=C2CC2=C(C)N([H])C3=CC=C(F)C=C32)=C(OC)C([H])=C1[H],"6d，R1=OCH3, R2=H, R3 =H, R4=H",B.subtilis,125
[H]C1=CC(/C=N/N2C(=S)N([H])N=C2CC2=C(C)N([H])C3=CC=C(F)C=C32)=C([H])C([H])=C1OC,"6e，R1=H, R2=H, R3 =OCH3, R4=H",B.subtilis,125
[H]C1=CC(/C=N/N2C(=S)N([H])N=C2CC2=C(C)N([H])C3=CC=C(F)C=C32)=C([H])C([H])=C1Cl,"6f，R1=H, R2=H, R3 =Cl, R4=H",B.subtilis,125
[H]C1=CC(/C=N/N2C(=S)N([H])N=C2CC2=C(C)N([H])C3=CC=C(F)C=C32)=C([H])C([H])=C1F,"6g，R1=H, R2=H, R3 =F, R4=H",B.subtilis,250
[H]C1=CC(/C=N/N2C(=S)N([H])N=C2CC2=C(C)N([H])C3=CC=C(F)C=C32)=C([H])C([H])=C1C,"6h，R1=H, R2=H, R3 =CH3, R4=H",B.subtilis,250
[H]C1=C([H])C(O)=C(/C=N/N2C(=S)N([H])N=C2CC2=C(C)N([H])C3=CC=C(F)C=C32)C=C1Cl,"6i，R1=OH, R2=H, R3 =H, R4=Cl",B.subtilis,125
[H]C1=C([H])C(O)=C(/C=N/N2C(=S)N([H])N=C2CC2=C(C)N([H])C3=CC=C(F)C=C32)C=C1OC,"6j，R1=OH, R2=H, R3 =H, R4=OCH3",B.subtilis,125
[H]N1N=C(CC2=C(C)N([H])C3=CC=C(F)C=C32)N(/N=C/C2=CC(OC)=C(O)C=C2)C1=S,"6k， R1=H, R2=OCH3, R3 =OH, R4=H",B.subtilis,250
[H]N1N=C(CC2=C(C)N([H])C3=CC=C(F)C=C32)N(/N=C/C2=CC(OC=O)=C(OC=O)C=C2)C1=S,"6l，R1=H, R2,R3=OCH2O, R4=H",B.subtilis,250
SC1=NN=C(C2=CC=C(N)C=C2)N1N,S1,B.subtilis,250
SC1=NN=C(C2=CC=C(N)C=C2)O1,S2,B.subtilis,100
SC1=NN=C(C2=CC=C(N=CC3=CC=CS3)C=C2)N1N=CC4=CC=CS4,SS1,B.subtilis,200
OC1=CC=C(C=NC2=CC=C(C3=NN=C(S)N3N=CC4=CC=C(O)C=C4)C=C2)C=C1,SS2,B.subtilis,200
O=[N+](C1=CC(C=NC2=CC=C(C3=NN=C(S)N3N=CC4=CC=CC([N+]([O-])=O)=C4)C=C2)=CC=C1)[O-],SS3,B.subtilis,62.4
SC1=NN=C(C2=CC=C(N=CC3=CC=C(Cl)C=C3)C=C2)N1N=CC4=CC=C(Cl)C=C4,SS4,B.subtilis,100
SC1=NN=C(C2=CC=C(N=CC3=CC=C(OC)C=C3)C=C2)N1N=CC4=CC=C(OC)C=C4,SS5,B.subtilis,100
SC1=NN=C(C2=CC=C(N=CC3=CC=CS3)C=C2)O1,SS6,B.subtilis,100
OC1=CC=C(C=NC2=CC=C(C3=NN=C(S)O3)C=C2)C=C1,SS7,B.subtilis,200
SC1=NN=C(C2=CC=C(N=CC3=CC=CC([N+]([O-])=O)=C3)C=C2)O1,SS8,B.subtilis,100
SC1=NN=C(C2=CC=C(N=CC3=CC=C(Cl)C=C3)C=C2)O1,SS9,B.subtilis,125
SC1=NN=C(C2=CC=C(N=CC3=CC=C(OC)C=C3)C=C2)O1,SS10,B.subtilis,250
ClC1=CC=C(C2=NN=C(C3=CC=CN=C3)O2)C=C1,,B.subtilis,250
FC1=CC=C2N=C(NN3C(C4=CC=CN=C4)=NN=C3C5=CC=C(Cl)C=C5)SC2=C1,9a，R1=6-F,B.subtilis,500
BrC1=CC=C2N=C(NN3C(C4=CC=CN=C4)=NN=C3C5=CC=C(Cl)C=C5)SC2=C1,"9b，R1=6-Br,",B.subtilis,1000
O=[N+](C1=CC=C2N=C(NN3C(C4=CC=CN=C4)=NN=C3C5=CC=C(Cl)C=C5)SC2=C1)[O-],9c，R1=6-NO2,B.subtilis,100
CC1=CC=C2N=C(NN3C(C4=CC=CN=C4)=NN=C3C5=CC=C(Cl)C=C5)SC2=C1,9d，R1=6-CH3,B.subtilis,500
COC1=CC=C2N=C(NN3C(C4=CC=CN=C4)=NN=C3C5=CC=C(Cl)C=C5)SC2=C1,9e，R1=6-OCH3,B.subtilis,500
ClC1=CC=C2N=C(NN3C(C4=CC=CN=C4)=NN=C3C5=CC=C(Cl)C=C5)SC2=C1,9f，R1=6-Cl,B.subtilis,500
CC1=C2N=C(NN3C(C4=CC=CN=C4)=NN=C3C5=CC=C(Cl)C=C5)SC2=CC=C1,9g，R1=4-CH3,B.subtilis,1000
O=[N+](C1=C2N=C(NN3C(C4=CC=CN=C4)=NN=C3C5=CC=C(Cl)C=C5)SC2=CC=C1)[O-],9h，R1=4-NO2,B.subtilis,250
ClC1=C(Cl)C=C2N=C(NN3C(C4=CC=CN=C4)=NN=C3C5=CC=C(Cl)C=C5)SC2=C1,"9i，R1=5-Cl,6-Cl",B.subtilis,500
ClC1=C2N=C(NN3C(C4=CC=CN=C4)=NN=C3C5=CC=C(Cl)C=C5)SC2=CC=C1,9j，R1=4-Cl,B.subtilis,500
O=C(O[C@H]1[C@](OC[C@H]2O)([H])[C@]2([H])OC1)CCCCCCCCC(O)CN3N=NC(C4=CC=CC=C4)=C3,6a,B.subtilis,3.9
O=C(O[C@H]1[C@](OC[C@H]2O)([H])[C@]2([H])OC1)CCCCCCCCC(O)CN3N=NC(C4=CC=CC(O)=C4)=C3,6b,B.subtilis,3.9
O=C(O[C@H]1[C@](OC[C@H]2O)([H])[C@]2([H])OC1)CCCCCCCCC(O)CN3N=NC(C4=CC=C5C=C(OC)C=CC5=C4)=C3,6c,B.subtilis,62.5
O=C(O[C@H]1[C@](OC[C@H]2O)([H])[C@]2([H])OC1)CCCCCCCCC(O)CN3N=NC(CO)=C3,6d,B.subtilis,31.2
O=C1C=C(CN2N=NC(C(C)(C)C)=C2)C3=C(O1)C=C(O)C=C3,,B.subtilis,128
O=C1C=C(C2=C(C=C(C=C2)O)O1)CN3N=NC(CCCCCCCC)=C3,,B.subtilis,256
O=C1C=C(CN2N=NC(C3=CC=C(Br)C=C3)=C2)C4=C(O1)C=C(O)C=C4,,B.subtilis,256
O=C1C=C(CN2N=NC(C3=CC=C(CCCC)C=C3)=C2)C4=C(O1)C=C(O)C=C4,,B.subtilis,64
O=C1C=C(CN2N=NC(C3=CC=C(CCCCC)C=C3)=C2)C4=C(O1)C=C(O)C=C4,,B.subtilis,8
O=C1C=C(CN2N=NC(C3=CC=C(CCCCCC)C=C3)=C2)C4=C(O1)C=C(O)C=C4,,B.subtilis,16
O=C1C=C(CN2N=NC(C3=CC=C(C4CCC(CCC)CC4)C=C3)=C2)C5=C(O1)C=C(O)C=C5,,B.subtilis,64
O=C1C=C(CN2N=NC(CNS(=O)(C3=CC=C(C)C=C3)=O)=C2)C4=C(O1)C=C(O)C=C4,,B.subtilis,64
O=C1C=C(CN2N=NC(CNS(=O)(C3=CC=C(F)C=C3)=O)=C2)C4=C(O1)C=C(O)C=C4,,B.subtilis,32
O=C1C=C(CN2N=NC(CNS(=O)(C3=C(Cl)C=C(F)C=C3)=O)=C2)C4=C(O1)C=C(O)C=C4,,B.subtilis,32
O=C1C=C(CN2N=NC(CNS(=O)(C3=CC=C([N+]([O-])=O)C=C3)=O)=C2)C4=C(O1)C=C(O)C=C4,,B.subtilis,256
O=C1C=C(CN2N=NC(CSC(N3CCOCC3)=S)=C2)C4=C(O1)C=C(O)C=C4,,B.subtilis,32
O=C1C=C(CN2N=NC(CSC(N3CCNCC3)=S)=C2)C4=C(O1)C=C(O)C=C4,,B.subtilis,16
O=C(N1CCC2=C1C=CC=C2)CN(N=N3)C=C3CN4C5=CC=CC=C5N=C4,"5a R1=H ，R2=H ，R3=H ,R4=H ",B.subtilis,25.088
O=C(N1CCC2=C1C=CC=C2)CN(N=N3)C=C3CN4C5=CC(C)=C(C)C=C5N=C4,"5b R1=H ，R2=CH3 ，R3=H ,R4=H ",B.subtilis,25.1199
O=C(N1CCC2=C1C=CC=C2)CN(N=N3)C=C3CN4C5=CC=CC=C5N=C4C,"5c R1=CH3 ，R2=H ，R3=H ,R4=H ",B.subtilis,24.95281
O=C(N1CCC2=C1C=CC=C2)CN(N=N3)C=C3CN4C5=CC=CC=C5N=C4SC,"5d R1=SCH3 ，R2=H ，R3=H ,R4=H ",B.subtilis,25.079
O=C(N1CCC2=C1C=CC=C2)CN(N=N3)C=C3CN4C5=CC=CC=C5N=C4C6=CC=CC=C6,"5e R1=C6H5 ，R2=H ，R3=H ,R4=H ",B.subtilis,25.201
O=C(N1CCC2=C1C=CC=C2)CN(N=N3)C=C3CN4C5=CC=CC=C5N=C4C#CC#CC#[NH4],"5f R1=C5H4N ，R2=H ，R3=H ,R4= H",B.subtilis,24.82293
O=C(N1C(C)CC2=C1C=CC=C2)CN(N=N3)C=C3CN4C5=CC=CC=C5N=C4,"5g R1=H ，R2=H ，R3=CH3 ,R4=H ",B.subtilis,24.95281
O=C(N1C(C)CC2=C1C=CC=C2)CN(N=N3)C=C3CN4C5=CC(C)=C(C)C=C5N=C4.C,"5h R1=H ，R2=CH3 ，R3=CH3 ,R4=H ",B.subtilis,25.23087
O=C(N1C(C)CC2=C1C=CC=C2)CN(N=N3)C=C3CN4C5=CC=CC=C5N=C4C,"5i R1=CH3 ，R2=H ，R3=CH3 ,R4=H ",B.subtilis,25.1199
O=C(N1C(C)CC2=C1C=CC=C2)CN(N=N3)C=C3CN4C5=CC=CC=C5N=C4SC,"5j R1=SCH3 ，R2=H ，R3=CH3 ,R4=H ",B.subtilis,25.1118
O=C(N1C(C)CC2=C1C=CC=C2)CN(N=N3)C=C3CN4C5=CC=CC=C5N=C4C6=CC=CC=C6,"5k R1=C6H5 ，R2=H ，R3=CH3 ,R4=H ",B.subtilis,25.11768
O=C(N1C(C)CC2=C1C=CC=C2)CN(N=N3)C=C3CN4C5=CC=CC=C5N=C4C#CC#CC#[NH4],"5l R1=C5H4N ，R2=H ，R3=CH3 ,R4=H ",B.subtilis,25.17312
O=C(N1CCC2=C1C=C([N+]([O-])=O)C=C2)CN(N=N3)C=C3CN4C5=CC=CC=C5N=C4,"5m R1=H ，R2=H ，R3=H ,R4=NO2 ",B.subtilis,25.0108
O=C(N1CCC2=C1C=C([N+]([O-])=O)C=C2)CN(N=N3)C=C3CN4C5=CC(C)=C(C)C=C5N=C4,"5n R1=H ，R2=CH3 ，R3=H ,R4=NO2 ",B.subtilis,25.02468
O=C(N1CCC2=C1C=C([N+]([O-])=O)C=C2)CN(N=N3)C=C3CN4C5=CC=CC=C5N=C4C,"5o R1=CH3 ，R2=H ，R3=H ,R4=NO2 ",B.subtilis,25.0458
O=C(N1CCC2=C1C=C([N+]([O-])=O)C=C2)CN(N=N3)C=C3CN4C5=CC=CC=C5N=C4SC,"5p R1=SCH3 ，R2=H ，R3=H ,R4=NO2 ",B.subtilis,25.172
O=C(N1CCC2=C1C=C([N+]([O-])=O)C=C2)CN(N=N3)C=C3CN4C5=CC=CC=C5N=C4C6=CC=CC=C6,"5q R1=C6H5 ，R2=H ，R3=H ,R4=NO2 ",B.subtilis,24.934
O=C(N1CCC2=C1C=C([N+]([O-])=O)C=C2)CN(N=N3)C=C3CN4C5=CC=CC=C5N=C4C#CC#CC#[NH4],"5r R1=C5H4N ，R2=H ，R3=H ,R4=NO2 ",B.subtilis,24.98548
O=C(NCC[NH3+])C(N=N1)=CN1C2=CC(C(C)(C)C)=CC(C(C)(C)C)=C2,,B.subtilis,32
O=C(NCC[NH3+])C1=CN(C(C=C2)=CC=C2OCC3=CC(C(C)(C)C)=CC(C(C)(C)C)=C3)N=N1,,B.subtilis,8
O=C(NCCNC(N)=[NH2+])C1=CN(C2=CC(C(C)(C)C)=CC(C(C)(C)C)=C2)N=N1,,B.subtilis,16
O=C(NCCNC(N)=[NH2+])C1=CN(C2=CC=C(OCCCCCCC)C=C2)N=N1,,B.subtilis,16
O=C(NCCNC(N)=[NH2+])C1=CN(C(C=C2)=CC=C2OCC3=CC(C(C)(C)C)=CC(C(C)(C)C)=C3)N=N1,,B.subtilis,16
C/C(C1=CN(CC2=CC(C(C)(C)C)=CC(C(C)(C)C)=C2)N=N1)=N\NC(N)=[NH2+],,B.subtilis,8
C/C(C1=CN(C2=CC(C(C)(C)C)=CC(C(C)(C)C)=C2)N=N1)=N\NC(N)=[NH2+],,B.subtilis,4
C/C(C1=CN(C2=CC=C(OCCCCCCC)C=C2)N=N1)=N\NC(N)=[NH2+],,B.subtilis,32
C/C(C1=CN(C(C=C2)=CC=C2OCC3=CC(C(C)(C)C)=CC(C(C)(C)C)=C3)N=N1)=N\NC(N)=[NH2+],,B.subtilis,64
FC(C=C(N1N=NC(COC2=CC=CC=C2)=C1)C=C3)=C3N4CCOCC4,,B.subtilis,25
FC(C=C(N1N=NC(COC2=CC=CC(Cl)=C2)=C1)C=C3)=C3N4CCOCC4,,B.subtilis,25
FC(C=C(N1N=NC(COC2=CC(Cl)=CC(Cl)=C2)=C1)C=C3)=C3N4CCOCC4,,B.subtilis,12.5
FC(C=C(N1N=NC(COC2=CC=C(Br)C=C2)=C1)C=C3)=C3N4CCOCC4,,B.subtilis,25
FC(C=C(N1N=NC(COC2=CC=CC=C2F)=C1)C=C3)=C3N4CCOCC4,,B.subtilis,3.12
FC(C=C(N1N=NC(COC2=CC=C(F)C=C2)=C1)C=C3)=C3N4CCOCC4,,B.subtilis,1.56
FC(C=C(N1N=NC(COC2=CC=CC(C(F)(F)F)=C2)=C1)C=C3)=C3N4CCOCC4,,B.subtilis,12.5
FC(C=C(N1N=NC(COC2=CC=CC([N+]([O-])=O)=C2)=C1)C=C3)=C3N4CCOCC4,,B.subtilis,50
FC(C=C(N1N=NC(CN2C(CSC3=C2C=CC=C3)=O)=C1)C=C4)=C4N5CCOCC5,,B.subtilis,6.25
FC(C=C(N1N=NC(CN2CCS(C3=C2C=CC=C3)(=O)=O)=C1)C=C4)=C4N5CCOCC5,,B.subtilis,3.12
FC(C=C(N1N=NC(CN2C(C=CC=C3)=C3SC4=C2C=CC=C4)=C1)C=C5)=C5N6CCOCC6,,B.subtilis,6.25
FC(C=C(N1N=NC(CSC2=NC(C=CC=C3)=C3S2)=C1)C=C4)=C4N5CCOCC5,,B.subtilis,25
FC(C=C(N1N=NC(COC(C2=CC(C=CC=C3)=C3N2)=O)=C1)C=C4)=C4N5CCOCC5,,B.subtilis,25
FC(C=C(N1N=NC(COC2=CC=CC3=C2N=CC=C3)=C1)C=C4)=C4N5CCOCC5,,B.subtilis,25
FC(C=C(N1N=NC(CN2C(COC3=C2C=CC(Br)=C3)=O)=C1)C=C4)=C4N5CCOCC5,,B.subtilis,25
FC(C=C(N1N=NC(COC2=CC=C(C(C)=CC(O3)=O)C3=C2)=C1)C=C4)=C4N5CCOCC5,,B.subtilis,50
FC(C=C(N1N=NC(COC2=CC(OC3=C2C=CC=C3)=O)=C1)C=C4)=C4N5CCOCC5,,B.subtilis,25
FC(C=C(N1N=NC(CSC2=NC(C=CC=C3)=C3O2)=C1)C=C4)=C4N5CCOCC5,,B.subtilis,12.5
O=C1C=C(OCC2=CN(C3=CC=CC=C3OC)N=N2)C4=C(O1)C=CC=C4,,B.subtilis,12.5
O=C1C=C(OCC2=CN(C3=CC=C(F)C=C3)N=N2)C4=C(O1)C=CC=C4,,B.subtilis,50
O=C1C=C(NCC2=CN(C3=CC=CC([N+]([O-])=O)=C3)N=N2)C4=C(O1)C=CC=C4,,B.subtilis,50
O=C(N1CCN(C2=CC=CC=C2)CC1)CN3N=NC(COC4=CC=CC=C4)=C3,7a R=H，R1=H,B.subtilis,49.99
CC1=CC=C(OCC2=CN(CC(N3CCN(C4=CC=CC=C4)CC3)=O)N=N2)C=C1,7b R=CH3  R1=H,B.subtilis,50.13
CCC1=CC=C(OCC2=CN(CC(N3CCN(C4=CC=CC=C4)CC3)=O)N=N2)C=C1,7c R=C2H5 R1=H,B.subtilis,24.99
O=C(N1CCN(C2=CC=CC=C2)CC1)CN3N=NC(COC4=CC=C(C5=CC=CC=C5)C=C4)=C3,7d R=C6H5 R1=H,B.subtilis,49.99
O=C(N1CCN(C2=CC=CC=C2)CC1)CN3N=NC(COC4=C5C=CC=CC5=CC=C4)=C3,7e R1=H,B.subtilis,49.99
FC1=CC=C(OCC2=CN(CC(N3CCN(C4=CC=CC=C4)CC3)=O)N=N2)C=C1,7f R=F R1=H,B.subtilis,24.99
ClC1=CC=C(OCC2=CN(CC(N3CCN(C4=CC=CC=C4)CC3)=O)N=N2)C=C1,7g R=Cl R1=H,B.subtilis,49.99
BrC1=CC=C(OCC2=CN(CC(N3CCN(C4=CC=CC=C4)CC3)=O)N=N2)C=C1,7h R=Br R1=H,B.subtilis,24.99
CC1=CC=C(N2CCN(C(CN3N=NC(COC4=CC=CC=C4)=C3)=O)CC2)C=C1,7i R=H R1=CH3,B.subtilis,50.13
CC1=CC=C(OCC2=CN(CC(N3CCN(C4=CC=C(C)C=C4)CC3)=O)N=N2)C=C1,7j R=CH3  R1=CH3,B.subtilis,49.99
CC1=CC=C(N2CCN(C(CN3N=NC(COC4=CC=C(CC)C=C4)=C3)=O)CC2)C=C1,7k R=C2H5 R1=CH3,B.subtilis,24.36
CC1=CC=C(N2CCN(C(CN3N=NC(COC4=CC=C(C5=CC=CC=C5)C=C4)=C3)=O)CC2)C=C1,7l R=C6H5 R1=CH3,B.subtilis,48.43
CC1=CC=C(C=C1)N2CCN(CC2)C(CN3N=NC(COC4=C5C=CC=CC5=CC=C4)=C3)=O,7m R1-CH3,B.subtilis,48.04
CC1=CC=C(N2CCN(C(CN3N=NC(COC4=CC=C(F)C=C4)=C3)=O)CC2)C=C1,7n R=F R1=CH3,B.subtilis,49.7
CC1=CC=C(N2CCN(C(CN3N=NC(COC4=CC=C(Cl)C=C4)=C3)=O)CC2)C=C1,7o R=Cl R1=CH3,B.subtilis,48.98
CC1=CC=C(N2CCN(C(CN3N=NC(COC4=CC=C(Br)C=C4)=C3)=O)CC2)C=C1,7p R=Br R1=CH3,B.subtilis,45.54
O=[N+](C1=CC=C(N2CCN(C(CN3N=NC(COC4=CC=CC=C4)=C3)=O)CC2)C=C1)[O-],7q R=H R1=NO2,B.subtilis,49.53
CC1=CC=C(OCC2=CN(CC(N3CCN(C4=CC=C([N+]([O-])=O)C=C4)CC3)=O)N=N2)C=C1,7r R=CH3 R1=NO2,B.subtilis,47.18
O=[N+](C1=CC=C(N2CCN(C(CN3N=NC(COC4=CC=C(CC)C=C4)=C3)=O)CC2)C=C1)[O-],7s R=C2H5 R1=NO2,B.subtilis,22.93
O=[N+](C1=CC=C(N2CCN(C(CN3N=NC(COC4=CC=C(C5=CC=CC=C5)C=C4)=C3)=O)CC2)C=C1)[O-],7t R=C6H5 R1=NO2,B.subtilis,40.53
O=[N+](C1=CC=C(N2CCN(C(CN3N=NC(COC4=C5C=CC=CC5=CC=C4)=C3)=O)CC2)C=C1)[O-],7u R1=NO2,B.subtilis,43.36
O=[N+](C1=CC=C(N2CCN(C(CN3N=NC(COC4=CC=C(F)C=C4)=C3)=O)CC2)C=C1)[O-],7v R=F R1=NO2,B.subtilis,46.76
O=[N+](C1=CC=C(N2CCN(C(CN3N=NC(COC4=CC=C(Cl)C=C4)=C3)=O)CC2)C=C1)[O-],7w R=Cl R1=NO2,B.subtilis,45.12
O=[N+](C1=CC=C(N2CCN(C(CN3N=NC(COC4=CC=C(Br)C=C4)=C3)=O)CC2)C=C1)[O-],7x R=Br R1=NO2,B.subtilis,20.62
O=C1SC2=CC(Br)=CC=C2N1CC3=CN(C4=CC=CC=C4C)N=N3,,B.subtilis,200
O=C1SC2=CC(Br)=CC=C2N1CC3=CN(C4=CC(C)=CC(C)=C4)N=N3,,B.subtilis,100
O=C1SC2=CC(Br)=CC=C2N1CC3=CN(C4=CC=CC(Cl)=C4)N=N3,,B.subtilis,50
O=C1SC2=CC(Br)=CC=C2N1CC3=CN(C4=CC(Cl)=CC(Cl)=C4)N=N3,,B.subtilis,25
O=C1SC2=CC(Br)=CC=C2N1CC3=CN(C4=CC=C(OC)C=C4)N=N3,,B.subtilis,200
O=C1SC2=CC(Br)=CC=C2N1CC3=CN(C4=CC(C(F)(F)F)=CC=C4)N=N3,,B.subtilis,100
O=C1SC2=CC(Br)=CC=C2N1CC3=CN(C4=CC=C(CCCC)C=C4)N=N3,,B.subtilis,200
O=C1SC2=CC(Br)=CC=C2N1CC3=CN(C4=CC=CC([N+]([O-])=O)=C4)N=N3,,B.subtilis,100
O=C1SC2=CC(Br)=CC=C2N1CC3=CN(C4=CC(OC)=C(Cl)C(OC)=C4)N=N3,,B.subtilis,200
O=C1SC2=CC(Br)=CC=C2N1CC3=CN(C4=CC=C(Br)C=C4)N=N3,,B.subtilis,50
O=C(/C(S1)=C\C(C2=CC=CC=C23)=CN3CC4=CN(N=N4)C5=CC=CC=C5)NC1=O,,S.aureus,49.98
O=C(/C(S1)=C\C(C2=CC=CC=C23)=CN3CC4=CN(N=N4)C5=C(Cl)C=CC=C5)NC1=O,,S.aureus,91.92
O=C(/C(S1)=C\C(C2=CC=CC=C23)=CN3CC4=CN(N=N4)C5=CC(Cl)=CC=C5)NC1=O,,S.aureus,45.96
O=C(/C(S1)=C\C(C2=CC=CC=C23)=CN3CC4=CN(N=N4)C5=CC=C(Cl)C=C5)NC1=O,,S.aureus,45.96
O=C(/C(S1)=C\C(C2=CC=CC=C23)=CN3CC4=CN(N=N4)C5=C([N+]([O-])=O)C=CC=C5)NC1=O,,S.aureus,90.52
O=C(/C(S1)=C\C(C2=CC=CC=C23)=CN3CC4=CN(N=N4)C5=CC([N+]([O-])=O)=CC=C5)NC1=O,,S.aureus,45.26
O=C(/C(S1)=C\C(C2=CC=CC=C23)=CN3CC4=CN(N=N4)C5=CC=C([N+]([O-])=O)C=C5)NC1=O,,S.aureus,22.63
O=C(/C(S1)=C\C(C2=CC=CC=C23)=CN3CC4=CN(N=N4)C5=C(C)C=CC=C5)NC1=O,,S.aureus,97.12
O=C(/C(S1)=C\C(C2=CC=CC=C23)=CN3CC4=CN(N=N4)C5=C(C)C=CC(C)=C5)NC1=O,,S.aureus,93.8
O=C(/C(S1)=C\C(C2=CC=CC=C23)=CN3CC4=CN(N=N4)C5=CC(C)=C(C)C=C5)NC1=O,,S.aureus,46.9
O=C(/C(S1)=C\C(C2=CC=CC=C23)=CN3CC4=CN(N=N4)C5=CC=C(F)C=C5)NC1=O,,S.aureus,47.68
O=C(/C(S1)=C\C(C2=CC=CC=C23)=CN3CC4=CN(N=N4)C5=CC(C(F)(F)F)=CC=C5)NC1=O,,S.aureus,85.2
O=C(/C(S1)=C\C(C2=CC=CC=C23)=CN3CC4=CN(N=N4)CC5=CC=CC=C5)NC1=O,,S.aureus,96.96
O=C(/C(S1)=C\C(C2=CC=CC=C23)=CN3CC4=CN(N=N4)CC(OCC)=O)NC1=O,,S.aureus,24.28
O=C(/C(S1)=C\C(C2=CC=CC=C23)=CN3CC4=CN(N=N4)C5=C(F)C=C(F)C(F)=C5)NC1=O,,S.aureus,44.46
O=C(N1)/C(SC1=O)=C\C2=CN(CC3=CN(C4=C(C=C(C=C4Br)Br)Br)N=N3)C5=CC=CC=C25,,S.aureus,31.68
O=C(/C(S1)=C\C(C2=CC=CC=C23)=CN3CC4=CN(N=N4)C5=C(C)C=CC([N+]([O-])=O)=C5)NC1=O,,S.aureus,87.52
O=C1C(/N=N/C2=CC=C(C=C2)OCC3=CN(N=N3)C4=CC=C(C=C4)OC)=C(C(C)=CO1)O,4a 4 - MeOC₆H₄,B.subtilis,32
O=C1C(/N=N/C2=CC=C(C=C2)OCC3=CN(N=N3)C4=CC=CC=C4)=C(C(C)=CO1)O,4b C₆H₅,B.subtilis,32
O=C1C(/N=N/C2=CC=C(C=C2)OCC3=CN(N=N3)C4=CC(OC)=CC=C4)=C(C(C)=CO1)O,4c 3 - MeOC₆H₄,B.subtilis,32
O=C1C(N=NC2=CC=C(OCC3=CN(C4=CC=C(F)C=C4)N=N3)C=C2)=C(O)C(C)=CO1,4d 4 - FC₆H₄,B.subtilis,128
O=C1C(/N=N/C2=CC=C(OCC3=CN(C4=C5C=CC=CC5=CC=C4)N=N3)C=C2)=C(O)C(C)=CO1,4e Naphthyl,B.subtilis,128
O=C1C(/N=N/C2=CC=C(OCC3=CN(C4=CC=C(Br)C=C4)N=N3)C=C2)=C(O)C(C)=CO1,4f 4 - BrC₆H₄,B.subtilis,128
OC1=C(/N=N/C2=CC=C(OCC3=CN(C4=CC=C(OC)C=C4)N=N3)C=C2)C=C(OCO5)C5=C1,6a 4 - MeOC₆H₄,B.subtilis,16
OC1=C(/N=N/C2=CC=C(OCC3=CN(C4=CC=CC=C4)N=N3)C=C2)C=C(OCO5)C5=C1,6b C₆H₅,B.subtilis,32
OC1=C(C=C2OCOC2=C1)/N=N/C3=CC=C(C=C3)OCC4=CN(N=N4)C5=CC=C(C=C5)OC,6c 4 - MeOC₆H₄,B.subtilis,128
OC1=C(/N=N/C2=CC=C(OCC3=CN(C4=CC=C(F)C=C4)N=N3)C=C2)C=C(OCO5)C5=C1,6d 4 - FC₆H₄,B.subtilis,128
OC1=C(/N=N/C2=CC=C(OCC3=CN(C4=C5C=CC=CC5=CC=C4)N=N3)C=C2)C=C(OCO6)C6=C1,6e Naphthyl,B.subtilis,128
OC1=C(/N=N/C2=CC=C(OCC3=CN(C4=CC=C([N+]([O-])=O)C=C4)N=N3)C=C2)C=C(OCO5)C5=C1,6f 4 - NO₂C₆H₄,B.subtilis,256
OC1=C(/N=N/C2=CC=C(OCC3=CN(C4=CC(Cl)=C(F)C=C4)N=N3)C=C2)C=C(OCO5)C5=C1,6g 4 - F - 3 - ClC₆H₃,B.subtilis,128
OC1=C(/N=N/C2=CC=C(OCC3=CN(C4=CC=C(Br)C=C4)N=N3)C=C2)C=C(OCO5)C5=C1,6h 4 - BrC₆H₄,B.subtilis,128
OC1=C(C=C2OCOC2=C1)/N=N/C3=CC=C(C=C3)OCC4=CN(N=N4)C5=CC(OC)=CC=C5,6i 3 - MeOC₆H₄,B.subtilis,64
CC(N(N=N1)C2=C(C(C(F)(F)F)=CC(Cl)=C2Cl)C)=C1C3=NN(C4=CC=CC=C4)C=C3C([H])=O,"5a = R1 = R2 = Cl, Ar = Phenyl",B.subtilis,22
[H]C(C1=CN(N=C1C2=C(N(N=N2)C3=C(C(C(F)(F)F)=CC(Cl)=C3Cl)C)C)C4=CC=C(C=C4)Cl)=O,"5b = R1 = R2 = Cl, Ar = 4 - Cl - phenyl",B.subtilis,23
[H]C(C1=CN(N=C1C2=C(N(N=N2)C3=C(C(C(F)(F)F)=CC(Cl)=C3Cl)C)C)C4=C(C=C(C=C4)[N+]([O-])=O)[N+]([O-])=O)=O,"5c = R1 = R2 = Cl, Ar = 2,4 - Dinitro phenyl",B.subtilis,10
[H]C(C1=CN(N=C1C2=C(N(N=N2)C3=C(C(C(F)(F)F)=CC(Cl)=C3Cl)C)C)C4=C(C=C(C=C4Cl)Cl)Cl)=O,"5d = R1 = R2 = Cl, Ar = 2,4,6 - Trichloro phenyl",B.subtilis,11
ClC1=C(C=C(C(C)=C1N2N=NC(C3=NN(C4=NN=CC5=C4C=CC=C5)C=C3C([H])=O)=C2C)C(F)(F)F)Cl,"5e = R1 = R2 = Cl, Ar = Phthalazinyl",B.subtilis,11
[H]C(C1=CN(N=C1C2=C(N(N=N2)C3=C(C(C(F)(F)F)=CC(Cl)=C3Cl)C)C)N4CC=CC5=CC=CC(C(F)(F)F)=C54)=O,"5f = R1 = R2 = Cl, Ar = 8 - CF₃ - quiny",B.subtilis,23
[H]C(C1=CN(N=C1C2=C(N(N=N2)C3=C(C(C(F)(F)F)=CC(Cl)=C3Cl)C)C)C4=CC=C(C=C4)[N+]([O-])=O)=O,"5g = R1 = R2 = Cl, Ar = 4 - Nitro phenyl",B.subtilis,25
[H]C1=C(C(N2N=NC(C3=NN(C=C3C([H])=O)C4=CC=CC=C4)=C2C)=C(C(C(F)(F)F)=C1)C)[H],"5h = R1 = R2 = H, Ar = Phenyl",B.subtilis,15
[H]C1=C(C(N2N=NC(C3=NN(C=C3C([H])=O)C4=C(C=C(C=C4)[N+]([O-])=O)[N+]([O-])=O)=C2C)=C(C(C(F)(F)F)=C1)C)[H],"5j = R1 = R2 = H, Ar = 2,4 - Dinitro phenyl",B.subtilis,26
[H]C1=C(C(N2N=NC(C3=NN(C4=NN=CC5=C4C=CC=C5)C=C3C([H])=O)=C2C)=C(C(C(F)(F)F)=C1)C)[H],"5l = R1 = R2 = H, Ar = Phthalazinyl",B.subtilis,15
[H]C1=C(C(N2N=NC(C3=NN(C=C3C([H])=O)N4CC=CC5=CC=CC(C(F)(F)F)=C54)=C2C)=C(C(C(F)(F)F)=C1)C)[H],"5m = R1 = R2 = H, Ar = 8 - CF₃ - quiny",B.subtilis,13
[H]C1=C(C(N2N=NC(C3=NN(C=C3C([H])=O)C4=CC=C(C=C4)[N+]([O-])=O)=C2C)=C(C(C(F)(F)F)=C1)C)[H],"5n = R1 = R2 = H, Ar = 4 - Nitro phenyl",B.subtilis,27
COC1=CC(O)=C(C(OC)=C1)C(/C=C/C2=CC=C(C(OC)=C2)OCC3=CN(N=N3)C4=CC=C(C=C4Cl)F)=O,,B.subtilis,6.25
COC1=CC(OC)=C(C(=O)/C=C/C2=CC=C(OCC3=CN(C4=CC=C(F)C(Cl)=C4)N=N3)C(OC)=C2)C(O)=C1,,B.subtilis,50
COC1=CC(OC)=C(C(=O)/C=C/C2=CC=C(OCC3=CN(C4=CC=C(F)C=C4F)N=N3)C(OC)=C2)C(O)=C1,,B.subtilis,12.5
COC1=CC(O)=C(C(OC)=C1)C(/C=C/C2=CC=C(C(OC)=C2)OCC3=CN(N=N3)C4=CC=CC=C4Cl)=O,,B.subtilis,6.25
COC1=CC(O)=C(C(OC)=C1)C(/C=C/C2=CC=C(C(OC)=C2)OCC3=CN(N=N3)C4=CC=C(C=C4)Cl)=O,,B.subtilis,100
COC1=CC(O)=C(C(OC)=C1)C(/C=C/C2=CC=C(C(OCC3=CN(N=N3)C4=CC=C(C=C4Cl)F)=C2)OC)=O,,B.subtilis,100
COC1=CC(O)=C(C(OC)=C1)C(/C=C/C2=CC=C(C(OCC3=CN(N=N3)C4=CC=C(C(Cl)=C4)F)=C2)OC)=O,,B.subtilis,100
COC1=CC(OC)=C(C(=O)/C=C/C2=CC=C(OC)C(OCC3=CN(C4=CC=C(F)C=C4F)N=N3)=C2)C(O)=C1,,B.subtilis,25
COC1=CC(OC)=C(C(O)=C1)C(/C=C/C2=CC=C(C(OCC3=CN(N=N3)C4=CC=CC=C4Cl)=C2)OC)=O,,B.subtilis,25
COC1=CC(OC)=C(C(=O)/C=C/C2=CC=C(OC)C(OCC3=CN(C4=CC=C(Cl)C=C4)N=N3)=C2)C(O)=C1,,B.subtilis,100
COC1=CC(OC)=C2C(=O)C=C(C3=CC=C(OCC4=CN(C5=CC=C(F)C=C5Cl)N=N4)C(OC)=C3)OC2=C1,,B.subtilis,100
COC1=CC(OC)=C2C(=O)C=C(C3=CC=C(OCC4=CN(C5=CC=C(F)C(Cl)=C5)N=N4)C(OC)=C3)OC2=C1,,B.subtilis,100
COC1=CC(OC)=C2C(=O)C=C(C3=CC=C(OCC4=CN(C5=CC=C(F)C=C5F)N=N4)C(OC)=C3)OC2=C1,,B.subtilis,100
COC1=CC(OC)=C2C(C=C(OC2=C1)C3=CC=C(C(OC)=C3)OCC4=CN(N=N4)C5=CC=CC=C5Cl)=O,,B.subtilis,50
COC1=CC(OC)=C2C(C=C(OC2=C1)C3=CC=C(C(OC)=C3)OCC4=CN(N=N4)C5=CC=C(C=C5)Cl)=O,,B.subtilis,100
[H]C1=C([H])C=C(N2C(SCC(=O)NC3=CC(C)=C(C)C=C3)=NN=C2C2=CC3=CC(Br)=CC=C3O2)C=C1,"10b R1=R2=H,R3=3,4-CH3",B.subtilis,1.25
COC1=CC(NC(=O)CSC2=NN=C(C3=CC4=CC(Br)=CC=C4O3)N2C2=CC(Cl)=C(Cl)C=C2)=C(OC)C=C1,"10d R1=R2=Cl,R3=2,5-OCH3",B.subtilis,9.25
ClC1=C(C=C(C=C1)NC(CSC2=NN=C(N2C3=CC(Cl)=C(C=C3)Cl)C4=CC5=CC(Br)=CC=C5O4)=O)Cl,"10e R1=R2=Cl,R3=3,4-Cl",B.subtilis,14
NC1=NC(OCC2=CN(C3=NNC4=NC(C(F)(F)F)=CC=C43)N=N2)=CC(C(F)(F)F)=N1,"7, H",B.subtilis,7.8
NC1=NC(OCC2=CN(N=N2)C3=NN(C4=NC(C(F)(F)F)=CC=C34)CC)=CC(C(F)(F)F)=N1,"9a, CH₂CH₂—",B.subtilis,250
NC1=NC(OCC2=CN(N=N2)C3=NN(C4=NC(C(F)(F)F)=CC=C34)COC(CC)=O)=CC(C(F)(F)F)=N1,"9b, CH₃CH₂OC(O)CH₂—",B.subtilis,250
NC1=NC(OCC2=CN(N=N2)C3=NN(C4=NC(C(F)(F)F)=CC=C34)CC=C)=CC(C(F)(F)F)=N1,"9c, CH₂=CH-CH₂—",B.subtilis,7.8
NC1=NC(OCC2=CN(N=N2)C3=NN(C4=NC(C(F)(F)F)=CC=C34)CC#C)=CC(C(F)(F)F)=N1,"9d, HC≡C-CH₂—",B.subtilis,250
NC1=NC(OCC2=CN(N=N2)C3=NN(C4=NC(C(F)(F)F)=CC=C34)CCCCCCCC)=CC(C(F)(F)F)=N1,"9e, CH₂(CH₂)₆CH₂—",B.subtilis,250
NC1=NC(OCC2=CN(N=N2)C3=NN(C4=NC(C(F)(F)F)=CC=C34)CCCCCCC)=CC(C(F)(F)F)=N1,"9f, CH₂(CH₂)₅CH₂—",B.subtilis,15.6
NC1=NC(OCC2=CN(N=N2)C3=NN(C4=NC(C(F)(F)F)=CC=C34)CCC(F)(C(F)(C(F)(C(F)(C(F)(C(F)(C(F)(C(F)(F)F)F)F)F)F)F)F)F)=CC(C(F)(F)F)=N1,"9g, CF₃(CF₂)₇CH₂CH₂—",B.subtilis,250
CCOC1=CC=C2N3C(SC2=C1)=NC(C4=CC=CC=C4)=C3CO(C5=CN(CC6=CC=CC(F)=C6)N=N5)C,5n，R1=-OEt，R2=H，R3=F，R4=H,S.aureus,128
S=C1NN=C(C2CC2)N1C1=CC=C(Cl)C=C1,,S.aureus,125
S=C1NN=C(C2CCCCC2)N1C1=CC=C(Cl)C=C1,,S.aureus,125
S=C1N(CN2CCCC2)N=C(C3CC3)N1C4=CC=C(Cl)C=C4,,S.aureus,250
S=C1N(CN2CCCCC2)N=C(C3CC3)N1C4=CC=C(Cl)C=C4,,S.aureus,250
S=C1N(CN2CCN(C3=CC=CC=C3)CC2)N=C(C4CC4)N1C5=CC=C(Cl)C=C5,,S.aureus,500
S=C1N(CN2CCCC2)N=C(C3CCCC3)N1C4=CC=C(Cl)C=C4Cl,,S.aureus,500
S=C1N(CN2CCCCC2)N=C(C3CCCC3)N1C4=CC=C(Cl)C=C4Cl,,S.aureus,500
S=C1N(CN2CCN(CCO)CC2)N=C(C3CCCC3)N1C4=CC=C(Cl)C=C4Cl,,S.aureus,1000
S=C1N(CN2CCN(C3=CC=CC=C3)CC2)N=C(C4CCCC4)N1C5=CC=C(Cl)C=C5Cl,,S.aureus,250
S=C1N(CN2CCNCC2)N=C(C3CCCCC3)N1C4=CC=C(Cl)C=C4,,S.aureus,125
S=C1N(CN2CCCC2)N=C(C2=CC=CN=C2)N1C1=CC=CC=C1,,S.aureus,500
S=C1N(CN2CCCCC2)N=C(C3=CC=CN=C3)N1C4=CC=CC=C4,,S.aureus,500
S=C1N(CN2CCN(C3=CC=CC=C3)CC2)N=C(C4=CC=CN=C4)N1C5=CC=CC=C5,,S.aureus,500
O=[N+]([O-])C1=CC=C(CN2C=C(N=N2)COC3=CC4=C(C(C)=C3)C=CC(O4)=O)C=C1[H],"4a,R1 = H,R2 = NO2",S.aureus,4
[H]C1=CC=C(C=C1[N+]([O-])=O)CN2C=C(N=N2)COC3=CC4=C(C(C)=C3)C=CC(O4)=O,"4b,R1 = NO2,R2= H",S.aureus,4
ClC1=CC=C(CN2C=C(N=N2)COC3=CC4=C(C(C)=C3)C=CC(O4)=O)C=C1[H],"4c,R1= H,R2= Cl",S.aureus,4
[H]C1=CC=C(CN2C=C(N=N2)COC3=CC4=C(C(C)=C3)C=CC(O4)=O)C=C1Cl,"4d,R1 = Cl,R2 = H",S.aureus,8
BrC1=CC=C(CN2C=C(N=N2)COC3=CC4=C(C(C)=C3)C=CC(O4)=O)C=C1[H],"4e,R1 = H,R2= Br",S.aureus,4
[H]C1=CC=C(C=C1[H])CN2C=C(N=N2)COC3=CC4=C(C(C)=C3)C=CC(O4)=O,"4f,R1= H,R2= H",S.aureus,16
[H]C1=CC(CN2C=C(N=N2)COC(C(C=CC=C3)=C3O4)=CC4=O)=CC=C1[N+]([O-])=O,"4g,R1= H,R2= NO2",S.aureus,4
O=C1OC2=C(C=CC=C2)C(OCC(N=N3)=CN3CC4=CC=C([H])C([N+]([O-])=O)=C4)=C1,"4h,R1= NO2,R2= H",S.aureus,4
O=C1OC2=C(C=CC=C2)C(OCC(N=N3)=CN3CC4=CC=C(Cl)C([H])=C4)=C1,"4i,R1= H,R2= Cl",S.aureus,16
O=C1OC2=C(C=CC=C2)C(OCC(N=N3)=CN3CC4=CC=C([H])C(Cl)=C4)=C1,"4j,R1 = Cl,R2 = H",S.aureus,32
O=C1OC2=C(C=CC=C2)C(OCC(N=N3)=CN3CC4=CC=C(Br)C([H])=C4)=C1,"4k,R1= H,R2= Br",S.aureus,16
SC1=NN=C(N1/N=C/C2=CC=C(Br)C=C2)C3=NC=CN=C3,H1，R3=Br,S.aureus,25
SC1=NN=C(N1/N=C/C2=CC=C(Cl)C=C2)C3=NC=CN=C3,H4，R3=Cl,S.aureus,50
SC1=NN=C(N1/N=C/C2=CC=C(C)C=C2)C3=NC=CN=C3,H5，R3=CH3,S.aureus,25
SC1=NN=C(N1/N=C/C2=CC=C(OC)C(OC)=C2)C3=NC=CN=C3,H10，R2=OCH3，R3=OCH3,S.aureus,25
SC1=NN=C(N1/N=C/C2=CC(OC)=C(OC)C=C2OC)C3=NC=CN=C3,H11，R1=OCH3，R3=OCH3，R4=OCH3,S.aureus,6.25
SC1=NN=C(N1/N=C/C2=CC(OC)=C(OC)C(OC)=C2)C3=NC=CN=C3,H12，R2=OCH3，R3=OCH3，R4=OCH3,S.aureus,25
SC1=NN=C(N1/N=C/C2=CC=CC=C2OC)C3=NC=CN=C3,H13，R1=OCH3,S.aureus,25
SC1=NN=C(N1/N=C/C2=CC=CC=C2O)C3=NC=CN=C3,H16，R1=OH,S.aureus,25
SC1=NN=C(N1/N=C/C2=CC=C(O)C=C2)C3=NC=CN=C3,H17，R3=OH,S.aureus,0.78
SC1=NN=C(N1/N=C/C2=CC=CC(O)=C2)C3=NC=CN=C3,H18，R2=OH,S.aureus,50
SC1=NN=C(N1/N=C/C2=CC=C(O)C(O)=C2)C3=NC=CN=C3,H19，R2=OH，R3=OH,S.aureus,25
SC1=NN=C(N1/N=C/C=C/C2=CC=CC=C2)C3=NC=CN=C3,,S.aureus,50
O=C(CNN1C(=O)CSC1C1=CC=C(F)C=C1)NN1C(C2=CC=NC=C2)=NNC1S,,S.aureus,12.5
O=C(CNN1C(=O)CS[C@H]1C1=CC=C(F)C=C1)NN1C(C2=CC=C(Cl)C=C2)=NN[C@@H]1S,,S.aureus,12.5
C[C@@H]1SC(C2=CC=C(Br)C=C2)C(NCC(=O)NN2C(C3=CC=C(Cl)C=C3)=NN[C@@H]2S)C1=O,,S.aureus,12.5
O=C(CNN1C(=O)CSC1C1=CC=CC=C1Cl)NN1C(C2=CC=NC=C2)=NNC1S,,S.aureus,6.25
O=C(O)C1=CN(C2CC2)C2=CC(N3CCNCC3)=C(F)C=C2C1=O,,S.aureus,3.125
O=C(CNN1C(=O)CSC1C1=C(Cl)C=CC=C1)NN1C(C2=CC=C([N+](=O)[O-])C=C2)=NN[C@@H]1S,,S.aureus,6.25
O=C1C(C(O)=O)=CN(C2=NC(N3C/C(C(C3)CN)=N\OC)=C(C=C12)F)C4CC4,,S.aureus,25
S[C@@H]1N(NC(CNN2C(SCC2=O)C3=C(Cl)C=CC=C3)=O)C(C4=CC=C(Cl)C=C4)=NN1,,S.aureus,12.5
C[C@H]1COC2=C3C(=CC(F)=C2N2CCN(C)CC2)C(=O)C(C(=O)O)=CN31,,S.aureus,6.25
[H]C1=CC(/C=N/N2C(=S)N([H])N=C2CC2=C(C)N([H])C3=CC=C(F)C=C32)=C([H])C([H])=C1[H],"6a，R1=H, R2=H, R3 =H, R4=H",S.aureus,125
[H]C1=CC(/C=N/N2C(=S)N([H])N=C2CC2=C(C)N([H])C3=CC=C(F)C=C32)=C(O)C([H])=C1[H],"6b，R1=OH, R2=H, R3=H, R4=H",S.aureus,125
[H]C1=CC(/C=N/N2C(=S)N([H])N=C2CC2=C(C)N([H])C3=CC=C(F)C=C32)=C([H])C(O)=C1[H],"6c，R1=H, R2=OH, R3 =H, R4=H",S.aureus,125
[H]C1=CC(/C=N/N2C(=S)N([H])N=C2CC2=C(C)N([H])C3=CC=C(F)C=C32)=C(OC)C([H])=C1[H],"6d，R1=OCH3, R2=H, R3 =H, R4=H",S.aureus,125
[H]C1=CC(/C=N/N2C(=S)N([H])N=C2CC2=C(C)N([H])C3=CC=C(F)C=C32)=C([H])C([H])=C1OC,"6e，R1=H, R2=H, R3 =OCH3, R4=H",S.aureus,125
[H]C1=CC(/C=N/N2C(=S)N([H])N=C2CC2=C(C)N([H])C3=CC=C(F)C=C32)=C([H])C([H])=C1Cl,"6f，R1=H, R2=H, R3 =Cl, R4=H",S.aureus,125
[H]C1=CC(/C=N/N2C(=S)N([H])N=C2CC2=C(C)N([H])C3=CC=C(F)C=C32)=C([H])C([H])=C1F,"6g，R1=H, R2=H, R3 =F, R4=H",S.aureus,125
[H]C1=CC(/C=N/N2C(=S)N([H])N=C2CC2=C(C)N([H])C3=CC=C(F)C=C32)=C([H])C([H])=C1C,"6h，R1=H, R2=H, R3 =CH3, R4=H",S.aureus,125
[H]C1=C([H])C(O)=C(/C=N/N2C(=S)N([H])N=C2CC2=C(C)N([H])C3=CC=C(F)C=C32)C=C1Cl,"6i，R1=OH, R2=H, R3 =H, R4=Cl",S.aureus,72.5
[H]C1=C([H])C(O)=C(/C=N/N2C(=S)N([H])N=C2CC2=C(C)N([H])C3=CC=C(F)C=C32)C=C1OC,"6j，R1=OH, R2=H, R3 =H, R4=OCH3",S.aureus,125
[H]N1N=C(CC2=C(C)N([H])C3=CC=C(F)C=C32)N(/N=C/C2=CC(OC)=C(O)C=C2)C1=S,"6k， R1=H, R2=OCH3, R3 =OH, R4=H",S.aureus,125
[H]N1N=C(CC2=C(C)N([H])C3=CC=C(F)C=C32)N(/N=C/C2=CC(OC=O)=C(OC=O)C=C2)C1=S,"6l，R1=H, R2,R3=OCH2O, R4=H",S.aureus,125
O=C(O[C@H]1[C@](OC[C@H]2O)([H])[C@]2([H])OC1)CCCCCCCCC(O)CN3N=NC(C4=CC=CC=C4)=C3,6a,S.aureus,3.9
O=C(O[C@H]1[C@](OC[C@H]2O)([H])[C@]2([H])OC1)CCCCCCCCC(O)CN3N=NC(C4=CC=CC(O)=C4)=C3,6b,S.aureus,3.9
O=C1C=C(CN2N=NC(C(C)(C)C)=C2)C3=C(O1)C=C(O)C=C3,,S.aureus,256
O=C1C=C(C2=C(C=C(C=C2)O)O1)CN3N=NC(CCCCCCCC)=C3,,S.aureus,256
O=C1C=C(CN2N=NC(C3=CC=C(Br)C=C3)=C2)C4=C(O1)C=C(O)C=C4,,S.aureus,256
O=C1C=C(CN2N=NC(C3=CC=C(CCCC)C=C3)=C2)C4=C(O1)C=C(O)C=C4,,S.aureus,256
O=C1C=C(CN2N=NC(C3=CC=C(CCCCC)C=C3)=C2)C4=C(O1)C=C(O)C=C4,,S.aureus,64
O=C1C=C(CN2N=NC(C3=CC=C(CCCCCC)C=C3)=C2)C4=C(O1)C=C(O)C=C4,,S.aureus,256
O=C1C=C(CN2N=NC(C3=CC=C(C4CCC(CCC)CC4)C=C3)=C2)C5=C(O1)C=C(O)C=C5,,S.aureus,256
O=C1C=C(CN2N=NC(CNS(=O)(C3=CC=C(C)C=C3)=O)=C2)C4=C(O1)C=C(O)C=C4,,S.aureus,128
O=C1C=C(CN2N=NC(CNS(=O)(C3=CC=C(F)C=C3)=O)=C2)C4=C(O1)C=C(O)C=C4,,S.aureus,64
O=C1C=C(CN2N=NC(CNS(=O)(C3=C(Cl)C=C(F)C=C3)=O)=C2)C4=C(O1)C=C(O)C=C4,,S.aureus,64
O=C1C=C(CN2N=NC(CNS(=O)(C3=CC=C([N+]([O-])=O)C=C3)=O)=C2)C4=C(O1)C=C(O)C=C4,,S.aureus,256
O=C1C=C(CN2N=NC(CSC(N3CCOCC3)=S)=C2)C4=C(O1)C=C(O)C=C4,,S.aureus,256
O=C1C=C(CN2N=NC(CSC(N3CCNCC3)=S)=C2)C4=C(O1)C=C(O)C=C4,,S.aureus,64
O=C(N1CCC2=C1C=CC=C2)CN(N=N3)C=C3CN4C5=CC=CC=C5N=C4,"5a R1=H ，R2=H ，R3=H ,R4=H ",S.aureus,25.088
O=C(N1CCC2=C1C=CC=C2)CN(N=N3)C=C3CN4C5=CC(C)=C(C)C=C5N=C4,"5b R1=H ，R2=CH3 ，R3=H ,R4=H ",S.aureus,25.1199
O=C(N1CCC2=C1C=CC=C2)CN(N=N3)C=C3CN4C5=CC=CC=C5N=C4C,"5c R1=CH3 ，R2=H ，R3=H ,R4=H ",S.aureus,24.95281
O=C(N1CCC2=C1C=CC=C2)CN(N=N3)C=C3CN4C5=CC=CC=C5N=C4SC,"5d R1=SCH3 ，R2=H ，R3=H ,R4=H ",S.aureus,25.079
O=C(N1CCC2=C1C=CC=C2)CN(N=N3)C=C3CN4C5=CC=CC=C5N=C4C6=CC=CC=C6,"5e R1=C6H5 ，R2=H ，R3=H ,R4=H ",S.aureus,25.201
O=C(N1CCC2=C1C=CC=C2)CN(N=N3)C=C3CN4C5=CC=CC=C5N=C4C#CC#CC#[NH4],"5f R1=C5H4N ，R2=H ，R3=H ,R4= H",S.aureus,24.82293
O=C(N1C(C)CC2=C1C=CC=C2)CN(N=N3)C=C3CN4C5=CC=CC=C5N=C4,"5g R1=H ，R2=H ，R3=CH3 ,R4=H ",S.aureus,24.95281
O=C(N1C(C)CC2=C1C=CC=C2)CN(N=N3)C=C3CN4C5=CC(C)=C(C)C=C5N=C4.C,"5h R1=H ，R2=CH3 ，R3=CH3 ,R4=H ",S.aureus,25.23087
O=C(N1C(C)CC2=C1C=CC=C2)CN(N=N3)C=C3CN4C5=CC=CC=C5N=C4C,"5i R1=CH3 ，R2=H ，R3=CH3 ,R4=H ",S.aureus,25.1199
O=C(N1C(C)CC2=C1C=CC=C2)CN(N=N3)C=C3CN4C5=CC=CC=C5N=C4SC,"5j R1=SCH3 ，R2=H ，R3=CH3 ,R4=H ",S.aureus,25.1118
O=C(N1C(C)CC2=C1C=CC=C2)CN(N=N3)C=C3CN4C5=CC=CC=C5N=C4C6=CC=CC=C6,"5k R1=C6H5 ，R2=H ，R3=CH3 ,R4=H ",S.aureus,25.11768
O=C(N1C(C)CC2=C1C=CC=C2)CN(N=N3)C=C3CN4C5=CC=CC=C5N=C4C#CC#CC#[NH4],"5l R1=C5H4N ，R2=H ，R3=CH3 ,R4=H ",S.aureus,25.17312
O=C(N1CCC2=C1C=C([N+]([O-])=O)C=C2)CN(N=N3)C=C3CN4C5=CC=CC=C5N=C4,"5m R1=H ，R2=H ，R3=H ,R4=NO2 ",S.aureus,25.0108
O=C(N1CCC2=C1C=C([N+]([O-])=O)C=C2)CN(N=N3)C=C3CN4C5=CC(C)=C(C)C=C5N=C4,"5n R1=H ，R2=CH3 ，R3=H ,R4=NO2 ",S.aureus,25.02468
O=C(N1CCC2=C1C=C([N+]([O-])=O)C=C2)CN(N=N3)C=C3CN4C5=CC=CC=C5N=C4C,"5o R1=CH3 ，R2=H ，R3=H ,R4=NO2 ",S.aureus,12.5229
O=C(N1CCC2=C1C=C([N+]([O-])=O)C=C2)CN(N=N3)C=C3CN4C5=CC=CC=C5N=C4SC,"5p R1=SCH3 ，R2=H ，R3=H ,R4=NO2 ",S.aureus,25.172
O=C(N1CCC2=C1C=C([N+]([O-])=O)C=C2)CN(N=N3)C=C3CN4C5=CC=CC=C5N=C4C6=CC=CC=C6,"5q R1=C6H5 ，R2=H ，R3=H ,R4=NO2 ",S.aureus,24.934
O=C(N1CCC2=C1C=C([N+]([O-])=O)C=C2)CN(N=N3)C=C3CN4C5=CC=CC=C5N=C4C#CC#CC#[NH4],"5r R1=C5H4N ，R2=H ，R3=H ,R4=NO2 ",S.aureus,12.49274
O=C(NCC[NH3+])C(N=N1)=CN1C2=CC(C(C)(C)C)=CC(C(C)(C)C)=C2,,S.aureus,16
O=C(NCC[NH3+])C(N=N1)=CN1C2=CC=C(OCCCCCCC)C=C2,,S.aureus,8
O=C(NCC[NH3+])C1=CN(C(C=C2)=CC=C2OCC3=CC(C(C)(C)C)=CC(C(C)(C)C)=C3)N=N1,,S.aureus,2
O=C(NCCNC(N)=[NH2+])C1=CN(C2=CC(C(C)(C)C)=CC(C(C)(C)C)=C2)N=N1,,S.aureus,8
O=C(NCCNC(N)=[NH2+])C1=CN(C2=CC=C(OCCCCCCC)C=C2)N=N1,,S.aureus,8
O=C(NCCNC(N)=[NH2+])C1=CN(C(C=C2)=CC=C2OCC3=CC(C(C)(C)C)=CC(C(C)(C)C)=C3)N=N1,,S.aureus,4
C/C(C1=CN(CC2=CC(C(C)(C)C)=CC(C(C)(C)C)=C2)N=N1)=N\NC(N)=[NH2+],,S.aureus,4
C/C(C1=CN(C2=CC(C(C)(C)C)=CC(C(C)(C)C)=C2)N=N1)=N\NC(N)=[NH2+],,S.aureus,2
C/C(C1=CN(C2=CC=C(OCCCCCCC)C=C2)N=N1)=N\NC(N)=[NH2+],,S.aureus,8
C/C(C1=CN(C(C=C2)=CC=C2OCC3=CC(C(C)(C)C)=CC(C(C)(C)C)=C3)N=N1)=N\NC(N)=[NH2+],,S.aureus,0.5
FC(C=C(N1N=NC(COC2=CC=CC=C2)=C1)C=C3)=C3N4CCOCC4,,S.aureus,50
FC(C=C(N1N=NC(COC2=CC=CC(Cl)=C2)=C1)C=C3)=C3N4CCOCC4,,S.aureus,50
FC(C=C(N1N=NC(COC2=CC(Cl)=CC(Cl)=C2)=C1)C=C3)=C3N4CCOCC4,,S.aureus,12.5
FC(C=C(N1N=NC(COC2=CC=C(Br)C=C2)=C1)C=C3)=C3N4CCOCC4,,S.aureus,25
FC(C=C(N1N=NC(COC2=CC=CC=C2F)=C1)C=C3)=C3N4CCOCC4,,S.aureus,6.25
FC(C=C(N1N=NC(COC2=CC=C(F)C=C2)=C1)C=C3)=C3N4CCOCC4,,S.aureus,3.12
FC(C=C(N1N=NC(COC2=CC=CC(C(F)(F)F)=C2)=C1)C=C3)=C3N4CCOCC4,,S.aureus,25
FC(C=C(N1N=NC(COC2=CC=CC([N+]([O-])=O)=C2)=C1)C=C3)=C3N4CCOCC4,,S.aureus,25
FC(C=C(N1N=NC(CN2C(CSC3=C2C=CC=C3)=O)=C1)C=C4)=C4N5CCOCC5,,S.aureus,25
FC(C=C(N1N=NC(CN2CCS(C3=C2C=CC=C3)(=O)=O)=C1)C=C4)=C4N5CCOCC5,,S.aureus,50
FC(C=C(N1N=NC(CN2C(C=CC=C3)=C3SC4=C2C=CC=C4)=C1)C=C5)=C5N6CCOCC6,,S.aureus,25
FC(C=C(N1N=NC(CSC2=NC(C=CC=C3)=C3S2)=C1)C=C4)=C4N5CCOCC5,,S.aureus,50
FC(C=C(N1N=NC(COC(C2=CC(C=CC=C3)=C3N2)=O)=C1)C=C4)=C4N5CCOCC5,,S.aureus,3.12
FC(C=C(N1N=NC(COC2=CC=CC3=C2N=CC=C3)=C1)C=C4)=C4N5CCOCC5,,S.aureus,25
FC(C=C(N1N=NC(CN2C(COC3=C2C=CC(Br)=C3)=O)=C1)C=C4)=C4N5CCOCC5,,S.aureus,25
FC(C=C(N1N=NC(COC2=CC=C(C(C)=CC(O3)=O)C3=C2)=C1)C=C4)=C4N5CCOCC5,,S.aureus,25
FC(C=C(N1N=NC(COC2=CC(OC3=C2C=CC=C3)=O)=C1)C=C4)=C4N5CCOCC5,,S.aureus,25
FC(C=C(N1N=NC(CSC2=NC(C=CC=C3)=C3O2)=C1)C=C4)=C4N5CCOCC5,,S.aureus,6.25
O=C(/C(S1)=C\C(C2=CC=CC=C23)=CN3CC4=CN(N=N4)C5=CC=CC=C5)NC1=O,,S.aureus,24.99
O=C(/C(S1)=C\C(C2=CC=CC=C23)=CN3CC4=CN(N=N4)C5=C(Cl)C=CC=C5)NC1=O,,S.aureus,45.96
O=C(/C(S1)=C\C(C2=CC=CC=C23)=CN3CC4=CN(N=N4)C5=CC(Cl)=CC=C5)NC1=O,,S.aureus,45.96
O=C(/C(S1)=C\C(C2=CC=CC=C23)=CN3CC4=CN(N=N4)C5=CC=C(Cl)C=C5)NC1=O,,S.aureus,22.98
O=C(/C(S1)=C\C(C2=CC=CC=C23)=CN3CC4=CN(N=N4)C5=C([N+]([O-])=O)C=CC=C5)NC1=O,,S.aureus,22.63
O=C(/C(S1)=C\C(C2=CC=CC=C23)=CN3CC4=CN(N=N4)C5=CC([N+]([O-])=O)=CC=C5)NC1=O,,S.aureus,45.26
O=C(/C(S1)=C\C(C2=CC=CC=C23)=CN3CC4=CN(N=N4)C5=CC=C([N+]([O-])=O)C=C5)NC1=O,,S.aureus,22.63
O=C(/C(S1)=C\C(C2=CC=CC=C23)=CN3CC4=CN(N=N4)C5=C(C)C=CC=C5)NC1=O,,S.aureus,48.56
O=C(/C(S1)=C\C(C2=CC=CC=C23)=CN3CC4=CN(N=N4)C5=C(C)C=CC(C)=C5)NC1=O,,S.aureus,46.9
O=C(/C(S1)=C\C(C2=CC=CC=C23)=CN3CC4=CN(N=N4)C5=CC(C)=C(C)C=C5)NC1=O,,S.aureus,23.45
O=C(/C(S1)=C\C(C2=CC=CC=C23)=CN3CC4=CN(N=N4)C5=CC=C(F)C=C5)NC1=O,,S.aureus,23.84
O=C(/C(S1)=C\C(C2=CC=CC=C23)=CN3CC4=CN(N=N4)C5=CC(C(F)(F)F)=CC=C5)NC1=O,,S.aureus,21.3
O=C(/C(S1)=C\C(C2=CC=CC=C23)=CN3CC4=CN(N=N4)CC5=CC=CC=C5)NC1=O,,S.aureus,48.44
O=C(/C(S1)=C\C(C2=CC=CC=C23)=CN3CC4=CN(N=N4)CC(OCC)=O)NC1=O,,S.aureus,24.28
O=C(/C(S1)=C\C(C2=CC=CC=C23)=CN3CC4=CN(N=N4)C5=C(F)C=C(F)C(F)=C5)NC1=O,,S.aureus,22.23
O=C(N1)/C(SC1=O)=C\C2=CN(CC3=CN(C4=C(C=C(C=C4Br)Br)Br)N=N3)C5=CC=CC=C25,,S.aureus,31.68
O=C(/C(S1)=C\C(C2=CC=CC=C23)=CN3CC4=CN(N=N4)C5=C(C)C=CC([N+]([O-])=O)=C5)NC1=O,,S.aureus,21.88
NC1=NC(OCC2=CN(C3=NNC4=NC(C(F)(F)F)=CC=C43)N=N2)=CC(C(F)(F)F)=N1,"7, H",S.aureus,15.6
NC1=NC(OCC2=CN(N=N2)C3=NN(C4=NC(C(F)(F)F)=CC=C34)CC)=CC(C(F)(F)F)=N1,"9a, CH₂CH₂—",S.aureus,250
NC1=NC(OCC2=CN(N=N2)C3=NN(C4=NC(C(F)(F)F)=CC=C34)COC(CC)=O)=CC(C(F)(F)F)=N1,"9b, CH₃CH₂OC(O)CH₂—",S.aureus,15.6
NC1=NC(OCC2=CN(N=N2)C3=NN(C4=NC(C(F)(F)F)=CC=C34)CC=C)=CC(C(F)(F)F)=N1,"9c, CH₂=CH-CH₂—",S.aureus,250
NC1=NC(OCC2=CN(N=N2)C3=NN(C4=NC(C(F)(F)F)=CC=C34)CC#C)=CC(C(F)(F)F)=N1,"9d, HC≡C-CH₂—",S.aureus,250
NC1=NC(OCC2=CN(N=N2)C3=NN(C4=NC(C(F)(F)F)=CC=C34)CCCCCCCC)=CC(C(F)(F)F)=N1,"9e, CH₂(CH₂)₆CH₂—",S.aureus,250
NC1=NC(OCC2=CN(N=N2)C3=NN(C4=NC(C(F)(F)F)=CC=C34)CCCCCCC)=CC(C(F)(F)F)=N1,"9f, CH₂(CH₂)₅CH₂—",S.aureus,7.8
NC1=NC(OCC2=CN(N=N2)C3=NN(C4=NC(C(F)(F)F)=CC=C34)CCC(F)(C(F)(C(F)(C(F)(C(F)(C(F)(C(F)(C(F)(F)F)F)F)F)F)F)F)F)=CC(C(F)(F)F)=N1,"9g, CF₃(CF₂)₇CH₂CH₂—",S.aureus,250
