SMILES,,S.a,毒性
O=C(C1=CC=C(Br)C=C1)C2=C(N(CC3=CC=CC=C3)CC#C)NN=N2,O=C(C1=CC=C(Br)C=C1)C2=C(N(CC3=CC=CC=C3)CC#C)NN=N2,15.7,中毒
O=C(C1=CC=C(Br)C=C1)C2=C(N(CC3=CC=CC=C3)CC4=CC=CC=C4)NN=N2,O=C(C1=CC=C(Br)C=C1)C2=C(N(CC3=CC=CC=C3)CC4=CC=CC=C4)NN=N2,3.9,中毒
O=C(C1=C(N(CC)CCCC)NN=N1)C2=CC=C([N+]([O-])=O)C=C2,O=C(C1=C(N(CC)CCCC)NN=N1)C2=CC=C([N+]([O-])=O)C=C2,100,中毒
BrC1=CC=C(C(C2=C(N(C)CCCCCC)NN=N2)=O)C=C1,BrC1=CC=C(C(C2=C(N(C)CCCCCC)NN=N2)=O)C=C1,50,中毒
BrC1=CC=C(C(C2=C(N(C)CCCCC)NN=N2)=O)C=C1,BrC1=CC=C(C(C2=C(N(C)CCCCC)NN=N2)=O)C=C1,50,中毒
BrC1=CC=C(C(C2=C(N(CCCCC)CCCCC)NN=N2)=O)C=C1,BrC1=CC=C(C(C2=C(N(CCCCC)CCCCC)NN=N2)=O)C=C1,50,中毒
BrC1=CC=C(C(C2=C(N(CCC)CCCC)NN=N2)=O)C=C1,BrC1=CC=C(C(C2=C(N(CCC)CCCC)NN=N2)=O)C=C1,25,中毒
O=C(C1=CC=C(Br)C=C1)C2=C(N3[C@H](CN4CCCC4)CCC3)NN=N2,O=C(C1=CC=C(Br)C=C1)C2=C(N3[C@H](CN4CCCC4)CCC3)NN=N2,125,中毒
O=C(C1=C(N(CC)CCCC)NN=N1)C2=CC=CC=C2,O=C(C1=C(N(CC)CCCC)NN=N1)C2=CC=CC=C2,200,中毒
