smiles,toxicity_label,n,counts_json
[NH3+]CCNC(C1=CN(C2=CC(C(C)(C)C)=CC(C(C)(C)C)=C2)N=N1)=O,高毒,12,"{""高毒"": 8, ""中毒"": 4}"
[NH3+]CCNC(C(N=N1)=CN1C2=CC=C(OCCCCCCC)C=C2)=O,高毒,12,"{""高毒"": 8, ""中毒"": 4}"
[NH3+]CCNC(C(N=N1)=CN1C2=CC=C(C=C2)OCC3=CC(C(C)(C)C)=CC(C(C)(C)C)=C3)=O,高毒,6,"{""高毒"": 4, ""中毒"": 2}"
NC(NCCNC(C(N=N1)=CN1C2=CC(C(C)(C)C)=CC(C(C)(C)C)=C2)=O)=[NH2+],中毒,12,"{""高毒"": 8, ""中毒"": 4}"
NC(NCCNC(C(N=N1)=CN1C2=CC=C(OCCCCCCC)C=C2)=O)=[NH2+],中毒,12,"{""高毒"": 8, ""中毒"": 4}"
NC(NCCNC(C(N=N1)=CN1C2=CC=C(C=C2)OCC3=CC(C(C)(C)C)=CC(C(C)(C)C)=C3)=O)=[NH2+],中毒,6,"{""高毒"": 4, ""中毒"": 2}"
C/C(C(N=N1)=CN1CC2=CC(C(C)(C)C)=CC(C(C)(C)C)=C2)=N/NC(N)=[NH2+],高毒,2,"{""高毒"": 2}"
C/C(C(N=N1)=CN1C2=CC(C(C)(C)C)=CC(C(C)(C)C)=C2)=N\NC(N)=[NH2+],高毒,12,"{""高毒"": 8, ""中毒"": 4}"
C/C(C(N=N1)=CN1C2=CC=C(OCCCCCCC)C=C2)=N\NC(N)=[NH2+],高毒,12,"{""高毒"": 8, ""中毒"": 4}"
C/C(C(N=N1)=CN1C2=CC=C(C=C2)OCC3=CC(C(C)(C)C)=CC(C(C)(C)C)=C3)=N\NC(N)=[NH2+],高毒,6,"{""高毒"": 4, ""中毒"": 2}"
O=C(N(C1=C2C=CC=C1)CC3=CN(N=N3)C4=CC=CC=C4)OC2=O,高毒,9,"{""高毒"": 9}"
O=C(N(C1=C2C=CC=C1)CC3=CN(N=N3)C4=CC=C(C)C=C4)OC2=O,高毒,9,"{""高毒"": 9}"
O=C(OC1=O)N(CC2=CN(C3=CC=C(C=C3)OC)N=N2)C4=C1C=CC=C4,高毒,9,"{""高毒"": 9}"
O=C(OC1=O)N(CC2=CN(C3=C(Cl)C=CC=C3)N=N2)C4=C1C=CC=C4,高毒,9,"{""高毒"": 9}"
O=C(N(C1=C2C=CC=C1)CC3=CN(N=N3)C4=CC(Cl)=CC=C4)OC2=O,高毒,9,"{""高毒"": 9}"
O=C(N(C1=C2C=CC=C1)CC3=CN(N=N3)C4=CC(Cl)=C(Cl)C=C4Cl)OC2=O,高毒,9,"{""高毒"": 9}"
O=C(OC1=O)N(CC2=CN(C3=CC=C(C(Cl)=C3)Cl)N=N2)C4=C1C=CC=C4,高毒,9,"{""高毒"": 9}"
O=C(N(C1=C2C=CC=C1)CC3=CN(N=N3)C4=CC=CC([N+]([O-])=O)=C4)OC2=O,高毒,9,"{""高毒"": 9}"
O=C(OC1=O)N(CC2=CN(C3=CC=C([N+]([O-])=O)C=C3)N=N2)C4=C1C=CC=C4,高毒,9,"{""高毒"": 9}"
O=C(NC1=O)C2=C(C=CC=C2)N1CC3=CN=NN3C4=CC=CC=C4,高毒,2,"{""高毒"": 2}"
O=C(N(C1=C2C=CC=C1)CC3=CN=NN3C4=CC=C(C)C=C4)NC2=O,高毒,2,"{""高毒"": 2}"
O=C(NC1=O)N(CC2=CN(C3=CC=C(C=C3)OC)N=N2)C4=C1C=CC=C4,高毒,5,"{""高毒"": 5}"
O=C(N(C1=C2C=CC=C1)CC3=CN(N=N3)C4=C(C=CC=C4)Cl)NC2=O,高毒,5,"{""高毒"": 5}"
O=C(N(C1=C2C=CC=C1)CC3=CN(N=N3)C4=CC(Cl)=CC=C4)NC2=O,高毒,5,"{""高毒"": 5}"
O=C(N(C1=C2C=CC=C1)CC3=CN(N=N3)C4=CC(Cl)=C(Cl)C=C4Cl)NC2=O,高毒,5,"{""高毒"": 5}"
O=C(N(C1=C2C=CC=C1)CC3=CN(N=N3)C4=CC=C(Cl)C=C4)NC2=O,高毒,5,"{""高毒"": 5}"
CC(NC1=CC=CC(OCC2=CN(CC3=CC=CC=C3)N=N2)=C1)=O,高毒,12,"{""高毒"": 9, ""中毒"": 3}"
CC(NC1=CC=CC(OCC2=CN(CC3=CC=CC=C3F)N=N2)=C1)=O,中毒,12,"{""高毒"": 9, ""中毒"": 3}"
CC(NC1=CC=CC(OCC2=CN(CC3=CC=CC(F)=C3)N=N2)=C1)=O,中毒,12,"{""高毒"": 9, ""中毒"": 3}"
CC(NC1=CC=CC(OCC2=CN(CC3=CC=C(F)C=C3)N=N2)=C1)=O,高毒,12,"{""高毒"": 9, ""中毒"": 3}"
CC(NC1=CC=CC(OCC2=CN(CC3=CC=CC=C3Cl)N=N2)=C1)=O,高毒,12,"{""高毒"": 9, ""中毒"": 3}"
CC(NC1=CC=CC(OCC2=CN(CC3=CC=CC(Cl)=C3)N=N2)=C1)=O,高毒,12,"{""高毒"": 9, ""中毒"": 3}"
CC(NC1=CC=CC(OCC2=CN(CC3=CC=C(Cl)C=C3)N=N2)=C1)=O,中毒,12,"{""高毒"": 9, ""中毒"": 3}"
CC(NC1=CC=CC(OCC2=CN(CC3=CC=C(Cl)C=C3Cl)N=N2)=C1)=O,高毒,12,"{""高毒"": 9, ""中毒"": 3}"
CC(NC1=CC=CC(OCC2=CN(CC3=CC=C(Cl)C(Cl)=C3)N=N2)=C1)=O,高毒,12,"{""高毒"": 9, ""中毒"": 3}"
CC(NC1=CC=CC(OCC2=CN(CC3=CC=CC=C3C)N=N2)=C1)=O,高毒,12,"{""高毒"": 9, ""中毒"": 3}"
CC(NC1=CC=CC(OCC2=CN(CC3=CC=CC(C)=C3)N=N2)=C1)=O,高毒,12,"{""高毒"": 9, ""中毒"": 3}"
CC(NC1=CC=CC(OCC2=CN(CC3=CC=C(C)C=C3)N=N2)=C1)=O,高毒,12,"{""高毒"": 9, ""中毒"": 3}"
O=P(O)(C[C@H](C(OCC)=O)OCC1=CN(CCCCCCCCCCCC)N=N1)OCCCNCC(C=C2)=CC=C2C3=CC=CC=C3,微毒,2,"{""微毒"": 2}"
O=P(O)(C[C@H](C(OCC)=O)OCC1=CN(CCCCCCCCCCCC)N=N1)OCCCN(C)CC(C=C2)=CC=C2C3=CC=CC=C3,微毒,2,"{""微毒"": 2}"
O=P(O)(C[C@H](C(OCC)=O)OCC1=CN(CCCCCCCCCCCC)N=N1)OCCCN(CC2=CC=C(C3=CC=CC=C3)C=C2)CC(C=C4)=CC=C4C5=CC=CC=C5,微毒,1,"{""微毒"": 1}"
O=C(OCC1=CN(CC2=CC=CC=C2)N=N1)/C=C/C3=COC4=C(C=C(C)C=C4)C3=O,中毒,9,"{""中毒"": 4, ""高毒"": 5}"
O=C(OCC1=CN(CC2=CC=CC=C2F)N=N1)/C=C/C3=COC4=C(C=C(C)C=C4)C3=O,高毒,9,"{""中毒"": 4, ""高毒"": 5}"
O=C(OCC1=CN(CC2=CC=CC(F)=C2)N=N1)/C=C/C3=COC4=C(C=C(C)C=C4)C3=O,高毒,9,"{""中毒"": 4, ""高毒"": 5}"
CC1=CC=C2OC=C(/C=C/C(=O)OCC3=CN(C4=CC=C(F)C=C4)N=N3)C(=O)C2=C1,中毒,1,"{""中毒"": 1}"
O=C(OCC1=CN(CC2=CC=CC(Cl)=C2)N=N1)/C=C/C3=COC4=C(C=C(C)C=C4)C3=O,中毒,9,"{""中毒"": 4, ""高毒"": 5}"
O=C(OCC1=CN(CC2=CC=C(Cl)C=C2)N=N1)/C=C/C3=COC4=C(C=C(C)C=C4)C3=O,高毒,9,"{""中毒"": 4, ""高毒"": 5}"
O=C(OCC1=CN(CC2=CC=CC=C2C)N=N1)/C=C/C3=COC4=C(C=C(C)C=C4)C3=O,高毒,9,"{""中毒"": 4, ""高毒"": 5}"
O=C(OCC1=CN(CC2=CC=CC(C)=C2)N=N1)/C=C/C3=COC4=C(C=C(C)C=C4)C3=O,中毒,9,"{""中毒"": 4, ""高毒"": 5}"
O=C(OCC1=CN(CC2=CC=C(C)C=C2)N=N1)/C=C/C3=COC4=C(C=C(C)C=C4)C3=O,中毒,9,"{""中毒"": 4, ""高毒"": 5}"
O=C(OCC1=CN(CC2=CC=C(Cl)C=C2Cl)N=N1)/C=C/C3=COC4=C(C=C(C)C=C4)C3=O,高毒,9,"{""中毒"": 4, ""高毒"": 5}"
ClC1=NC2=CC=C(OC)C=C2C=C1COCC3=CN(CC(C4=CC=C(F)C=C4)=O)N=N3,低毒,1,"{""低毒"": 1}"
ClC1=NC2=CC=C(OC)C=C2C=C1C(NCC3=CN(CC(C4=CC=C(OC)C=C4)=O)N=N3)=O,低毒,4,"{""低毒"": 4}"
ClC1=NC2=CC=C(OC)C=C2C=C1C(NCC3=CN(CC(C4=CC=C(F)C=C4)=O)N=N3)=O,低毒,4,"{""低毒"": 4}"
ClC1=NC2=CC=C(OC)C=C2C=C1C(NCC3=CN(CC(C4=CC=C([N+]([O-])=O)C=C4)=O)N=N3)=O,低毒,4,"{""低毒"": 4}"
ClC1=NC2=CC=C(OC)C=C2C=C1C(NCC3=CN(CC(C4=CC=CC=C4)=O)N=N3)=O,低毒,4,"{""低毒"": 4}"
ClC1=NC2=CC=C(OC)C=C2C=C1C(NCC3=CN(C4=CC=C(OC)C=C4)N=N3)=O,低毒,3,"{""低毒"": 3}"
ClC1=NC2=CC=C(OC)C=C2C=C1C(NCC3=CN(C4=CC=CC=C4)N=N3)=O,低毒,3,"{""低毒"": 3}"
ClC1=NC2=CC=C(OC)C=C2C=C1C(NCC3=CN(C4=CC=C(C#N)C=C4)N=N3)=O,低毒,3,"{""低毒"": 3}"
C1(C2=CN(CC3=CN(C4=CC=CC=C4)N=N3)C5=C2C=CC=C5)=NC6=CC=CC=C6N1,中毒,9,"{""中毒"": 9}"
ClC1=CC=CC=C1N2N=NC(CN3C=C(C4=NC5=CC=CC=C5N4)C6=C3C=CC=C6)=C2,中毒,9,"{""中毒"": 9}"
ClC1=CC=C(N2N=NC(CN3C=C(C4=NC5=CC=CC=C5N4)C6=C3C=CC=C6)=C2)C=C1,中毒,9,"{""中毒"": 9}"
CC1=CC(N2N=NC(CN3C=C(C4=NC5=CC=CC=C5N4)C6=C3C=CC=C6)=C2)=CC=C1,中毒,9,"{""中毒"": 9}"
CC1=CC=C(N2N=NC(CN3C=C(C4=NC5=CC=CC=C5N4)C6=C3C=CC=C6)=C2)C=C1,中毒,9,"{""中毒"": 9}"
COC1=CC=CC=C1N2N=NC(CN3C=C(C4=NC5=CC=CC=C5N4)C6=C3C=CC=C6)=C2,中毒,9,"{""中毒"": 9}"
COC1=CC=C(N2N=NC(CN3C=C(C4=NC5=CC=CC=C5N4)C6=C3C=CC=C6)=C2)C=C1,中毒,9,"{""中毒"": 9}"
O=[N+](C1=CC=CC=C1N2N=NC(CN3C=C(C4=NC5=CC=CC=C5N4)C6=C3C=CC=C6)=C2)[O-],中毒,9,"{""中毒"": 9}"
FC(C1=CC(N2N=NC(CN3C=C(C4=NC5=CC=CC=C5N4)C6=C3C=CC=C6)=C2)=CC=C1)(F)F,中毒,9,"{""中毒"": 9}"
C1(C2=CN(CC3=CN(CC4=CC=CC=C4)N=N3)C5=C2C=CC=C5)=NC6=CC=CC=C6N1,中毒,1,"{""中毒"": 1}"
O=C1C2=CC=CC3=CC=CC(=C32)C(=O)N1CCCN1C=C(CSC(=S)N(N2CCCC2)N2CCCC2)N=N1,中毒,1,"{""中毒"": 1}"
O=C1C2=CC=CC3=CC=CC(=C32)C(=O)N1CCCN1C=C(CSC(=S)N(N2CCCCC2)N2CCCCC2)N=N1,中毒,1,"{""中毒"": 1}"
O=C1C2=CC=CC3=CC=CC(=C32)C(=O)N1CCCN1C=C(CSC(=S)N(N2CCOCC2)N2CCOCC2)N=N1,中毒,1,"{""中毒"": 1}"
CN1CCN(N(C(=S)SCC2=CN(CCCN3C(=O)C4=CC=CC5=CC=CC(=C54)C3=O)N=N2)N2CCN(C)CC2)CC1,高毒,1,"{""高毒"": 1}"
O=C1C2=CC=CC3=CC=CC(=C32)C(=O)N1CCCN1C=C(CSC(=S)N(N2CCN(C3=CC=CC=C3)CC2)N2CCN(C3=CC=CC=C3)CC2)N=N1,中毒,1,"{""中毒"": 1}"
CN(C)CCN1C(=O)C2=CC=CC3=C(N4C=C(CSC(=S)N(N5CCCC5)N5CCCC5)N=N4)C=CC(=C23)C1=O,中毒,1,"{""中毒"": 1}"
CN(C)CCN1C(=O)C2=CC=CC3=C(N4C=C(CSC(=S)N(C5CCCCC5)N5CCCCC5)N=N4)C=CC(=C23)C1=O,中毒,1,"{""中毒"": 1}"
CN(C)CCN1C(=O)C2=CC=C(N3C=C(CSC(=S)N(C4CCOCC4)N4CCOCC4)N=N3)C3=CC=CC(=C23)C1=O,中毒,1,"{""中毒"": 1}"
CN(C)CCN1C(=O)C2=CC=CC3=C(N4C=C(CSC(=S)N(C5CCN(C)CC5)N5CCN(C)CC5)N=N4)C=CC(=C23)C1=O,高毒,1,"{""高毒"": 1}"
CN(C)CCN1C(=O)C2=CC=C(N3C=C(CSC(=S)N(C4CCN(C5=CC=CC=C5)CC4)N4CCN(C5=CC=CC=C5)CC4)N=N3)C3=CC=CC(=C23)C1=O,中毒,1,"{""中毒"": 1}"
S=C1NN=C(C2=CC=CS2)N1C3=CC=C(F)C=C3,高毒,2,"{""高毒"": 2}"
S=C1NN=C(C2=CC=C(Br)S2)N1C3=CC=C(Br)C=C3,高毒,2,"{""高毒"": 2}"
S=C1N(CN2CCOCC2)N=C(C3=CC=CS3)N1C4=CC=C(F)C=C4,高毒,2,"{""高毒"": 2}"
S=C1N(CN2CCSCC2)N=C(C3=CC=CS3)N1C4=CC=C(F)C=C4,高毒,2,"{""高毒"": 2}"
S=C1N(CN2CCOCC2)N=C(C3=CC=CS3)N1C4=CC=C(F)C=C4Br,高毒,2,"{""高毒"": 2}"
S=C1N(CN2CCSCC2)N=C(C3=CC=CS3)N1C4=CC=C(F)C=C4Br,高毒,2,"{""高毒"": 2}"
S=C1N(CN2CCN(C)CC2)N=C(C3=CC=CS3)N1C4=CC=C(F)C=C4,高毒,1,"{""高毒"": 1}"
S=C1N(CN2CCN(C3=CC=CC=C3)CC2)N=C(C4=CC=CS4)N1C5=CC=C(F)C=C5Br,高毒,2,"{""高毒"": 2}"
FC1=CC(Br)=C(N2C(N(CN3CCN(C4=CC=CC=C4OC)CC3)N=C2C5=CC=CS5)=S)C=C1,高毒,2,"{""高毒"": 2}"
S=C1N(CN2CCC(C3=CC=CC=C3)CC2)N=C(C4=CC=CS4)N1C5=CC=C(F)C=C5,高毒,1,"{""高毒"": 1}"
S=C1N(CN2CC3=C(C=CC=C3)CC2)N=C(C4=CC=CS4)N1C5=CC=C(F)C=C5,高毒,1,"{""高毒"": 1}"
S=C1N(CN(C)C2=CC=CC=C2)N=C(C3=CC=CS3)N1C4=CC=C(F)C=C4,高毒,1,"{""高毒"": 1}"
S=C1N(N)C(C2=CC=CC=C2)=NN1,低毒,1,"{""低毒"": 1}"
S=C1N(/N=C/C2=CC=CC=C2)C(C3=CC=CC=C3)=NN1,低毒,2,"{""低毒"": 2}"
O=[N+]([O-])C1=CC=C(/C=N/N2C(=S)NN=C2C2=CC=CC=C2)C=C1,低毒,2,"{""低毒"": 2}"
S=C1N(C(C2=CC=CC=C2)=NN1)/N=C/C3=CC=CO3,低毒,1,"{""低毒"": 1}"
S=C1N(C(C2=CC=CC=C2)=NN1)/N=C/C3=CC=C[s]3,低毒,1,"{""低毒"": 1}"
C#CCSC1N(C(C2=CC=CC=C2)=NN1)/N=C/C3=CC=CC=C3,低毒,3,"{""低毒"": 3}"
C#CCSC1N(C(C2=CC=CC=C2)=NN1)/N=C/C3=CC=C(OC)C=C3,低毒,3,"{""低毒"": 3}"
C#CCSC1N(C(C2=CC=CC=C2)=NN1)/N=C/C3=CC=C([N+]([O-])=O)C=C3,低毒,3,"{""低毒"": 3}"
C#CCSC1N(C(C2=CC=CC=C2)=NN1)/N=C/C3=CC=CO3,低毒,1,"{""低毒"": 1}"
C#CCSC1N(C(C2=CC=CC=C2)=NN1)/N=C/C3=CC=C[s]3,低毒,1,"{""低毒"": 1}"
O=[N+](C(C=C1)=CC=C1N2N=NC(CSC3N(C(C4=CC=CC=C4)=NN3)/N=C/C5=CC=CC=C5)=C2)[O-],低毒,6,"{""低毒"": 5, ""微毒"": 1}"
O=[N+](C1=CC=CC(N2N=NC(CSC3N(C(C4=CC=CC=C4)=NN3)/N=C/C5=CC=CC=C5)=C2)=C1)[O-],低毒,6,"{""低毒"": 5, ""微毒"": 1}"
COC(C=C1)=CC=C1/C=N/N2C(SCC3=CN(C4=CC=C([N+]([O-])=O)C=C4)N=N3)NN=C2C5=CC=CC=C5,低毒,6,"{""低毒"": 5, ""微毒"": 1}"
COC(C=C1)=CC=C1/C=N/N2C(SCC3=CN(C4=CC([N+]([O-])=O)=CC=C4)N=N3)NN=C2C5=CC=CC=C5,低毒,6,"{""低毒"": 5, ""微毒"": 1}"
O=[N+](C(C=C1)=CC=C1/C=N/N2C(SCC3=CN(C4=CC=C([N+]([O-])=O)C=C4)N=N3)NN=C2C5=CC=CC=C5)[O-],低毒,6,"{""低毒"": 5, ""微毒"": 1}"
O=[N+](C(C=C1)=CC=C1/C=N/N2C(SCC3=CN(C4=CC([N+]([O-])=O)=CC=C4)N=N3)NN=C2C5=CC=CC=C5)[O-],微毒,6,"{""低毒"": 5, ""微毒"": 1}"
O=[N+](C(C=C1)=CC=C1N2N=NC(CSC3N(C(C4=CC=CC=C4)=NN3)/N=C/C5=CC=CO5)=C2)[O-],低毒,2,"{""低毒"": 2}"
O=[N+](C1=CC=CC(N2N=NC(CSC3N(C(C4=CC=CC=C4)=NN3)/N=C/C5=CC=CO5)=C2)=C1)[O-],低毒,2,"{""低毒"": 2}"
O=[N+](C(C=C1)=CC=C1N2N=NC(CSC3N(C(C4=CC=CC=C4)=NN3)/N=C/C5=CC=CS5)=C2)[O-],低毒,2,"{""低毒"": 2}"
O=[N+](C1=CC=CC(N2N=NC(CSC3N(C(C4=CC=CC=C4)=NN3)/N=C/C5=CC=CS5)=C2)=C1)[O-],低毒,2,"{""低毒"": 2}"
S=C1NN=C(C2CC2)N1C1=CC=C(Cl)C=C1,低毒,1,"{""低毒"": 1}"
S=C1NN=C(C2CCCCC2)N1C1=CC=C(Cl)C=C1,低毒,1,"{""低毒"": 1}"
S=C1N(CN2CCCC2)N=C(C3CC3)N1C4=CC=C(Cl)C=C4,低毒,1,"{""低毒"": 1}"
S=C1N(CN2CCCCC2)N=C(C3CC3)N1C4=CC=C(Cl)C=C4,低毒,1,"{""低毒"": 1}"
S=C1N(CN2CCN(C3=CC=CC=C3)CC2)N=C(C4CC4)N1C5=CC=C(Cl)C=C5,低毒,1,"{""低毒"": 1}"
S=C1N(CN2CCCC2)N=C(C3CCCC3)N1C4=CC=C(Cl)C=C4Cl,低毒,1,"{""低毒"": 1}"
S=C1N(CN2CCCCC2)N=C(C3CCCC3)N1C4=CC=C(Cl)C=C4Cl,低毒,1,"{""低毒"": 1}"
S=C1N(CN2CCN(CCO)CC2)N=C(C3CCCC3)N1C4=CC=C(Cl)C=C4Cl,低毒,1,"{""低毒"": 1}"
S=C1N(CN2CCN(C3=CC=CC=C3)CC2)N=C(C4CCCC4)N1C5=CC=C(Cl)C=C5Cl,低毒,1,"{""低毒"": 1}"
S=C1N(CN2CCNCC2)N=C(C3CCCCC3)N1C4=CC=C(Cl)C=C4,低毒,1,"{""低毒"": 1}"
S=C1N(CN2CCCC2)N=C(C2=CC=CN=C2)N1C1=CC=CC=C1,低毒,1,"{""低毒"": 1}"
S=C1N(CN2CCCCC2)N=C(C3=CC=CN=C3)N1C4=CC=CC=C4,低毒,1,"{""低毒"": 1}"
S=C1N(CN2CCN(C3=CC=CC=C3)CC2)N=C(C4=CC=CN=C4)N1C5=CC=CC=C5,低毒,1,"{""低毒"": 1}"
O=C(OC)C1=CC(C2=C1C=CC=C2)CCCC(N3/N=C/C4=CC=CC(O)=C4)=NN=C3C5=CC=CC6=CC=CC=C65,中毒,11,"{""中毒"": 5, ""高毒"": 6}"
O=C(OC)C1=CC(C2=C1C=CC=C2)CCCC(N3/N=C/C4=CC=C(Br)C=C4)=NN=C3C5=CC=CC6=CC=CC=C65,高毒,11,"{""中毒"": 5, ""高毒"": 6}"
O=C(C1=CC(CCCC2=NN=C(C3=CC=CC4=CC=CC=C43)N2/N=C/C5=CC=C(C=C5)[N+]([O-])=O)C6=C1C=CC=C6)OC,高毒,11,"{""中毒"": 5, ""高毒"": 6}"
O=C(C1=CC(CCCC2=NN=C(C3=CC=CC4=CC=CC=C43)N2/N=C/C5=CC=C(C=C5)O)C6=C1C=CC=C6)OC,中毒,11,"{""中毒"": 5, ""高毒"": 6}"
O=C(OC)C1=CC(C2=C1C=CC=C2)CCCC(N3/N=C/C4=CC=C(F)C=C4)=NN=C3C5=CC=CC6=CC=CC=C65,高毒,11,"{""中毒"": 5, ""高毒"": 6}"
O=C(OC)C1=CC(C2=C1C=CC=C2)CCCC(N3/N=C/C4=CC=CC=C4Cl)=NN=C3C5=CC=CC6=CC=CC=C65,高毒,11,"{""中毒"": 5, ""高毒"": 6}"
O=C(OC)C1=CC(C2=C1C=CC=C2)CCCC(N3/N=C/C4=CC=CO4)=NN=C3C5=CC=CC6=CC=CC=C65,中毒,1,"{""中毒"": 1}"
O=C(OC)C1=CC(C2=C1C=CC=C2)CCCC(N3/N=C/C4=CC=C(Cl)C=C4)=NN=C3C5=CC=CC6=CC=CC=C65,高毒,11,"{""中毒"": 5, ""高毒"": 6}"
O=C(C1=CC(CCCC2=NN=C(C3=CC=CC4=CC=CC=C43)N2/N=C/C5=CC=C(C=C5)OC)C6=C1C=CC=C6)OC,中毒,11,"{""中毒"": 5, ""高毒"": 6}"
O=C(OC)C1=CC(C2=C1C=CC=C2)CCCC(N3/N=C/C4=CC=CC=C4O)=NN=C3C5=CC=CC6=CC=CC=C65,中毒,11,"{""中毒"": 5, ""高毒"": 6}"
O=C(OC)C1=CC(C2=C1C=CC=C2)CCCC(N3/N=C/C4=CC=CC(F)=C4)=NN=C3C5=CC=CC6=CC=CC=C65,高毒,11,"{""中毒"": 5, ""高毒"": 6}"
O=C(OC)C1=CC(C2=C1C=CC=C2)CCCC(N3/N=C/C4=CC=CC=C4)=NN=C3C5=CC=CC6=CC=CC=C65,中毒,11,"{""中毒"": 5, ""高毒"": 6}"
CCN1C(SCC2=CC(=O)OC3=C(C)C=C(C)C=C23)=NN=C1C1=CC=CS1,低毒,1,"{""低毒"": 1}"
O=[N+]([O-])C1=CC=C(CN2C=C(N=N2)COC3=CC4=C(C(C)=C3)C=CC(O4)=O)C=C1[H],高毒,6,"{""高毒"": 6}"
[H]C1=CC=C(C=C1[N+]([O-])=O)CN2C=C(N=N2)COC3=CC4=C(C(C)=C3)C=CC(O4)=O,高毒,6,"{""高毒"": 6}"
ClC1=CC=C(CN2C=C(N=N2)COC3=CC4=C(C(C)=C3)C=CC(O4)=O)C=C1[H],高毒,6,"{""高毒"": 6}"
[H]C1=CC=C(CN2C=C(N=N2)COC3=CC4=C(C(C)=C3)C=CC(O4)=O)C=C1Cl,高毒,6,"{""高毒"": 6}"
BrC1=CC=C(CN2C=C(N=N2)COC3=CC4=C(C(C)=C3)C=CC(O4)=O)C=C1[H],高毒,6,"{""高毒"": 6}"
[H]C1=CC=C(C=C1[H])CN2C=C(N=N2)COC3=CC4=C(C(C)=C3)C=CC(O4)=O,高毒,6,"{""高毒"": 6}"
[H]C1=CC(CN2C=C(N=N2)COC(C(C=CC=C3)=C3O4)=CC4=O)=CC=C1[N+]([O-])=O,高毒,5,"{""高毒"": 5}"
O=C1OC2=C(C=CC=C2)C(OCC(N=N3)=CN3CC4=CC=C([H])C([N+]([O-])=O)=C4)=C1,高毒,5,"{""高毒"": 5}"
O=C1OC2=C(C=CC=C2)C(OCC(N=N3)=CN3CC4=CC=C(Cl)C([H])=C4)=C1,高毒,5,"{""高毒"": 5}"
O=C1OC2=C(C=CC=C2)C(OCC(N=N3)=CN3CC4=CC=C([H])C(Cl)=C4)=C1,高毒,5,"{""高毒"": 5}"
O=C1OC2=C(C=CC=C2)C(OCC(N=N3)=CN3CC4=CC=C(Br)C([H])=C4)=C1,高毒,5,"{""高毒"": 5}"
CC(C(CC[C@@](C)(CCC[C@H](C)CCC[C@H](C)CCCC(C)C)O1)=C1C(C)=C2C)=C2OCC3=CN(N=N3)C4=CC=CC=C4,中毒,4,"{""中毒"": 4}"
CC(C(CC[C@@](C)(CCC[C@H](C)CCC[C@H](C)CCCC(C)C)O1)=C1C(C)=C2C)=C2OCC3=CN(N=N3)C4=CC=C([N+]([O-])=O)C=C4,中毒,4,"{""中毒"": 4}"
CC(C(CC[C@@](C)(CCC[C@H](C)CCC[C@H](C)CCCC(C)C)O1)=C1C(C)=C2C)=C2OCC3=CN(N=N3)C4=CC=C(OC)C=C4,中毒,4,"{""中毒"": 4}"
CC(C(CC[C@@](C)(CCC[C@H](C)CCC[C@H](C)CCCC(C)C)O1)=C1C(C)=C2C)=C2OCC3=CN(N=N3)C4=CC(O)=CC=C4,中毒,4,"{""中毒"": 4}"
CC(C(CC[C@@](C)(CCC[C@H](C)CCC[C@H](C)CCCC(C)C)O1)=C1C(C)=C2C)=C2OCC3=CN(N=N3)C4=C(C=CC=C5)C5=CC=C4,中毒,1,"{""中毒"": 1}"
CC(C(CC[C@@](C)(CCC[C@H](C)CCC[C@H](C)CCCC(C)C)O1)=C1C(C)=C2C)=C2OCC3=CN(N=N3)C4=CC(SC=N5)=C5C=C4,中毒,1,"{""中毒"": 1}"
CC(C(CC[C@@](C)(CCC[C@H](C)CCC[C@H](C)CCCC(C)C)O1)=C1C(C)=C2C)=C2OCC3=CN(N=N3)C4=CN=C(C=CC=C5)C5=C4,中毒,1,"{""中毒"": 1}"
CC(C(CC[C@@](C)(CCC[C@H](C)CCC[C@H](C)CCCC(C)C)O1)=C1C(C)=C2C)=C2OCC3=CN(C4=NNC=C4)N=N3,中毒,1,"{""中毒"": 1}"
NN1C(SCCSC2=NN=C(C3=CC=CC=C3)O2)=NN=C1C1=CNC2=CC=CC=C21,中毒,12,"{""中毒"": 10, ""高毒"": 2}"
CC1=CC=CC=C1C1=NN=C(SCCSC2=NN=C(C3=CNC4=CC=CC=C43)N2N)O1,中毒,12,"{""中毒"": 10, ""高毒"": 2}"
CC1=CC=CC(C2=NN=C(SCCSC3=NN=C(C4=CNC5=CC=CC=C54)N3N)O2)=C1,中毒,12,"{""中毒"": 10, ""高毒"": 2}"
CC1=CC=C(C2=NN=C(SCCSC3=NN=C(C4=CNC5=CC=CC=C54)N3N)O2)C=C1,中毒,12,"{""中毒"": 10, ""高毒"": 2}"
NN1C(C2=CNC3=CC=CC=C32)=NN=C1SCCSC(O4)=NN=C4C5=C(OC)C=CC=C5,中毒,12,"{""中毒"": 10, ""高毒"": 2}"
NN1C(SCCSC2=NN=C(O2)C3=CC=CC(OC)=C3)=NN=C1C4=CNC5=CC=CC=C45,中毒,12,"{""中毒"": 10, ""高毒"": 2}"
CCOC1=CC=CC=C1C1=NN=C(SCCSC2=NN=C(C3=CNC4=CC=CC=C43)N2N)O1,中毒,12,"{""中毒"": 10, ""高毒"": 2}"
NN1C(SCCSC2=NN=C(C3=CC=C(F)C=C3)O2)=NN=C1C1=CNC2=CC=CC=C21,高毒,12,"{""中毒"": 10, ""高毒"": 2}"
NN1C(SCCSC2=NN=C(C3=CC=C(Cl)C=C3)O2)=NN=C1C1=CNC2=CC=CC=C21,中毒,12,"{""中毒"": 10, ""高毒"": 2}"
NN1C(SCCSC2=NN=C(C3=CC=C(Br)C=C3)O2)=NN=C1C1=CNC2=CC=CC=C21,中毒,12,"{""中毒"": 10, ""高毒"": 2}"
CC1=CC=C(C2=NN=C(SCCSC3=NN=C(C4=CNC5=CC=CC=C54)N3N)O2)C(C)=C1,中毒,12,"{""中毒"": 10, ""高毒"": 2}"
NC1=CC=C(C2=NN=C(SCCSC3=NN=C(C4=CNC5=CC=CC=C54)N3N)O2)C=C1,高毒,12,"{""中毒"": 10, ""高毒"": 2}"
NN1C(C2=CNC3=CC=CC=C23)=NN=C1SCCSC4=NN=C(C5=C(C=CC=C6)C6=CC=C5)O4,中毒,1,"{""中毒"": 1}"
SC1=NN=C(N1/N=C/C2=CC=C(Cl)C=C2)C3=NC=CN=C3,低毒,11,"{""低毒"": 2, ""微毒"": 9}"
SC1=NN=C(N1/N=C/C2=CC=C(C)C=C2)C3=NC=CN=C3,微毒,11,"{""低毒"": 2, ""微毒"": 9}"
SC1=NN=C(N1/N=C/C2=CC=C(Cl)C=C2Cl)C3=NC=CN=C3,低毒,11,"{""低毒"": 2, ""微毒"": 9}"
SC1=NN=C(N1/N=C/C2=CC=C(OC)C(OC)=C2)C3=NC=CN=C3,微毒,11,"{""低毒"": 2, ""微毒"": 9}"
SC1=NN=C(N1/N=C/C2=CC(OC)=C(OC)C=C2OC)C3=NC=CN=C3,微毒,11,"{""低毒"": 2, ""微毒"": 9}"
SC1=NN=C(N1/N=C/C2=CC(OC)=C(OC)C(OC)=C2)C3=NC=CN=C3,微毒,11,"{""低毒"": 2, ""微毒"": 9}"
SC1=NN=C(N1/N=C/C2=CC=CC=C2OC)C3=NC=CN=C3,微毒,11,"{""低毒"": 2, ""微毒"": 9}"
SC1=NN=C(N1/N=C/C2=CC=CC=C2O)C3=NC=CN=C3,微毒,11,"{""低毒"": 2, ""微毒"": 9}"
SC1=NN=C(N1/N=C/C2=CC=C(O)C=C2)C3=NC=CN=C3,微毒,11,"{""低毒"": 2, ""微毒"": 9}"
SC1=NN=C(N1/N=C/C2=CC=CC(O)=C2)C3=NC=CN=C3,微毒,11,"{""低毒"": 2, ""微毒"": 9}"
SC1=NN=C(N1/N=C/C2=CC=C(O)C(O)=C2)C3=NC=CN=C3,微毒,11,"{""低毒"": 2, ""微毒"": 9}"
C=C(CNN1C(=O)CSC1C1=CC=C(Br)C=C1)NN1C(C2=CC=NC=C2)=NNC1S,中毒,1,"{""中毒"": 1}"
O=C(CNN1C(=O)CSC1C1=CC=C(F)C=C1)NN1C(C2=CC=NC=C2)=NNC1S,中毒,2,"{""中毒"": 2}"
O=C(CNN1C(=O)CS[C@H]1C1=CC=C(F)C=C1)NN1C(C2=CC=C(Cl)C=C2)=NN[C@@H]1S,中毒,1,"{""中毒"": 1}"
C[C@@H]1SC(C2=CC=C(Br)C=C2)C(NCC(=O)NN2C(C3=CC=C(Cl)C=C3)=NN[C@@H]2S)C1=O,中毒,1,"{""中毒"": 1}"
O=C(CNN1C(=O)CSC1C1=CC=CC=C1Cl)NN1C(C2=CC=NC=C2)=NNC1S,中毒,2,"{""中毒"": 2}"
O=C(O)C1=CN(C2CC2)C2=CC(N3CCNCC3)=C(F)C=C2C1=O,中毒,1,"{""中毒"": 1}"
O=C(CNN1C(=O)CSC1C1=C(Cl)C=CC=C1)NN1C(C2=CC=C([N+](=O)[O-])C=C2)=NN[C@@H]1S,中毒,2,"{""中毒"": 2}"
O=C1C(C(O)=O)=CN(C2=NC(N3C/C(C(C3)CN)=N\OC)=C(C=C12)F)C4CC4,中毒,1,"{""中毒"": 1}"
S[C@@H]1N(NC(CNN2C(SCC2=O)C3=C(Cl)C=CC=C3)=O)C(C4=CC=C(Cl)C=C4)=NN1,中毒,2,"{""中毒"": 2}"
C[C@H]1COC2=C3C(=CC(F)=C2N2CCN(C)CC2)C(=O)C(C(=O)O)=CN31,中毒,1,"{""中毒"": 1}"
CC1=NC=C([N+](=O)[O-])N1CCSC1=NN=C(C2=CC=NC=C2)N1C,微毒,1,"{""微毒"": 1}"
CC1=NC=C([N+](=O)[O-])N1CCN1N=C(C2=CC=NC=C2)N(C)C1=S,微毒,1,"{""微毒"": 1}"
CC1=NC=C([N+](=O)[O-])N1CCSC1=NN=C(C2=CC=CN=C2)N1C1=CC=CC=C1,中毒,1,"{""中毒"": 1}"
CC1=NC=C([N+](=O)[O-])N1CCN1N=C(C2=CC=CN=C2)N(C2=CC=CC=C2)C1=S,中毒,1,"{""中毒"": 1}"
COC1=CC=C(N2C(SCCN3C([N+](=O)[O-])=CN=C3C)=NN=C2C2=CC=NC=C2)C=C1,中毒,1,"{""中毒"": 1}"
CC1=NC=C([N+](=O)[O-])N1CCSC1=NN=C(C2=CN=CC=C2)N1C1=C2C=CC=CC2=CC=C1,低毒,1,"{""低毒"": 1}"
[H]C1=C([H])C([H])=C([H])C(/C=N\N2C(S)=NN=C2CCCCCCCCCCCCCCC)=C1,微毒,17,"{""微毒"": 12, ""高毒"": 4, ""中毒"": 1}"
[H]C1=C(C=O)C([H])=C([H])C(/C=N\N2C(S)=NN=C2CCCCCCCCCCCCCCC)=C1,高毒,17,"{""微毒"": 12, ""高毒"": 4, ""中毒"": 1}"
[H]C1=C(C)C([H])=C([H])C(/C=N\N2C(S)=NN=C2CCCCCCCCCCCCCCC)=C1,高毒,17,"{""微毒"": 12, ""高毒"": 4, ""中毒"": 1}"
[H]C1=C(OC)C(OC)=C([H])C(/C=N\N2C(S)=NN=C2CCCCCCCCCCCCCCC)=C1,高毒,17,"{""微毒"": 12, ""高毒"": 4, ""中毒"": 1}"
[H]C1=C(OC)C(OC)=C(OC)C=C1/C=N\N1C(S)=NN=C1CCCCCCCCCCCCCCC,微毒,17,"{""微毒"": 12, ""高毒"": 4, ""中毒"": 1}"
[H]C1=C(OC)C(O)=C([H])C(/C=N\N2C(S)=NN=C2CCCCCCCCCCCCCCC)=C1,中毒,17,"{""微毒"": 12, ""高毒"": 4, ""中毒"": 1}"
[H]C1=C([H])C([H])=C(O)C(/C=N\N2C(S)=NN=C2CCCCCCCCCCCCCCC)=C1,高毒,17,"{""微毒"": 12, ""高毒"": 4, ""中毒"": 1}"
[H]C1=C(O)C([H])=C([H])C(/C=N\N2C(S)=NN=C2CCCCCCCCCCCCCCC)=C1,微毒,17,"{""微毒"": 12, ""高毒"": 4, ""中毒"": 1}"
[H]C1=C(N(C)C)C([H])=C([H])C(/C=N\N2C(S)=NN=C2CCCCCCCCCCCCCCC)=C1,微毒,17,"{""微毒"": 12, ""高毒"": 4, ""中毒"": 1}"
[H]C1=CC([H])=C(Cl)C(/C=N\N2C(S)=NN=C2CCCCCCCCCCCCCCC)=C1,微毒,17,"{""微毒"": 12, ""高毒"": 4, ""中毒"": 1}"
[H]C1=C(Cl)C([H])=C([H])C(/C=N\N2C(S)=NN=C2CCCCCCCCCCCCCCC)=C1,微毒,17,"{""微毒"": 12, ""高毒"": 4, ""中毒"": 1}"
[H]C1=C(Cl)C([H])=C(Cl)C(/C=N\N2C(S)=NN=C2CCCCCCCCCCCCCCC)=C1,微毒,17,"{""微毒"": 12, ""高毒"": 4, ""中毒"": 1}"
[H]C1=C([H])C(Br)=C([H])C(/C=N\N2C(S)=NN=C2CCCCCCCCCCCCCCC)=C1,微毒,17,"{""微毒"": 12, ""高毒"": 4, ""中毒"": 1}"
[H]C1=C(Br)C([H])=C([H])C(/C=N\N2C(S)=NN=C2CCCCCCCCCCCCCCC)=C1,微毒,17,"{""微毒"": 12, ""高毒"": 4, ""中毒"": 1}"
[H]C1=C([H])C([H])=C([N+](=O)[O-])C(/C=N\N2C(S)=NN=C2CCCCCCCCCCCCCCC)=C1,微毒,17,"{""微毒"": 12, ""高毒"": 4, ""中毒"": 1}"
[H]C1=C([H])C([N+](=O)[O-])=C([H])C(/C=N\N2C(S)=NN=C2CCCCCCCCCCCCCCC)=C1,微毒,17,"{""微毒"": 12, ""高毒"": 4, ""中毒"": 1}"
[H]C1=C([N+](=O)[O-])C([H])=C([H])C(/C=N\N2C(S)=NN=C2CCCCCCCCCCCCCCC)=C1,微毒,17,"{""微毒"": 12, ""高毒"": 4, ""中毒"": 1}"
CCCCCCCCCCCCCCCC1=NN=C(S)N1/N=C/C1=CC=C(OC2=CC=CC=C2)C=C1,微毒,1,"{""微毒"": 1}"
CCCCCCCCCCCCCCCC1=NN=C(S)N1/N=C/C1=CC=C2CC=CCC2=C1,微毒,1,"{""微毒"": 1}"
CCCCCCCCCCCCCCCC1=NN=C(S)N1/N=C/C1=CC=C(O)C=C1,微毒,1,"{""微毒"": 1}"
[H]C1=CC(/C=N/N2C(=S)N([H])N=C2CC2=C(C)N([H])C3=CC=C(F)C=C32)=C([H])C([H])=C1[H],微毒,12,"{""微毒"": 8, ""中毒"": 4}"
[H]C1=CC(/C=N/N2C(=S)N([H])N=C2CC2=C(C)N([H])C3=CC=C(F)C=C32)=C(O)C([H])=C1[H],中毒,12,"{""微毒"": 8, ""中毒"": 4}"
[H]C1=CC(/C=N/N2C(=S)N([H])N=C2CC2=C(C)N([H])C3=CC=C(F)C=C32)=C([H])C(O)=C1[H],中毒,12,"{""微毒"": 8, ""中毒"": 4}"
[H]C1=CC(/C=N/N2C(=S)N([H])N=C2CC2=C(C)N([H])C3=CC=C(F)C=C32)=C(OC)C([H])=C1[H],微毒,12,"{""微毒"": 8, ""中毒"": 4}"
[H]C1=CC(/C=N/N2C(=S)N([H])N=C2CC2=C(C)N([H])C3=CC=C(F)C=C32)=C([H])C([H])=C1OC,微毒,12,"{""微毒"": 8, ""中毒"": 4}"
[H]C1=CC(/C=N/N2C(=S)N([H])N=C2CC2=C(C)N([H])C3=CC=C(F)C=C32)=C([H])C([H])=C1Cl,微毒,12,"{""微毒"": 8, ""中毒"": 4}"
[H]C1=CC(/C=N/N2C(=S)N([H])N=C2CC2=C(C)N([H])C3=CC=C(F)C=C32)=C([H])C([H])=C1F,微毒,12,"{""微毒"": 8, ""中毒"": 4}"
[H]C1=CC(/C=N/N2C(=S)N([H])N=C2CC2=C(C)N([H])C3=CC=C(F)C=C32)=C([H])C([H])=C1C,微毒,12,"{""微毒"": 8, ""中毒"": 4}"
[H]C1=C([H])C(O)=C(/C=N/N2C(=S)N([H])N=C2CC2=C(C)N([H])C3=CC=C(F)C=C32)C=C1Cl,中毒,12,"{""微毒"": 8, ""中毒"": 4}"
[H]C1=C([H])C(O)=C(/C=N/N2C(=S)N([H])N=C2CC2=C(C)N([H])C3=CC=C(F)C=C32)C=C1OC,中毒,12,"{""微毒"": 8, ""中毒"": 4}"
[H]N1N=C(CC2=C(C)N([H])C3=CC=C(F)C=C32)N(/N=C/C2=CC(OC)=C(O)C=C2)C1=S,微毒,12,"{""微毒"": 8, ""中毒"": 4}"
[H]N1N=C(CC2=C(C)N([H])C3=CC=C(F)C=C32)N(/N=C/C2=CC(OC=O)=C(OC=O)C=C2)C1=S,微毒,12,"{""微毒"": 8, ""中毒"": 4}"
SC1=NN=C(C2=CC=C(N)C=C2)N1N,高毒,1,"{""高毒"": 1}"
SC1=NN=C(C2=CC=C(N)C=C2)O1,高毒,1,"{""高毒"": 1}"
SC1=NN=C(C2=CC=C(N=CC3=CC=CS3)C=C2)N1N=CC4=CC=CS4,高毒,1,"{""高毒"": 1}"
OC1=CC=C(C=NC2=CC=C(C3=NN=C(S)N3N=CC4=CC=C(O)C=C4)C=C2)C=C1,微毒,4,"{""微毒"": 1, ""高毒"": 3}"
O=[N+](C1=CC(C=NC2=CC=C(C3=NN=C(S)N3N=CC4=CC=CC([N+]([O-])=O)=C4)C=C2)=CC=C1)[O-],高毒,4,"{""微毒"": 1, ""高毒"": 3}"
SC1=NN=C(C2=CC=C(N=CC3=CC=C(Cl)C=C3)C=C2)N1N=CC4=CC=C(Cl)C=C4,高毒,4,"{""微毒"": 1, ""高毒"": 3}"
SC1=NN=C(C2=CC=C(N=CC3=CC=C(OC)C=C3)C=C2)N1N=CC4=CC=C(OC)C=C4,高毒,4,"{""微毒"": 1, ""高毒"": 3}"
SC1=NN=C(C2=CC=C(N=CC3=CC=CS3)C=C2)O1,高毒,1,"{""高毒"": 1}"
OC1=CC=C(C=NC2=CC=C(C3=NN=C(S)O3)C=C2)C=C1,高毒,4,"{""高毒"": 4}"
SC1=NN=C(C2=CC=C(N=CC3=CC=CC([N+]([O-])=O)=C3)C=C2)O1,高毒,4,"{""高毒"": 4}"
SC1=NN=C(C2=CC=C(N=CC3=CC=C(Cl)C=C3)C=C2)O1,高毒,4,"{""高毒"": 4}"
SC1=NN=C(C2=CC=C(N=CC3=CC=C(OC)C=C3)C=C2)O1,高毒,4,"{""高毒"": 4}"
FC1=CC=C2N=C(NN3C(C4=CC=CN=C4)=NN=C3C5=CC=C(Cl)C=C5)SC2=C1,微毒,10,"{""微毒"": 2, ""中毒"": 8}"
BrC1=CC=C2N=C(NN3C(C4=CC=CN=C4)=NN=C3C5=CC=C(Cl)C=C5)SC2=C1,中毒,10,"{""微毒"": 2, ""中毒"": 8}"
O=[N+](C1=CC=C2N=C(NN3C(C4=CC=CN=C4)=NN=C3C5=CC=C(Cl)C=C5)SC2=C1)[O-],中毒,10,"{""微毒"": 2, ""中毒"": 8}"
CC1=CC=C2N=C(NN3C(C4=CC=CN=C4)=NN=C3C5=CC=C(Cl)C=C5)SC2=C1,微毒,10,"{""微毒"": 2, ""中毒"": 8}"
COC1=CC=C2N=C(NN3C(C4=CC=CN=C4)=NN=C3C5=CC=C(Cl)C=C5)SC2=C1,中毒,10,"{""微毒"": 2, ""中毒"": 8}"
ClC1=CC=C2N=C(NN3C(C4=CC=CN=C4)=NN=C3C5=CC=C(Cl)C=C5)SC2=C1,中毒,10,"{""微毒"": 2, ""中毒"": 8}"
CC1=C2N=C(NN3C(C4=CC=CN=C4)=NN=C3C5=CC=C(Cl)C=C5)SC2=CC=C1,中毒,10,"{""微毒"": 2, ""中毒"": 8}"
O=[N+](C1=C2N=C(NN3C(C4=CC=CN=C4)=NN=C3C5=CC=C(Cl)C=C5)SC2=CC=C1)[O-],中毒,10,"{""微毒"": 2, ""中毒"": 8}"
ClC1=C(Cl)C=C2N=C(NN3C(C4=CC=CN=C4)=NN=C3C5=CC=C(Cl)C=C5)SC2=C1,中毒,10,"{""微毒"": 2, ""中毒"": 8}"
ClC1=C2N=C(NN3C(C4=CC=CN=C4)=NN=C3C5=CC=C(Cl)C=C5)SC2=CC=C1,中毒,10,"{""微毒"": 2, ""中毒"": 8}"
O=C(O[C@H]1[C@](OC[C@H]2O)([H])[C@]2([H])OC1)CCCCCCCCC(O)CN3N=NC(C4=CC=CC=C4)=C3,低毒,2,"{""低毒"": 2}"
O=C(O[C@H]1[C@](OC[C@H]2O)([H])[C@]2([H])OC1)CCCCCCCCC(O)CN3N=NC(C4=CC=CC(O)=C4)=C3,低毒,2,"{""低毒"": 2}"
O=C(O[C@H]1[C@](OC[C@H]2O)([H])[C@]2([H])OC1)CCCCCCCCC(O)CN3N=NC(C4=CC=C5C=C(OC)C=CC5=C4)=C3,低毒,1,"{""低毒"": 1}"
O=C(O[C@H]1[C@](OC[C@H]2O)([H])[C@]2([H])OC1)CCCCCCCCC(O)CN3N=NC(CO)=C3,低毒,1,"{""低毒"": 1}"
O=C1C=C(CN2N=NC(C(C)(C)C)=C2)C3=C(O1)C=C(O)C=C3,微毒,2,"{""微毒"": 1, ""中毒"": 1}"
O=C1C=C(C2=C(C=C(C=C2)O)O1)CN3N=NC(CCCCCCCC)=C3,中毒,2,"{""微毒"": 1, ""中毒"": 1}"
O=C1C=C(CN2N=NC(C3=CC=C(Br)C=C3)=C2)C4=C(O1)C=C(O)C=C4,中毒,4,"{""中毒"": 3, ""高毒"": 1}"
O=C1C=C(CN2N=NC(C3=CC=C(CCCC)C=C3)=C2)C4=C(O1)C=C(O)C=C4,中毒,4,"{""中毒"": 3, ""高毒"": 1}"
O=C1C=C(CN2N=NC(C3=CC=C(CCCCC)C=C3)=C2)C4=C(O1)C=C(O)C=C4,中毒,4,"{""中毒"": 3, ""高毒"": 1}"
O=C1C=C(CN2N=NC(C3=CC=C(CCCCCC)C=C3)=C2)C4=C(O1)C=C(O)C=C4,高毒,4,"{""中毒"": 3, ""高毒"": 1}"
O=C1C=C(CN2N=NC(C3=CC=C(C4CCC(CCC)CC4)C=C3)=C2)C5=C(O1)C=C(O)C=C5,中毒,1,"{""中毒"": 1}"
O=C1C=C(CN2N=NC(CNS(=O)(C3=CC=C(C)C=C3)=O)=C2)C4=C(O1)C=C(O)C=C4,中毒,4,"{""中毒"": 1, ""微毒"": 3}"
O=C1C=C(CN2N=NC(CNS(=O)(C3=CC=C(F)C=C3)=O)=C2)C4=C(O1)C=C(O)C=C4,微毒,4,"{""中毒"": 1, ""微毒"": 3}"
O=C1C=C(CN2N=NC(CNS(=O)(C3=C(Cl)C=C(F)C=C3)=O)=C2)C4=C(O1)C=C(O)C=C4,微毒,4,"{""中毒"": 1, ""微毒"": 3}"
O=C1C=C(CN2N=NC(CNS(=O)(C3=CC=C([N+]([O-])=O)C=C3)=O)=C2)C4=C(O1)C=C(O)C=C4,微毒,4,"{""中毒"": 1, ""微毒"": 3}"
O=C1C=C(CN2N=NC(CSC(N3CCOCC3)=S)=C2)C4=C(O1)C=C(O)C=C4,中毒,1,"{""中毒"": 1}"
O=C1C=C(CN2N=NC(CSC(N3CCNCC3)=S)=C2)C4=C(O1)C=C(O)C=C4,微毒,1,"{""微毒"": 1}"
CN(C1=C(SC2=C3)C=CC=C1)C2=CC=C3COC4=CN(N=N4)CC5=CC=C(C=C5)C,低毒,2,"{""低毒"": 2}"
CN(C1=C(SC2=C3)C=CC=C1)C2=CC=C3COC4=CN(N=N4)CC5=CC=C(C=C5)[N+]([O-])=O,低毒,2,"{""低毒"": 2}"
CN1C2=C(C=CC=C2)SC3=CC(COCC4=CN(CC5=CC=CC=C5F)N=N4)=CC=C13,低毒,5,"{""低毒"": 5}"
CN1C2=C(SC3=CC(COCC4=CN(N=N4)CC5=CC=C(O)C=C5)=CC=C13)C=CC=C2,低毒,5,"{""低毒"": 5}"
N#CC1=CC=C(CN2N=NC(COCC3=CC=C4N(C)C5=C(C=CC=C5)SC4=C3)=C2)C=C1,低毒,5,"{""低毒"": 5}"
CN1C2=C(C=CC=C2)SC3=CC(COCC4=CN(CC5=CC=C(OC)C=C5)N=N4)=CC=C13,低毒,5,"{""低毒"": 5}"
CN1C2=C(C=CC=C2)SC3=CC(COCC4=CN(CC5=CC=C(F)C=C5)N=N4)=CC=C13,低毒,5,"{""低毒"": 5}"
CN(C1=C(SC2=C3)C=CC=C1)C2=CC=C3/C=N/OC4=C(NN=N4)CC5=CC=C(C=C5)C,低毒,2,"{""低毒"": 2}"
CN(C1=C(SC2=C3)C=CC=C1)C2=CC=C3/C=N/OC4=C(NN=N4)CC5=CC=C(C=C5)[N+]([O-])=O,低毒,2,"{""低毒"": 2}"
CN(C(/C=C\C)=CSC1=C2)C1=CC=C2/C=N/OC3=C(NN=N3)CC4=CC=CC=C4F,低毒,1,"{""低毒"": 1}"
CN(C1=C(SC2=C3)C=CC=C1)C2=CC=C3/C=N/OC4=CN(N=N4)CC5=CC=C(O)C=C5,低毒,1,"{""低毒"": 1}"
N#CC1=CC=C(CN2N=NC(CO/N=C/C3=CC=C4N(C)C5=C(C=CC=C5)SC4=C3)=C2)C=C1,低毒,1,"{""低毒"": 1}"
COC1=CC=C(C=C1)CC2=C(CO/N=C/C3=CC=C4N(C)C5=C(C=CC=C5)SC4=C3)N=NN2,低毒,2,"{""低毒"": 2}"
FC1=CC=C(C=C1)CC2=C(CO/N=C/C3=CC=C4N(C)C5=C(C=CC=C5)SC4=C3)N=NN2,低毒,2,"{""低毒"": 2}"
CC1=CC=C(C=C1)CN2N=NC(CN3C4=C(C=CC=C4)SC5=CC=CC=C35)=C2,低毒,13,"{""低毒"": 7, ""高毒"": 1, ""中毒"": 5}"
O=[N+](C1=CC=C(C=C1)CN2N=NC(CN3C4=C(C=CC=C4)SC5=CC=CC=C35)=C2)[O-],低毒,13,"{""低毒"": 7, ""高毒"": 1, ""中毒"": 5}"
FC1=CC=CC=C1CN2N=NC(CN3C4=C(C=CC=C4)SC5=CC=CC=C35)=C2,低毒,13,"{""低毒"": 7, ""高毒"": 1, ""中毒"": 5}"
OC(C=C1)=CC=C1CN(N=N2)C=C2CN3C4=CC=CC=C4SC5=C3C=CC=C5,低毒,13,"{""低毒"": 7, ""高毒"": 1, ""中毒"": 5}"
N#CC1=CC=C(CN2N=NC(CN3C4=C(C=CC=C4)SC5=CC=CC=C35)=C2)C=C1,低毒,13,"{""低毒"": 7, ""高毒"": 1, ""中毒"": 5}"
COC1=CC=C(C=C1)CN2N=NC(CN3C4=C(C=CC=C4)SC5=CC=CC=C35)=C2,低毒,13,"{""低毒"": 7, ""高毒"": 1, ""中毒"": 5}"
FC1=CC=C(C=C1)CN2N=NC(CN3C4=C(C=CC=C4)SC5=CC=CC=C35)=C2,低毒,13,"{""低毒"": 7, ""高毒"": 1, ""中毒"": 5}"
O=C(N/N=C/C1=CC=C2N(CC3=CN(CC4=CC=C(C#N)C=C4)N=N3)C5=C(C=CC=C5)SC2=C1)C6=CN=CC=C6,低毒,2,"{""低毒"": 2}"
O=C(C1=NC=CN=C1)N/N=C/C2=CC=C3N(CC4=CN(CC5=CC=C(C#N)C=C5)N=N4)C6=C(C=CC=C6)SC3=C2,低毒,2,"{""低毒"": 2}"
O=C(N/N=C/C1=CC=C2N(CC3=CN(CC4=CC=C(C#N)C=C4)N=N3)C5=C(C=CC=C5)SC2=C1)C6=CC=NC=C6,低毒,2,"{""低毒"": 2}"
O=C(N/N=C/C1=CC=C2N(CC3=CN(CC4=CC=C(C#N)C=C4)N=N3)C5=C(C=CC(C(F)(F)F)=C5)SC2=C1)C6=CN=CC=C6,低毒,2,"{""低毒"": 2}"
O=C(C1=NC=CN=C1)N/N=C/C2=CC=C3N(CC4=CN(CC5=CC=C(C#N)C=C5)N=N4)C6=C(C=CC(C(F)(F)F)=C6)SC3=C2,低毒,2,"{""低毒"": 2}"
O=C(N/N=C/C1=CC=C2N(CC3=CN(CC4=CC=C(C#N)C=C4)N=N3)C5=C(C=CC(C(F)(F)F)=C5)SC2=C1)C6=CC=NC=C6,低毒,2,"{""低毒"": 2}"
O=C(N/N=C/C1=CC=C2N(CC3=CN(CC4=CC=C(C#N)C=C4)N=N3)C5=C(C=CC=C5)SC2=C1)C6=CC=C([N+]([O-])=O)C=C6,低毒,8,"{""低毒"": 8}"
O=C(N/N=C/C1=CC=C2N(CC3=CN(CC4=CC=C(C#N)C=C4)N=N3)C5=C(C=CC=C5)SC2=C1)C6=CC=CC=C6,低毒,8,"{""低毒"": 8}"
O=C(N/N=C/C1=CC=C2N(CC3=CN(CC4=CC=C(C#N)C=C4)N=N3)C5=C(C=CC=C5)SC2=C1)C6=CC=C(F)C=C6,低毒,8,"{""低毒"": 8}"
O=C(N/N=C/C1=CC=C2N(CC3=CN(CC4=CC=C(C#N)C=C4)N=N3)C5=C(C=CC=C5)SC2=C1)C6=CC=C(C)C=C6,低毒,8,"{""低毒"": 8}"
O=C(N/N=C/C1=CC=C2N(CC3=CN(CC4=CC=C(C#N)C=C4)N=N3)C5=C(C=CC(C(F)(F)F)=C5)SC2=C1)C6=CC=C([N+]([O-])=O)C=C6,低毒,8,"{""低毒"": 8}"
O=C(N/N=C/C1=CC=C2N(CC3=CN(CC4=CC=C(C#N)C=C4)N=N3)C5=C(C=CC(C(F)(F)F)=C5)SC2=C1)C6=CC=CC=C6,低毒,8,"{""低毒"": 8}"
O=C(N/N=C/C1=CC=C2N(CC3=CN(CC4=CC=C(C#N)C=C4)N=N3)C5=C(C=CC(C(F)(F)F)=C5)SC2=C1)C6=CC=C(F)C=C6,低毒,8,"{""低毒"": 8}"
O=C(N/N=C/C1=CC=C2N(CC3=CN(CC4=CC=C(C#N)C=C4)N=N3)C5=C(C=CC(C(F)(F)F)=C5)SC2=C1)C6=CC=C(C)C=C6,低毒,8,"{""低毒"": 8}"
O=C1N(C2=CC=CC(OCC3=CN(C4=CC=C(Cl)C=C4)N=N3)=C2)C(C)=NC5=C1C=CC=C5,低毒,12,"{""低毒"": 12}"
O=C1N(C(C)=NC2=C1C=CC=C2)C3=CC=CC(OC4=CN(N=N4)C5=CC=C(C(Cl)=C5)F)=C3,低毒,1,"{""低毒"": 1}"
O=C1N(C2=CC=CC(OCC3=CN(C4=CC=CC(C)=C4)N=N3)=C2)C(C)=NC5=C1C=CC=C5,低毒,12,"{""低毒"": 12}"
O=C1N(C2=CC=CC(OCC3=CN(C4=CC=CC(O)=C4)N=N3)=C2)C(C)=NC5=C1C=CC=C5,低毒,12,"{""低毒"": 12}"
O=C1N(C2=CC=CC(OCC3=CN(C4=CC=C(O)C=C4)N=N3)=C2)C(C)=NC5=C1C=CC=C5,低毒,12,"{""低毒"": 12}"
O=C1N(C2=CC=CC(OCC3=CN(C4=CC=C(OC)C=C4)N=N3)=C2)C(C)=NC5=C1C=CC=C5,低毒,12,"{""低毒"": 12}"
O=C1N(C2=CC=CC(OCC3=CN(C4=CC=CC(C(O)=O)=C4)N=N3)=C2)C(C)=NC5=C1C=CC=C5,低毒,12,"{""低毒"": 12}"
O=C1N(C2=CC=CC(OCC3=CN(C4=CC=C(C(O)=O)C=C4)N=N3)=C2)C(C)=NC5=C1C=CC=C5,低毒,12,"{""低毒"": 12}"
O=C1N(C2=CC=CC(OCC3=CN(C4=CC([N+]([O-])=O)=C(C)C=C4)N=N3)=C2)C(C)=NC5=C1C=CC=C5,低毒,12,"{""低毒"": 12}"
O=C1N(C(C)=NC2=C1C=CC=C2)C3=CC=CC(OCC4=CN(N=N4)C5=C(C=C(C=C5)[N+]([O-])=O)C)=C3,低毒,12,"{""低毒"": 12}"
O=C1N(C2=CC=CC(OCC3=CN(C4=CC(C)=C(C)C(C)=C4)N=N3)=C2)C(C)=NC5=C1C=CC=C5,低毒,12,"{""低毒"": 12}"
O=C1N(C2=CC=CC(OCC3=CN(C4=CC(OC)=C(OC)C(OC)=C4)N=N3)=C2)C(C)=NC5=C1C=CC=C5,低毒,12,"{""低毒"": 12}"
O=C1N(C2=CC=CC(OCC3=CN(C4=CC(Cl)=CC=C4)N=N3)=C2)C(C)=NC5=C1C=CC=C5C,低毒,12,"{""低毒"": 12}"
N#CC1=CC=C(C=C1)/C=C/C(N2C3=CC=CC(OC4=CN(N=N4)C5=CC=CC(Cl)=C5)=C3)=NC6=C(C2=O)C=CC=C6,低毒,9,"{""低毒"": 9}"
N#CC1=CC=C(C=C1)/C=C/C(N2C3=CC=CC(OC4=CN(N=N4)C5=CC=C(C=C5)Cl)=C3)=NC6=C(C2=O)C=CC=C6,低毒,9,"{""低毒"": 9}"
N#CC1=CC=C(C=C1)/C=C/C(N2C3=CC=CC(OC4=CN(N=N4)C5=CC=CC(C)=C5)=C3)=NC6=C(C2=O)C=CC=C6,低毒,9,"{""低毒"": 9}"
N#CC1=CC=C(C=C1)/C=C/C(N2C3=CC=CC(OC4=CN(N=N4)C5=CC=CC(Cl)=C5)=C3)=NC6=C(C2=O)C=CC=C6C,低毒,9,"{""低毒"": 9}"
N#CC1=CC=C(C=C1)/C=C/C(N2C3=CC=CC(OC4=CN(N=N4)C5=CC=CC(C(O)=O)=C5)=C3)=NC6=C(C2=O)C=CC=C6,低毒,9,"{""低毒"": 9}"
N#CC1=CC=C(C=C1)/C=C/C(N2C3=CC=CC(OC4=CN(N=N4)C5=CC=C(C=C5)OC)=C3)=NC6=C(C2=O)C=CC=C6,低毒,9,"{""低毒"": 9}"
N#CC1=CC=C(C=C1)/C=C/C(N2C3=CC=CC(OC4=CN(N=N4)C5=CC=CC(F)=C5)=C3)=NC6=C(C2=O)C=CC=C6,低毒,9,"{""低毒"": 9}"
N#CC1=CC=C(C=C1)/C=C/C(N2C3=CC=CC(OC4=CN(N=N4)C5=CC=C(C=C5)C(F)(F)F)=C3)=NC6=C(C2=O)C=CC=C6,低毒,9,"{""低毒"": 9}"
ClC1=CC=C(C=C1)/C=C/C(N2C3=CC=CC(OC4=CN(N=N4)C5=CC=CC(F)=C5)=C3)=NC6=C(C2=O)C=CC=C6,低毒,9,"{""低毒"": 9}"
N#CC1=CC=C(/C=C/C(N2C3=CC=CC(OCC4=CN(CC5=CC=CC=C5)N=N4)=C3)=NC6=C(C=CC=C6)C2=O)C=C1,低毒,5,"{""低毒"": 5}"
N#CC1=CC=C(/C=C/C(N2C3=CC=CC(OCC4=CN(CC5=CC=C(Br)C=C5)N=N4)=C3)=NC6=C(C=CC=C6)C2=O)C=C1,低毒,5,"{""低毒"": 5}"
N#CC1=CC=C(/C=C/C(N2C3=CC=CC(OCC4=CN(CC5=CC(Br)=CC=C5)N=N4)=C3)=NC6=C(C=CC=C6)C2=O)C=C1,低毒,5,"{""低毒"": 5}"
N#CC1=CC=C(/C=C/C(N2C3=CC=CC(OCC4=CN(CC5=CC=C(OC)C=C5)N=N4)=C3)=NC6=C(C=CC=C6)C2=O)C=C1,低毒,5,"{""低毒"": 5}"
N#CC1=CC=C(/C=C/C(N2C3=CC=CC(OCC4=CN(CC5=CC=C([N+]([O-])=O)C=C5)N=N4)=C3)=NC6=C(C=CC=C6)C2=O)C=C1,低毒,5,"{""低毒"": 5}"
N#CC1=CC=C(C=C1)/C=C/C(N2C3=CC=C(C=C3)OC4=CN(N=N4)CC5=CC=C(C=C5)Br)=NC6=C(C2=O)C=CC=C6,低毒,1,"{""低毒"": 1}"
O=C1N(C2=CC=CC(N3N=NC(C4=CC=CC=C4)=C3)=C2)C(C)=NC5=C1C=CC=C5,低毒,1,"{""低毒"": 1}"
O=C1N(C2=CC=CC(N3N=NC(C4=CC=CC=C4)=C3)=C2)C(/C=C/C5=CC=C(Cl)C=C5)=NC6=C1C=CC=C6,低毒,2,"{""低毒"": 2}"
O=C1N(C2=CC=CC(N3N=NC(C4=CC=CC=C4)=C3)=C2)C(/C=C/C5=CC=C(C#N)C=C5)=NC6=C1C=CC=C6,低毒,2,"{""低毒"": 2}"
O=C1N(C2=CC=CC(N3N=NC(COC4=CC=C(C(C)(C)CC)C=C4)=C3)=C2)C(C)=NC5=C1C=CC=C5,低毒,2,"{""低毒"": 2}"
O=C1N(C2=CC=CC(N3N=NC(COC4=CC(C)=CC=C4C)=C3)=C2)C(C)=NC5=C1C=CC=C5,低毒,2,"{""低毒"": 2}"
C=C1N(C2=CC(N(N=N3)C=C3COC4=CC=C(C(C)(C)CC)C=C4)=CC=C2)C(/C=C/C5=CC=C(C#N)C=C5)=NC6=CC=CC=C61,低毒,1,"{""低毒"": 1}"
O=C(N1CCC2=C1C=CC=C2)CN(N=N3)C=C3CN4C5=CC=CC=C5N=C4,中毒,12,"{""中毒"": 11, ""高毒"": 1}"
O=C(N1CCC2=C1C=CC=C2)CN(N=N3)C=C3CN4C5=CC(C)=C(C)C=C5N=C4,中毒,12,"{""中毒"": 11, ""高毒"": 1}"
O=C(N1CCC2=C1C=CC=C2)CN(N=N3)C=C3CN4C5=CC=CC=C5N=C4C,中毒,12,"{""中毒"": 11, ""高毒"": 1}"
O=C(N1CCC2=C1C=CC=C2)CN(N=N3)C=C3CN4C5=CC=CC=C5N=C4SC,中毒,12,"{""中毒"": 11, ""高毒"": 1}"
O=C(N1CCC2=C1C=CC=C2)CN(N=N3)C=C3CN4C5=CC=CC=C5N=C4C6=CC=CC=C6,中毒,3,"{""中毒"": 3}"
O=C(N1C(C)CC2=C1C=CC=C2)CN(N=N3)C=C3CN4C5=CC=CC=C5N=C4,中毒,12,"{""中毒"": 11, ""高毒"": 1}"
O=C(N1C(C)CC2=C1C=CC=C2)CN(N=N3)C=C3CN4C5=CC(C)=C(C)C=C5N=C4.C,中毒,12,"{""中毒"": 11, ""高毒"": 1}"
O=C(N1C(C)CC2=C1C=CC=C2)CN(N=N3)C=C3CN4C5=CC=CC=C5N=C4C,中毒,12,"{""中毒"": 11, ""高毒"": 1}"
O=C(N1C(C)CC2=C1C=CC=C2)CN(N=N3)C=C3CN4C5=CC=CC=C5N=C4SC,中毒,12,"{""中毒"": 11, ""高毒"": 1}"
O=C(N1C(C)CC2=C1C=CC=C2)CN(N=N3)C=C3CN4C5=CC=CC=C5N=C4C6=CC=CC=C6,中毒,3,"{""中毒"": 3}"
O=C(N1CCC2=C1C=C([N+]([O-])=O)C=C2)CN(N=N3)C=C3CN4C5=CC=CC=C5N=C4,中毒,12,"{""中毒"": 11, ""高毒"": 1}"
O=C(N1CCC2=C1C=C([N+]([O-])=O)C=C2)CN(N=N3)C=C3CN4C5=CC(C)=C(C)C=C5N=C4,中毒,12,"{""中毒"": 11, ""高毒"": 1}"
O=C(N1CCC2=C1C=C([N+]([O-])=O)C=C2)CN(N=N3)C=C3CN4C5=CC=CC=C5N=C4C,中毒,12,"{""中毒"": 11, ""高毒"": 1}"
O=C(N1CCC2=C1C=C([N+]([O-])=O)C=C2)CN(N=N3)C=C3CN4C5=CC=CC=C5N=C4SC,高毒,12,"{""中毒"": 11, ""高毒"": 1}"
O=C(N1CCC2=C1C=C([N+]([O-])=O)C=C2)CN(N=N3)C=C3CN4C5=CC=CC=C5N=C4C6=CC=CC=C6,中毒,3,"{""中毒"": 3}"
[H]C1=CC=C2C(N(CC3=CN(CC4=CC=CC=C4F)N=N3)C(C=CC=C5)=C5S2)=C1,高毒,13,"{""低毒"": 7, ""高毒"": 1, ""中毒"": 5}"
[H]C1=CC=C2C(N(CC3=CN(CC4=CC=C(O)C=C4)N=N3)C(C=CC=C5)=C5S2)=C1,中毒,13,"{""低毒"": 7, ""高毒"": 1, ""中毒"": 5}"
[H]C1=CC=C2C(N(CC3=CN(CC4=CC=C(C#N)C=C4)N=N3)C(C=CC=C5)=C5S2)=C1,中毒,13,"{""低毒"": 7, ""高毒"": 1, ""中毒"": 5}"
[H]C1=CC=C2C(N(CC3=CN(CC4=CC=C(OC)C=C4)N=N3)C(C=CC=C5)=C5S2)=C1,中毒,13,"{""低毒"": 7, ""高毒"": 1, ""中毒"": 5}"
[H]C1=CC=C2C(N(CC3=CN(CC4=CC=C(F)C=C4)N=N3)C(C=CC=C5)=C5S2)=C1,中毒,13,"{""低毒"": 7, ""高毒"": 1, ""中毒"": 5}"
FC(C1=CC=C2C(N(CC3=CN(CC4=CC=C(C#N)C=C4)N=N3)C(C=CC=C5)=C5S2)=C1)(F)F,中毒,13,"{""低毒"": 7, ""高毒"": 1, ""中毒"": 5}"
[H]C1=CC=C2C(N(CC3NNN(C4=CC=C(C#N)C=C4)C3)C(C=CC(/C=N/NC(C5=CC=NC=N5)=O)=C6)=C6S2)=C1,中毒,2,"{""中毒"": 2}"
[H]C1=CC=C2C(N(CC3NNN(C4=CC=C(C#N)C=C4)C3)C(C=CC(/C=N/NC(C5=CC=CN=C5)=O)=C6)=C6S2)=C1,中毒,2,"{""中毒"": 2}"
O=C(C1=CC=NC=C1)N/N=C/C2=CC3=C(C=C2)N(CC4NNN(C5=CC=C(C#N)C=C5)C4)C6=CC(C(F)(F)F)=CC=C6S3,高毒,1,"{""高毒"": 1}"
O=C(C1=CC=NC=N1)N/N=C/C2=CC3=C(C=C2)N(CC4NNN(C5=CC=C(C#N)C=C5)C4)C6=CC(C(F)(F)F)=CC=C6S3,中毒,2,"{""中毒"": 2}"
O=C(C1=CC=CN=C1)N/N=C/C2=CC3=C(C=C2)N(CC4NNN(C5=CC=C(C#N)C=C5)C4)C6=CC(C(F)(F)F)=CC=C6S3,中毒,2,"{""中毒"": 2}"
[H]C1=CC=C2C(N(CC3NNN(C4=CC=C(C#N)C=C4)C3)C(C=CC(/C=N/NC(C5=CC=C([N+]([O-])=O)C=C5)=O)=C6)=C6S2)=C1,高毒,8,"{""高毒"": 6, ""中毒"": 2}"
[H]C1=CC=C2C(N(CC3NNN(C4=CC=C(C#N)C=C4)C3)C(C=CC(/C=N/NC(C5=CC=C([H])C=C5)=O)=C6)=C6S2)=C1,高毒,8,"{""高毒"": 6, ""中毒"": 2}"
[H]C1=CC=C2C(N(CC3NNN(C4=CC=C(C#N)C=C4)C3)C(C=CC(/C=N/NC(C5=CC=C(F)C=C5)=O)=C6)=C6S2)=C1,高毒,8,"{""高毒"": 6, ""中毒"": 2}"
[H]C1=CC=C2C(N(CC3NNN(C4=CC=C(C#N)C=C4)C3)C(C=CC(/C=N/NC(C5=CC=C(C)C=C5)=O)=C6)=C6S2)=C1,高毒,8,"{""高毒"": 6, ""中毒"": 2}"
O=C(C1=CC=C([N+]([O-])=O)C=C1)N/N=C/C2=CC3=C(C=C2)N(CC4NNN(C5=CC=C(C#N)C=C5)C4)C6=CC(C(F)(F)F)=CC=C6S3,中毒,8,"{""高毒"": 6, ""中毒"": 2}"
O=C(C1=CC=C([H])C=C1)N/N=C/C2=CC3=C(C=C2)N(CC4NNN(C5=CC=C(C#N)C=C5)C4)C6=CC(C(F)(F)F)=CC=C6S3,高毒,8,"{""高毒"": 6, ""中毒"": 2}"
O=C(C1=CC=C(F)C=C1)N/N=C/C2=CC3=C(C=C2)N(CC4NNN(C5=CC=C(C#N)C=C5)C4)C6=CC(C(F)(F)F)=CC=C6S3,高毒,8,"{""高毒"": 6, ""中毒"": 2}"
O=C(C1=CC=C(C)C=C1)N/N=C/C2=CC3=C(C=C2)N(CC4NNN(C5=CC=C(C#N)C=C5)C4)C6=CC(C(F)(F)F)=CC=C6S3,中毒,8,"{""高毒"": 6, ""中毒"": 2}"
O=C(NCC[NH3+])C(N=N1)=CN1C2=CC(C(C)(C)C)=CC(C(C)(C)C)=C2,高毒,12,"{""高毒"": 8, ""中毒"": 4}"
O=C(NCC[NH3+])C(N=N1)=CN1C2=CC=C(OCCCCCCC)C=C2,高毒,12,"{""高毒"": 8, ""中毒"": 4}"
O=C(NCC[NH3+])C1=CN(C(C=C2)=CC=C2OCC3=CC(C(C)(C)C)=CC(C(C)(C)C)=C3)N=N1,高毒,6,"{""高毒"": 4, ""中毒"": 2}"
O=C(NCCNC(N)=[NH2+])C1=CN(C2=CC(C(C)(C)C)=CC(C(C)(C)C)=C2)N=N1,中毒,12,"{""高毒"": 8, ""中毒"": 4}"
O=C(NCCNC(N)=[NH2+])C1=CN(C2=CC=C(OCCCCCCC)C=C2)N=N1,中毒,12,"{""高毒"": 8, ""中毒"": 4}"
O=C(NCCNC(N)=[NH2+])C1=CN(C(C=C2)=CC=C2OCC3=CC(C(C)(C)C)=CC(C(C)(C)C)=C3)N=N1,中毒,6,"{""高毒"": 4, ""中毒"": 2}"
C/C(C1=CN(CC2=CC(C(C)(C)C)=CC(C(C)(C)C)=C2)N=N1)=N\NC(N)=[NH2+],高毒,2,"{""高毒"": 2}"
C/C(C1=CN(C2=CC(C(C)(C)C)=CC(C(C)(C)C)=C2)N=N1)=N\NC(N)=[NH2+],高毒,12,"{""高毒"": 8, ""中毒"": 4}"
C/C(C1=CN(C2=CC=C(OCCCCCCC)C=C2)N=N1)=N\NC(N)=[NH2+],高毒,12,"{""高毒"": 8, ""中毒"": 4}"
C/C(C1=CN(C(C=C2)=CC=C2OCC3=CC(C(C)(C)C)=CC(C(C)(C)C)=C3)N=N1)=N\NC(N)=[NH2+],高毒,6,"{""高毒"": 4, ""中毒"": 2}"
FC(C=C(N1N=NC(COC2=CC=CC=C2)=C1)C=C3)=C3N4CCOCC4,中毒,8,"{""中毒"": 7, ""高毒"": 1}"
FC(C=C(N1N=NC(COC2=CC=CC(Cl)=C2)=C1)C=C3)=C3N4CCOCC4,中毒,8,"{""中毒"": 7, ""高毒"": 1}"
FC(C=C(N1N=NC(COC2=CC(Cl)=CC(Cl)=C2)=C1)C=C3)=C3N4CCOCC4,中毒,8,"{""中毒"": 7, ""高毒"": 1}"
FC(C=C(N1N=NC(COC2=CC=C(Br)C=C2)=C1)C=C3)=C3N4CCOCC4,中毒,8,"{""中毒"": 7, ""高毒"": 1}"
FC(C=C(N1N=NC(COC2=CC=CC=C2F)=C1)C=C3)=C3N4CCOCC4,中毒,8,"{""中毒"": 7, ""高毒"": 1}"
FC(C=C(N1N=NC(COC2=CC=C(F)C=C2)=C1)C=C3)=C3N4CCOCC4,高毒,8,"{""中毒"": 7, ""高毒"": 1}"
FC(C=C(N1N=NC(COC2=CC=CC(C(F)(F)F)=C2)=C1)C=C3)=C3N4CCOCC4,中毒,8,"{""中毒"": 7, ""高毒"": 1}"
FC(C=C(N1N=NC(COC2=CC=CC([N+]([O-])=O)=C2)=C1)C=C3)=C3N4CCOCC4,中毒,8,"{""中毒"": 7, ""高毒"": 1}"
FC(C=C(N1N=NC(COC2=CC=CC3=C2C=CC=C3)=C1)C=C4)=C4N5CCOCC5,中毒,1,"{""中毒"": 1}"
FC(C=C(N1N=NC(CN2C(CSC3=C2C=CC=C3)=O)=C1)C=C4)=C4N5CCOCC5,中毒,1,"{""中毒"": 1}"
FC(C=C(N1N=NC(CN2CCS(C3=C2C=CC=C3)(=O)=O)=C1)C=C4)=C4N5CCOCC5,中毒,1,"{""中毒"": 1}"
FC(C=C(N1N=NC(CN2C(C=CC=C3)=C3SC4=C2C=CC=C4)=C1)C=C5)=C5N6CCOCC6,中毒,1,"{""中毒"": 1}"
FC(C=C(N1N=NC(CSC2=NC(C=CC=C3)=C3S2)=C1)C=C4)=C4N5CCOCC5,中毒,1,"{""中毒"": 1}"
FC(C=C(N1N=NC(COC(C2=CC(C=CC=C3)=C3N2)=O)=C1)C=C4)=C4N5CCOCC5,中毒,1,"{""中毒"": 1}"
FC(C=C(N1N=NC(COC2=CC=CC3=C2N=CC=C3)=C1)C=C4)=C4N5CCOCC5,高毒,1,"{""高毒"": 1}"
FC(C=C(N1N=NC(CN2C(COC3=C2C=CC(Br)=C3)=O)=C1)C=C4)=C4N5CCOCC5,中毒,1,"{""中毒"": 1}"
FC(C=C(N1N=NC(COC2=CC=C(C(C)=CC(O3)=O)C3=C2)=C1)C=C4)=C4N5CCOCC5,高毒,1,"{""高毒"": 1}"
FC(C=C(N1N=NC(COC2=CC(OC3=C2C=CC=C3)=O)=C1)C=C4)=C4N5CCOCC5,高毒,1,"{""高毒"": 1}"
FC(C=C(N1N=NC(CSC2=NC(C=CC=C3)=C3O2)=C1)C=C4)=C4N5CCOCC5,中毒,1,"{""中毒"": 1}"
O=C1C=C(OCC2=CN(C3=CC=CC=C3OC)N=N2)C4=C(O1)C=CC=C4,低毒,2,"{""低毒"": 2}"
O=C1C=C(OCC2=CN(C3=CC=C(F)C=C3)N=N2)C4=C(O1)C=CC=C4,低毒,2,"{""低毒"": 2}"
O=C1C=C(NCC2=CN(C3=CC=CC([N+]([O-])=O)=C3)N=N2)C4=C(O1)C=CC=C4,低毒,1,"{""低毒"": 1}"
O=C(N1CCN(C2=CC=CC=C2)CC1)CN3N=NC(COC4=CC=CC=C4)=C3,高毒,18,"{""高毒"": 17, ""中毒"": 1}"
CC1=CC=C(OCC2=CN(CC(N3CCN(C4=CC=CC=C4)CC3)=O)N=N2)C=C1,高毒,18,"{""高毒"": 17, ""中毒"": 1}"
CCC1=CC=C(OCC2=CN(CC(N3CCN(C4=CC=CC=C4)CC3)=O)N=N2)C=C1,高毒,18,"{""高毒"": 17, ""中毒"": 1}"
O=C(N1CCN(C2=CC=CC=C2)CC1)CN3N=NC(COC4=CC=C(C5=CC=CC=C5)C=C4)=C3,中毒,3,"{""中毒"": 2, ""高毒"": 1}"
O=C(N1CCN(C2=CC=CC=C2)CC1)CN3N=NC(COC4=C5C=CC=CC5=CC=C4)=C3,高毒,3,"{""高毒"": 1, ""中毒"": 2}"
FC1=CC=C(OCC2=CN(CC(N3CCN(C4=CC=CC=C4)CC3)=O)N=N2)C=C1,高毒,18,"{""高毒"": 17, ""中毒"": 1}"
ClC1=CC=C(OCC2=CN(CC(N3CCN(C4=CC=CC=C4)CC3)=O)N=N2)C=C1,高毒,18,"{""高毒"": 17, ""中毒"": 1}"
BrC1=CC=C(OCC2=CN(CC(N3CCN(C4=CC=CC=C4)CC3)=O)N=N2)C=C1,高毒,18,"{""高毒"": 17, ""中毒"": 1}"
CC1=CC=C(N2CCN(C(CN3N=NC(COC4=CC=CC=C4)=C3)=O)CC2)C=C1,高毒,18,"{""高毒"": 17, ""中毒"": 1}"
CC1=CC=C(OCC2=CN(CC(N3CCN(C4=CC=C(C)C=C4)CC3)=O)N=N2)C=C1,高毒,18,"{""高毒"": 17, ""中毒"": 1}"
CC1=CC=C(N2CCN(C(CN3N=NC(COC4=CC=C(CC)C=C4)=C3)=O)CC2)C=C1,高毒,18,"{""高毒"": 17, ""中毒"": 1}"
CC1=CC=C(N2CCN(C(CN3N=NC(COC4=CC=C(C5=CC=CC=C5)C=C4)=C3)=O)CC2)C=C1,中毒,3,"{""中毒"": 2, ""高毒"": 1}"
CC1=CC=C(C=C1)N2CCN(CC2)C(CN3N=NC(COC4=C5C=CC=CC5=CC=C4)=C3)=O,中毒,3,"{""高毒"": 1, ""中毒"": 2}"
CC1=CC=C(N2CCN(C(CN3N=NC(COC4=CC=C(F)C=C4)=C3)=O)CC2)C=C1,高毒,18,"{""高毒"": 17, ""中毒"": 1}"
CC1=CC=C(N2CCN(C(CN3N=NC(COC4=CC=C(Cl)C=C4)=C3)=O)CC2)C=C1,高毒,18,"{""高毒"": 17, ""中毒"": 1}"
CC1=CC=C(N2CCN(C(CN3N=NC(COC4=CC=C(Br)C=C4)=C3)=O)CC2)C=C1,高毒,18,"{""高毒"": 17, ""中毒"": 1}"
O=[N+](C1=CC=C(N2CCN(C(CN3N=NC(COC4=CC=CC=C4)=C3)=O)CC2)C=C1)[O-],高毒,18,"{""高毒"": 17, ""中毒"": 1}"
CC1=CC=C(OCC2=CN(CC(N3CCN(C4=CC=C([N+]([O-])=O)C=C4)CC3)=O)N=N2)C=C1,高毒,18,"{""高毒"": 17, ""中毒"": 1}"
O=[N+](C1=CC=C(N2CCN(C(CN3N=NC(COC4=CC=C(CC)C=C4)=C3)=O)CC2)C=C1)[O-],高毒,18,"{""高毒"": 17, ""中毒"": 1}"
O=[N+](C1=CC=C(N2CCN(C(CN3N=NC(COC4=CC=C(C5=CC=CC=C5)C=C4)=C3)=O)CC2)C=C1)[O-],高毒,3,"{""中毒"": 2, ""高毒"": 1}"
O=[N+](C1=CC=C(N2CCN(C(CN3N=NC(COC4=C5C=CC=CC5=CC=C4)=C3)=O)CC2)C=C1)[O-],中毒,3,"{""高毒"": 1, ""中毒"": 2}"
O=[N+](C1=CC=C(N2CCN(C(CN3N=NC(COC4=CC=C(F)C=C4)=C3)=O)CC2)C=C1)[O-],高毒,18,"{""高毒"": 17, ""中毒"": 1}"
O=[N+](C1=CC=C(N2CCN(C(CN3N=NC(COC4=CC=C(Cl)C=C4)=C3)=O)CC2)C=C1)[O-],中毒,18,"{""高毒"": 17, ""中毒"": 1}"
O=[N+](C1=CC=C(N2CCN(C(CN3N=NC(COC4=CC=C(Br)C=C4)=C3)=O)CC2)C=C1)[O-],高毒,18,"{""高毒"": 17, ""中毒"": 1}"
O=C1SC2=CC(Br)=CC=C2N1CC3=CN(C4=CC=CC=C4C)N=N3,中毒,10,"{""中毒"": 6, ""低毒"": 2, ""微毒"": 2}"
O=C1SC2=CC(Br)=CC=C2N1CC3=CN(C4=CC(C)=CC(C)=C4)N=N3,中毒,10,"{""中毒"": 6, ""低毒"": 2, ""微毒"": 2}"
O=C1SC2=CC(Br)=CC=C2N1CC3=CN(C4=CC=CC(Cl)=C4)N=N3,低毒,10,"{""中毒"": 6, ""低毒"": 2, ""微毒"": 2}"
O=C1SC2=CC(Br)=CC=C2N1CC3=CN(C4=CC(Cl)=CC(Cl)=C4)N=N3,微毒,10,"{""中毒"": 6, ""低毒"": 2, ""微毒"": 2}"
O=C1SC2=CC(Br)=CC=C2N1CC3=CN(C4=CC=C(OC)C=C4)N=N3,中毒,10,"{""中毒"": 6, ""低毒"": 2, ""微毒"": 2}"
O=C1SC2=CC(Br)=CC=C2N1CC3=CN(C4=CC(C(F)(F)F)=CC=C4)N=N3,中毒,10,"{""中毒"": 6, ""低毒"": 2, ""微毒"": 2}"
O=C1SC2=CC(Br)=CC=C2N1CC3=CN(C4=CC=C(CCCC)C=C4)N=N3,微毒,10,"{""中毒"": 6, ""低毒"": 2, ""微毒"": 2}"
O=C1SC2=CC(Br)=CC=C2N1CC3=CN(C4=CC=CC([N+]([O-])=O)=C4)N=N3,低毒,10,"{""中毒"": 6, ""低毒"": 2, ""微毒"": 2}"
O=C1SC2=CC(Br)=CC=C2N1CC3=CN(C4=CC(OC)=C(Cl)C(OC)=C4)N=N3,中毒,10,"{""中毒"": 6, ""低毒"": 2, ""微毒"": 2}"
O=C1SC2=CC(Br)=CC=C2N1CC3=CN(C4=CC=C(Br)C=C4)N=N3,中毒,10,"{""中毒"": 6, ""低毒"": 2, ""微毒"": 2}"
O=C(O)C1=CC=C(N2N=NC(COC3=CC(C(C)C)=CC=C3C)=C2)C=C1,中毒,1,"{""中毒"": 1}"
O=C(O)C1=CC=C(N2N=NC(COC(C3=O)=CC(C4=C3C=CC=C4)=O)=C2)C=C1,中毒,1,"{""中毒"": 1}"
O=C(/C(S1)=C\C(C2=CC=CC=C23)=CN3CC4=CN(N=N4)C5=CC=CC=C5)NC1=O,中毒,15,"{""中毒"": 3, ""高毒"": 12}"
O=C(/C(S1)=C\C(C2=CC=CC=C23)=CN3CC4=CN(N=N4)C5=C(Cl)C=CC=C5)NC1=O,中毒,15,"{""中毒"": 3, ""高毒"": 12}"
O=C(/C(S1)=C\C(C2=CC=CC=C23)=CN3CC4=CN(N=N4)C5=CC(Cl)=CC=C5)NC1=O,中毒,15,"{""中毒"": 3, ""高毒"": 12}"
O=C(/C(S1)=C\C(C2=CC=CC=C23)=CN3CC4=CN(N=N4)C5=CC=C(Cl)C=C5)NC1=O,高毒,15,"{""中毒"": 3, ""高毒"": 12}"
O=C(/C(S1)=C\C(C2=CC=CC=C23)=CN3CC4=CN(N=N4)C5=C([N+]([O-])=O)C=CC=C5)NC1=O,高毒,15,"{""中毒"": 3, ""高毒"": 12}"
O=C(/C(S1)=C\C(C2=CC=CC=C23)=CN3CC4=CN(N=N4)C5=CC([N+]([O-])=O)=CC=C5)NC1=O,高毒,15,"{""中毒"": 3, ""高毒"": 12}"
O=C(/C(S1)=C\C(C2=CC=CC=C23)=CN3CC4=CN(N=N4)C5=CC=C([N+]([O-])=O)C=C5)NC1=O,高毒,15,"{""中毒"": 3, ""高毒"": 12}"
O=C(/C(S1)=C\C(C2=CC=CC=C23)=CN3CC4=CN(N=N4)C5=C(C)C=CC=C5)NC1=O,高毒,15,"{""中毒"": 3, ""高毒"": 12}"
O=C(/C(S1)=C\C(C2=CC=CC=C23)=CN3CC4=CN(N=N4)C5=C(C)C=CC(C)=C5)NC1=O,高毒,15,"{""中毒"": 3, ""高毒"": 12}"
O=C(/C(S1)=C\C(C2=CC=CC=C23)=CN3CC4=CN(N=N4)C5=CC(C)=C(C)C=C5)NC1=O,高毒,15,"{""中毒"": 3, ""高毒"": 12}"
O=C(/C(S1)=C\C(C2=CC=CC=C23)=CN3CC4=CN(N=N4)C5=CC=C(F)C=C5)NC1=O,高毒,15,"{""中毒"": 3, ""高毒"": 12}"
O=C(/C(S1)=C\C(C2=CC=CC=C23)=CN3CC4=CN(N=N4)C5=CC(C(F)(F)F)=CC=C5)NC1=O,高毒,15,"{""中毒"": 3, ""高毒"": 12}"
O=C(/C(S1)=C\C(C2=CC=CC=C23)=CN3CC4=CN(N=N4)CC5=CC=CC=C5)NC1=O,中毒,1,"{""中毒"": 1}"
O=C(/C(S1)=C\C(C2=CC=CC=C23)=CN3CC4=CN(N=N4)CC(OCC)=O)NC1=O,高毒,1,"{""高毒"": 1}"
O=C(/C(S1)=C\C(C2=CC=CC=C23)=CN3CC4=CN(N=N4)C5=C(F)C=C(F)C(F)=C5)NC1=O,高毒,15,"{""中毒"": 3, ""高毒"": 12}"
O=C(N1)/C(SC1=O)=C\C2=CN(CC3=CN(C4=C(C=C(C=C4Br)Br)Br)N=N3)C5=CC=CC=C25,高毒,15,"{""中毒"": 3, ""高毒"": 12}"
O=C(/C(S1)=C\C(C2=CC=CC=C23)=CN3CC4=CN(N=N4)C5=C(C)C=CC([N+]([O-])=O)=C5)NC1=O,高毒,15,"{""中毒"": 3, ""高毒"": 12}"
O=C1C(/N=N/C2=CC=C(C=C2)OCC3=CN(N=N3)C4=CC=C(C=C4)OC)=C(C(C)=CO1)O,低毒,4,"{""低毒"": 4}"
O=C1C(/N=N/C2=CC=C(C=C2)OCC3=CN(N=N3)C4=CC=CC=C4)=C(C(C)=CO1)O,低毒,4,"{""低毒"": 4}"
O=C1C(/N=N/C2=CC=C(C=C2)OCC3=CN(N=N3)C4=CC(OC)=CC=C4)=C(C(C)=CO1)O,低毒,4,"{""低毒"": 4}"
O=C1C(N=NC2=CC=C(OCC3=CN(C4=CC=C(F)C=C4)N=N3)C=C2)=C(O)C(C)=CO1,低毒,1,"{""低毒"": 1}"
O=C1C(/N=N/C2=CC=C(OCC3=CN(C4=C5C=CC=CC5=CC=C4)N=N3)C=C2)=C(O)C(C)=CO1,低毒,1,"{""低毒"": 1}"
O=C1C(/N=N/C2=CC=C(OCC3=CN(C4=CC=C(Br)C=C4)N=N3)C=C2)=C(O)C(C)=CO1,低毒,4,"{""低毒"": 4}"
OC1=C(/N=N/C2=CC=C(OCC3=CN(C4=CC=C(OC)C=C4)N=N3)C=C2)C=C(OCO5)C5=C1,微毒,8,"{""微毒"": 6, ""中毒"": 1, ""低毒"": 1}"
OC1=C(/N=N/C2=CC=C(OCC3=CN(C4=CC=CC=C4)N=N3)C=C2)C=C(OCO5)C5=C1,中毒,8,"{""微毒"": 6, ""中毒"": 1, ""低毒"": 1}"
OC1=C(C=C2OCOC2=C1)/N=N/C3=CC=C(C=C3)OCC4=CN(N=N4)C5=CC=C(C=C5)OC,微毒,8,"{""微毒"": 6, ""中毒"": 1, ""低毒"": 1}"
OC1=C(/N=N/C2=CC=C(OCC3=CN(C4=CC=C(F)C=C4)N=N3)C=C2)C=C(OCO5)C5=C1,微毒,8,"{""微毒"": 6, ""中毒"": 1, ""低毒"": 1}"
OC1=C(/N=N/C2=CC=C(OCC3=CN(C4=C5C=CC=CC5=CC=C4)N=N3)C=C2)C=C(OCO6)C6=C1,微毒,1,"{""微毒"": 1}"
OC1=C(/N=N/C2=CC=C(OCC3=CN(C4=CC=C([N+]([O-])=O)C=C4)N=N3)C=C2)C=C(OCO5)C5=C1,微毒,8,"{""微毒"": 6, ""中毒"": 1, ""低毒"": 1}"
OC1=C(/N=N/C2=CC=C(OCC3=CN(C4=CC(Cl)=C(F)C=C4)N=N3)C=C2)C=C(OCO5)C5=C1,低毒,8,"{""微毒"": 6, ""中毒"": 1, ""低毒"": 1}"
OC1=C(/N=N/C2=CC=C(OCC3=CN(C4=CC=C(Br)C=C4)N=N3)C=C2)C=C(OCO5)C5=C1,微毒,8,"{""微毒"": 6, ""中毒"": 1, ""低毒"": 1}"
OC1=C(C=C2OCOC2=C1)/N=N/C3=CC=C(C=C3)OCC4=CN(N=N4)C5=CC(OC)=CC=C5,微毒,8,"{""微毒"": 6, ""中毒"": 1, ""低毒"": 1}"
CC(N(N=N1)C2=C(C(C(F)(F)F)=CC(Cl)=C2Cl)C)=C1C3=NN(C4=CC=CC=C4)C=C3C([H])=O,中毒,8,"{""中毒"": 7, ""低毒"": 1}"
[H]C(C1=CN(N=C1C2=C(N(N=N2)C3=C(C(C(F)(F)F)=CC(Cl)=C3Cl)C)C)C4=CC=C(C=C4)Cl)=O,中毒,8,"{""中毒"": 7, ""低毒"": 1}"
[H]C(C1=CN(N=C1C2=C(N(N=N2)C3=C(C(C(F)(F)F)=CC(Cl)=C3Cl)C)C)C4=C(C=C(C=C4)[N+]([O-])=O)[N+]([O-])=O)=O,低毒,8,"{""中毒"": 7, ""低毒"": 1}"
[H]C(C1=CN(N=C1C2=C(N(N=N2)C3=C(C(C(F)(F)F)=CC(Cl)=C3Cl)C)C)C4=C(C=C(C=C4Cl)Cl)Cl)=O,中毒,8,"{""中毒"": 7, ""低毒"": 1}"
ClC1=C(C=C(C(C)=C1N2N=NC(C3=NN(C4=NN=CC5=C4C=CC=C5)C=C3C([H])=O)=C2C)C(F)(F)F)Cl,中毒,2,"{""中毒"": 2}"
[H]C(C1=CN(N=C1C2=C(N(N=N2)C3=C(C(C(F)(F)F)=CC(Cl)=C3Cl)C)C)N4CC=CC5=CC=CC(C(F)(F)F)=C54)=O,中毒,2,"{""中毒"": 2}"
[H]C(C1=CN(N=C1C2=C(N(N=N2)C3=C(C(C(F)(F)F)=CC(Cl)=C3Cl)C)C)C4=CC=C(C=C4)[N+]([O-])=O)=O,中毒,8,"{""中毒"": 7, ""低毒"": 1}"
[H]C1=C(C(N2N=NC(C3=NN(C=C3C([H])=O)C4=CC=CC=C4)=C2C)=C(C(C(F)(F)F)=C1)C)[H],中毒,8,"{""中毒"": 7, ""低毒"": 1}"
[H]C1=C(C(N2N=NC(C3=NN(C=C3C([H])=O)C4=C(C=C(C=C4)[N+]([O-])=O)[N+]([O-])=O)=C2C)=C(C(C(F)(F)F)=C1)C)[H],中毒,8,"{""中毒"": 7, ""低毒"": 1}"
[H]C1=C(C(N2N=NC(C3=NN(C4=NN=CC5=C4C=CC=C5)C=C3C([H])=O)=C2C)=C(C(C(F)(F)F)=C1)C)[H],中毒,2,"{""中毒"": 2}"
[H]C1=C(C(N2N=NC(C3=NN(C=C3C([H])=O)N4CC=CC5=CC=CC(C(F)(F)F)=C54)=C2C)=C(C(C(F)(F)F)=C1)C)[H],中毒,2,"{""中毒"": 2}"
[H]C1=C(C(N2N=NC(C3=NN(C=C3C([H])=O)C4=CC=C(C=C4)[N+]([O-])=O)=C2C)=C(C(C(F)(F)F)=C1)C)[H],中毒,8,"{""中毒"": 7, ""低毒"": 1}"
[H]C1=C([H])C([H])=C(N2C=C(COC3=CC=C(C4=NC5=CC=CC=C5S4)C=C3)N=N2)C=C1,中毒,5,"{""中毒"": 4, ""微毒"": 1}"
[H]C1=C(Cl)C([H])=C(N2C=C(COC3=CC=C(C4=NC5=CC=CC=C5S4)C=C3)N=N2)C=C1,中毒,5,"{""中毒"": 4, ""微毒"": 1}"
[H]C1=C(Cl)C=CC(N2C=C(COC3=CC=C(C4=NC5=CC=CC=C5S4)C=C3)N=N2)=C1[H],微毒,5,"{""中毒"": 4, ""微毒"": 1}"
[H]C1=C(C(Br)=C(C=C1)N2C=C(N=N2)COC3=CC=C(C=C3)C4=NC5=CC=CC=C5S4)[H],中毒,5,"{""中毒"": 4, ""微毒"": 1}"
[H]C1=C(C([H])=C(C=C1)N2C=C(N=N2)COC3=CC=C(C=C3)C4=NC5=CC=CC=C5S4)Br,中毒,5,"{""中毒"": 4, ""微毒"": 1}"
[H]C1=C([H])C([H])=C(CN2C=C(COC3=CC=C(C4=NC5=CC=CC=C5S4)C=C3)N=N2)C=C1,中毒,3,"{""中毒"": 3}"
[H]C1=C(Cl)C([H])=C(CN2C=C(COC3=CC=C(C4=NC5=CC=CC=C5S4)C=C3)N=N2)C=C1,中毒,3,"{""中毒"": 3}"
BrC1=C(C([H])=C(C=C1)CN2C=C(N=N2)COC3=CC=C(C=C3)C4=NC5=CC=CC=C5S4)[H],中毒,3,"{""中毒"": 3}"
[H]C1=C(Cl)C([H])=C(NC(=O)CN2C=C(COC3=CC=C(C4=NC5=CC=CC=C5S4)C=C3)N=N2)C=C1,中毒,1,"{""中毒"": 1}"
COC1=CC(O)=C(C(OC)=C1)C(/C=C/C2=CC=C(C(OC)=C2)OCC3=CN(N=N3)C4=CC=C(C=C4Cl)F)=O,高毒,5,"{""高毒"": 5}"
COC1=CC(OC)=C(C(=O)/C=C/C2=CC=C(OCC3=CN(C4=CC=C(F)C(Cl)=C4)N=N3)C(OC)=C2)C(O)=C1,高毒,5,"{""高毒"": 5}"
COC1=CC(OC)=C(C(=O)/C=C/C2=CC=C(OCC3=CN(C4=CC=C(F)C=C4F)N=N3)C(OC)=C2)C(O)=C1,高毒,5,"{""高毒"": 5}"
COC1=CC(O)=C(C(OC)=C1)C(/C=C/C2=CC=C(C(OC)=C2)OCC3=CN(N=N3)C4=CC=CC=C4Cl)=O,高毒,5,"{""高毒"": 5}"
COC1=CC(O)=C(C(OC)=C1)C(/C=C/C2=CC=C(C(OC)=C2)OCC3=CN(N=N3)C4=CC=C(C=C4)Cl)=O,高毒,5,"{""高毒"": 5}"
COC1=CC(O)=C(C(OC)=C1)C(/C=C/C2=CC=C(C(OCC3=CN(N=N3)C4=CC=C(C=C4Cl)F)=C2)OC)=O,高毒,5,"{""高毒"": 4, ""中毒"": 1}"
COC1=CC(O)=C(C(OC)=C1)C(/C=C/C2=CC=C(C(OCC3=CN(N=N3)C4=CC=C(C(Cl)=C4)F)=C2)OC)=O,高毒,5,"{""高毒"": 4, ""中毒"": 1}"
COC1=CC(OC)=C(C(=O)/C=C/C2=CC=C(OC)C(OCC3=CN(C4=CC=C(F)C=C4F)N=N3)=C2)C(O)=C1,高毒,5,"{""高毒"": 4, ""中毒"": 1}"
COC1=CC(OC)=C(C(O)=C1)C(/C=C/C2=CC=C(C(OCC3=CN(N=N3)C4=CC=CC=C4Cl)=C2)OC)=O,高毒,5,"{""高毒"": 4, ""中毒"": 1}"
COC1=CC(OC)=C(C(=O)/C=C/C2=CC=C(OC)C(OCC3=CN(C4=CC=C(Cl)C=C4)N=N3)=C2)C(O)=C1,中毒,5,"{""高毒"": 4, ""中毒"": 1}"
COC1=CC(OC)=C2C(=O)C=C(C3=CC=C(OCC4=CN(C5=CC=C(F)C=C5Cl)N=N4)C(OC)=C3)OC2=C1,高毒,5,"{""高毒"": 4, ""中毒"": 1}"
COC1=CC(OC)=C2C(=O)C=C(C3=CC=C(OCC4=CN(C5=CC=C(F)C(Cl)=C5)N=N4)C(OC)=C3)OC2=C1,高毒,5,"{""高毒"": 4, ""中毒"": 1}"
COC1=CC(OC)=C2C(=O)C=C(C3=CC=C(OCC4=CN(C5=CC=C(F)C=C5F)N=N4)C(OC)=C3)OC2=C1,高毒,5,"{""高毒"": 4, ""中毒"": 1}"
COC1=CC(OC)=C2C(C=C(OC2=C1)C3=CC=C(C(OC)=C3)OCC4=CN(N=N4)C5=CC=CC=C5Cl)=O,中毒,5,"{""高毒"": 4, ""中毒"": 1}"
COC1=CC(OC)=C2C(C=C(OC2=C1)C3=CC=C(C(OC)=C3)OCC4=CN(N=N4)C5=CC=C(C=C5)Cl)=O,高毒,5,"{""高毒"": 4, ""中毒"": 1}"
[H]C1=C(C=C(C=C1)N2C(SCC(NC3=CC=CC=C3)=O)=NN=C2C4=CC5=CC(Br)=CC=C5O4)[H],高毒,5,"{""高毒"": 5}"
[H]C1=C([H])C=C(N2C(SCC(=O)NC3=CC(C)=C(C)C=C3)=NN=C2C2=CC3=CC(Br)=CC=C3O2)C=C1,高毒,5,"{""高毒"": 5}"
[H]C1=C(C=C(C=C1)N2C(SCC(NC3=CC=C(C=C3)[N+]([O-])=O)=O)=NN=C2C4=CC5=CC(Br)=CC=C5O4)[H],高毒,5,"{""高毒"": 5}"
COC1=CC(NC(=O)CSC2=NN=C(C3=CC4=CC(Br)=CC=C4O3)N2C2=CC(Cl)=C(Cl)C=C2)=C(OC)C=C1,高毒,5,"{""高毒"": 5}"
ClC1=C(C=C(C=C1)NC(CSC2=NN=C(N2C3=CC(Cl)=C(C=C3)Cl)C4=CC5=CC(Br)=CC=C5O4)=O)Cl,高毒,5,"{""高毒"": 5}"
NC1=NC(OCC2=CN(C3=NNC4=NC(C(F)(F)F)=CC=C43)N=N2)=CC(C(F)(F)F)=N1,中毒,7,"{""中毒"": 3, ""高毒"": 4}"
NC1=NC(OCC2=CN(N=N2)C3=NN(C4=NC(C(F)(F)F)=CC=C34)CC)=CC(C(F)(F)F)=N1,中毒,7,"{""中毒"": 3, ""高毒"": 4}"
NC1=NC(OCC2=CN(N=N2)C3=NN(C4=NC(C(F)(F)F)=CC=C34)COC(CC)=O)=CC(C(F)(F)F)=N1,高毒,7,"{""中毒"": 3, ""高毒"": 4}"
NC1=NC(OCC2=CN(N=N2)C3=NN(C4=NC(C(F)(F)F)=CC=C34)CC#C)=CC(C(F)(F)F)=N1,高毒,7,"{""中毒"": 3, ""高毒"": 4}"
NC1=NC(OCC2=CN(N=N2)C3=NN(C4=NC(C(F)(F)F)=CC=C34)CCCCCCCC)=CC(C(F)(F)F)=N1,高毒,7,"{""中毒"": 3, ""高毒"": 4}"
NC1=NC(OCC2=CN(N=N2)C3=NN(C4=NC(C(F)(F)F)=CC=C34)CCCCCCC)=CC(C(F)(F)F)=N1,高毒,7,"{""中毒"": 3, ""高毒"": 4}"
NC1=NC(OCC2=CN(N=N2)C3=NN(C4=NC(C(F)(F)F)=CC=C34)CCC(F)(C(F)(C(F)(C(F)(C(F)(C(F)(C(F)(C(F)(F)F)F)F)F)F)F)F)F)=CC(C(F)(F)F)=N1,中毒,7,"{""中毒"": 3, ""高毒"": 4}"
